#
# There is insufficient memory for the Java Runtime Environment to continue.
# Native memory allocation (malloc) failed to allocate 2996056 bytes. Error detail: Chunk::new
# Possible reasons:
#   The system is out of physical RAM or swap space
#   This process is running with CompressedOops enabled, and the Java Heap may be blocking the growth of the native heap
# Possible solutions:
#   Reduce memory load on the system
#   Increase physical memory or swap space
#   Check if swap backing store is full
#   Decrease Java heap size (-Xmx/-Xms)
#   Decrease number of Java threads
#   Decrease Java thread stack sizes (-Xss)
#   Set larger code cache with -XX:ReservedCodeCacheSize=
#   JVM is running with Unscaled Compressed Oops mode in which the Java heap is
#     placed in the first 4GB address space. The Java Heap base address is the
#     maximum limit for the native heap growth. Please use -XX:HeapBaseMinAddress
#     to set the Java Heap base and to place the Java Heap above 4GB virtual address.
# This output file may be truncated or incomplete.
#
#  Out of Memory Error (arena.cpp:186), pid=18016, tid=16852
#
# JRE version: OpenJDK Runtime Environment Temurin-25.0.4+7 (25.0.4+7) (build 25.0.4+7-LTS)
# Java VM: OpenJDK 64-Bit Server VM Temurin-25.0.4+7 (25.0.4+7-LTS, mixed mode, sharing, tiered, compressed oops, compressed class ptrs, g1 gc, windows-amd64)
# No core dump will be written. Minidumps are not enabled by default on client versions of Windows
#

---------------  S U M M A R Y ------------

Command Line: --add-opens=java.base/java.lang=ALL-UNNAMED --add-opens=java.base/java.lang.invoke=ALL-UNNAMED --add-opens=java.base/java.util=ALL-UNNAMED --add-opens=java.prefs/java.util.prefs=ALL-UNNAMED --add-exports=jdk.compiler/com.sun.tools.javac.api=ALL-UNNAMED --add-exports=jdk.compiler/com.sun.tools.javac.util=ALL-UNNAMED --add-opens=java.base/java.util=ALL-UNNAMED --add-opens=java.prefs/java.util.prefs=ALL-UNNAMED --add-opens=java.base/java.nio.charset=ALL-UNNAMED --add-opens=java.base/java.net=ALL-UNNAMED --add-opens=java.base/java.util.concurrent=ALL-UNNAMED --add-opens=java.base/java.util.concurrent.atomic=ALL-UNNAMED --add-opens=java.xml/javax.xml.namespace=ALL-UNNAMED --add-opens=java.base/java.time=ALL-UNNAMED --enable-native-access=ALL-UNNAMED -XX:MaxMetaspaceSize=512m -Xmx2048m -Dfile.encoding=UTF-8 -Duser.country=US -Duser.language=en -Duser.variant -javaagent:C:\Users\blajo\.gradle\wrapper\dists\gradle-9.3.1-bin\23ovyewtku6u96viwx3xl3oks\gradle-9.3.1\lib\agents\gradle-instrumentation-agent-9.3.1.jar org.gradle.launcher.daemon.bootstrap.GradleDaemon 9.3.1

Host: AMD Ryzen 7 7730U with Radeon Graphics         , 16 cores, 5G,  Windows 11 , 64 bit Build 26100 (10.0.26100.9168)
Time: Thu Aug 13 21:39:41 2026 Central America Standard Time elapsed time: 122.736742 seconds (0d 0h 2m 2s)

---------------  T H R E A D  ---------------

Current thread (0x000001d5f9a1e820):  JavaThread "C2 CompilerThread0" daemon [_thread_in_native, id=16852, stack(0x0000003b51600000,0x0000003b51700000) (1024K)]


Current CompileTask:
C2:122738 15699   !   4       java.io.BufferedReader::readLine (331 bytes)

Stack: [0x0000003b51600000,0x0000003b51700000]
Native frames: (J=compiled Java code, j=interpreted, Vv=VM code, C=native code)
V  [jvm.dll+0x7aba79]  (no source info available)
V  [jvm.dll+0x775a3d]  (no source info available)
V  [jvm.dll+0x9fb9ed]  (no source info available)
V  [jvm.dll+0x9fdfe1]  (no source info available)
V  [jvm.dll+0x9fe6f3]  (no source info available)
V  [jvm.dll+0x2fdb36]  (no source info available)
V  [jvm.dll+0x111936]  (no source info available)
V  [jvm.dll+0x111c5e]  (no source info available)
V  [jvm.dll+0x1a08d2]  (no source info available)
V  [jvm.dll+0x3b7292]  (no source info available)
V  [jvm.dll+0x7b13fc]  (no source info available)
V  [jvm.dll+0x2c0ef7]  (no source info available)
V  [jvm.dll+0x2bfebf]  (no source info available)
V  [jvm.dll+0x237a30]  (no source info available)
V  [jvm.dll+0x2cffb6]  (no source info available)
V  [jvm.dll+0x2ce23a]  (no source info available)
V  [jvm.dll+0x49131e]  (no source info available)
V  [jvm.dll+0x99cb1d]  (no source info available)
V  [jvm.dll+0x7aa025]  (no source info available)
C  [ucrtbase.dll+0x2cd30]  (no source info available)
C  [KERNEL32.DLL+0x2ccb7]  (no source info available)
C  [ntdll.dll+0xaad6c]  (no source info available)

Lock stack of current Java thread (top to bottom):


---------------  P R O C E S S  ---------------

Threads class SMR info:
_java_thread_list=0x000001d591fb2510, length=50, elements={
0x000001d5eb391af0, 0x000001d5f99ff2d0, 0x000001d5f99ffa90, 0x000001d5f9a03a70,
0x000001d5f9a08770, 0x000001d5f9a10630, 0x000001d5f9a11610, 0x000001d5f9a1e820,
0x000001d5f9a224f0, 0x000001d5f9a14cc0, 0x000001d5f9a11de0, 0x000001d58f1cd880,
0x000001d58f1cb170, 0x000001d58f1cb940, 0x000001d58f1ca1d0, 0x000001d58f1d0760,
0x000001d58f1d1700, 0x000001d58f1ce050, 0x000001d58f4075b0, 0x000001d58f4046d0,
0x000001d58f406de0, 0x000001d58f4d0d90, 0x000001d58f4d34a0, 0x000001d58f4d05c0,
0x000001d58f4d5bb0, 0x000001d58f4d6380, 0x000001d58f4d3c70, 0x000001d58f4d53e0,
0x000001d591442240, 0x000001d591440300, 0x000001d5914412a0, 0x000001d5914431e0,
0x000001d5914439b0, 0x000001d591444950, 0x000001d591445120, 0x000001d591a20210,
0x000001d591a1eaa0, 0x000001d591a230f0, 0x000001d59075d5e0, 0x000001d59075ddb0,
0x000001d59075fcf0, 0x000001d590760c90, 0x000001d590761460, 0x000001d5907633a0,
0x000001d590764340, 0x000001d58feb8c30, 0x000001d58feba3a0, 0x000001d58feb7c90,
0x000001d5910104a0, 0x000001d591be4a10
}

Java Threads: ( => current thread )
  0x000001d5eb391af0 JavaThread "main"                              [_thread_blocked, id=20328, stack(0x0000003b50800000,0x0000003b50900000) (1024K)]
  0x000001d5f99ff2d0 JavaThread "Reference Handler"          daemon [_thread_blocked, id=21208, stack(0x0000003b51000000,0x0000003b51100000) (1024K)]
  0x000001d5f99ffa90 JavaThread "Finalizer"                  daemon [_thread_blocked, id=1584, stack(0x0000003b51100000,0x0000003b51200000) (1024K)]
  0x000001d5f9a03a70 JavaThread "Signal Dispatcher"          daemon [_thread_blocked, id=25216, stack(0x0000003b51200000,0x0000003b51300000) (1024K)]
  0x000001d5f9a08770 JavaThread "Attach Listener"            daemon [_thread_blocked, id=23720, stack(0x0000003b51300000,0x0000003b51400000) (1024K)]
  0x000001d5f9a10630 JavaThread "Service Thread"             daemon [_thread_blocked, id=8648, stack(0x0000003b51400000,0x0000003b51500000) (1024K)]
  0x000001d5f9a11610 JavaThread "Monitor Deflation Thread"   daemon [_thread_blocked, id=12452, stack(0x0000003b51500000,0x0000003b51600000) (1024K)]
=>0x000001d5f9a1e820 JavaThread "C2 CompilerThread0"         daemon [_thread_in_native, id=16852, stack(0x0000003b51600000,0x0000003b51700000) (1024K)]
  0x000001d5f9a224f0 JavaThread "C1 CompilerThread0"         daemon [_thread_blocked, id=16356, stack(0x0000003b51700000,0x0000003b51800000) (1024K)]
  0x000001d5f9a14cc0 JavaThread "Common-Cleaner"             daemon [_thread_blocked, id=20532, stack(0x0000003b51800000,0x0000003b51900000) (1024K)]
  0x000001d5f9a11de0 JavaThread "Notification Thread"        daemon [_thread_blocked, id=19156, stack(0x0000003b51900000,0x0000003b51a00000) (1024K)]
  0x000001d58f1cd880 JavaThread "Daemon health stats"               [_thread_blocked, id=23852, stack(0x0000003b51c00000,0x0000003b51d00000) (1024K)]
  0x000001d58f1cb170 JavaThread "Incoming local TCP Connector on port 55702"        [_thread_in_native, id=23004, stack(0x0000003b51d00000,0x0000003b51e00000) (1024K)]
  0x000001d58f1cb940 JavaThread "Daemon periodic checks"            [_thread_blocked, id=8768, stack(0x0000003b51e00000,0x0000003b51f00000) (1024K)]
  0x000001d58f1ca1d0 JavaThread "Daemon"                            [_thread_blocked, id=22944, stack(0x0000003b51f00000,0x0000003b52000000) (1024K)]
  0x000001d58f1d0760 JavaThread "Handler for socket connection from /127.0.0.1:55702 to /127.0.0.1:55703"        [_thread_in_native, id=23260, stack(0x0000003b52000000,0x0000003b52100000) (1024K)]
  0x000001d58f1d1700 JavaThread "Cancel handler"                    [_thread_blocked, id=23548, stack(0x0000003b52100000,0x0000003b52200000) (1024K)]
  0x000001d58f1ce050 JavaThread "Daemon worker"                     [_thread_in_vm, id=21216, stack(0x0000003b52200000,0x0000003b52300000) (1024K)]
  0x000001d58f4075b0 JavaThread "Asynchronous log dispatcher for DefaultDaemonConnection: socket connection from /127.0.0.1:55702 to /127.0.0.1:55703"        [_thread_blocked, id=13276, stack(0x0000003b52e00000,0x0000003b52f00000) (1024K)]
  0x000001d58f4046d0 JavaThread "Stdin handler"                     [_thread_blocked, id=22756, stack(0x0000003b52f00000,0x0000003b53000000) (1024K)]
  0x000001d58f406de0 JavaThread "Daemon client event forwarder"        [_thread_blocked, id=24144, stack(0x0000003b53000000,0x0000003b53100000) (1024K)]
  0x000001d58f4d0d90 JavaThread "Cache worker for journal cache (C:\Users\blajo\.gradle\caches\journal-1)"        [_thread_blocked, id=19220, stack(0x0000003b53100000,0x0000003b53200000) (1024K)]
  0x000001d58f4d34a0 JavaThread "File lock request listener"        [_thread_in_native, id=21908, stack(0x0000003b53200000,0x0000003b53300000) (1024K)]
  0x000001d58f4d05c0 JavaThread "Cache worker for file hash cache (C:\Users\blajo\.gradle\caches\9.3.1\fileHashes)"        [_thread_blocked, id=24152, stack(0x0000003b53300000,0x0000003b53400000) (1024K)]
  0x000001d58f4d5bb0 JavaThread "Cache worker for file hash cache (C:\Users\blajo\Documents\Platform\Platform506\Learning\ess\android\.gradle\9.3.1\fileHashes)"        [_thread_blocked, id=20492, stack(0x0000003b53600000,0x0000003b53700000) (1024K)]
  0x000001d58f4d6380 JavaThread "Cache worker for Build Output Cleanup Cache (C:\Users\blajo\Documents\Platform\Platform506\Learning\ess\android\.gradle\buildOutputCleanup)"        [_thread_blocked, id=19696, stack(0x0000003b53700000,0x0000003b53800000) (1024K)]
  0x000001d58f4d3c70 JavaThread "File watcher server"        daemon [_thread_in_native, id=25652, stack(0x0000003b53800000,0x0000003b53900000) (1024K)]
  0x000001d58f4d53e0 JavaThread "File watcher consumer"      daemon [_thread_blocked, id=7916, stack(0x0000003b53900000,0x0000003b53a00000) (1024K)]
  0x000001d591442240 JavaThread "jar transforms"                    [_thread_blocked, id=20840, stack(0x0000003b53a00000,0x0000003b53b00000) (1024K)]
  0x000001d591440300 JavaThread "jar transforms Thread 2"           [_thread_blocked, id=3268, stack(0x0000003b53b00000,0x0000003b53c00000) (1024K)]
  0x000001d5914412a0 JavaThread "jar transforms Thread 3"           [_thread_blocked, id=23560, stack(0x0000003b53c00000,0x0000003b53d00000) (1024K)]
  0x000001d5914431e0 JavaThread "Cache worker for checksums cache (C:\Users\blajo\Documents\Platform\Platform506\Learning\ess\android\.gradle\9.3.1\checksums)"        [_thread_blocked, id=5352, stack(0x0000003b53d00000,0x0000003b53e00000) (1024K)]
  0x000001d5914439b0 JavaThread "Cache worker for file content cache (C:\Users\blajo\.gradle\caches\9.3.1\fileContent)"        [_thread_blocked, id=6528, stack(0x0000003b53e00000,0x0000003b53f00000) (1024K)]
  0x000001d591444950 JavaThread "Cache worker for cache directory md-supplier (C:\Users\blajo\.gradle\caches\9.3.1\md-supplier)"        [_thread_blocked, id=18824, stack(0x0000003b53f00000,0x0000003b54000000) (1024K)]
  0x000001d591445120 JavaThread "Cache worker for cache directory md-rule (C:\Users\blajo\.gradle\caches\9.3.1\md-rule)"        [_thread_blocked, id=25416, stack(0x0000003b54000000,0x0000003b54100000) (1024K)]
  0x000001d591a20210 JavaThread "jar transforms Thread 4"           [_thread_blocked, id=7748, stack(0x0000003b54100000,0x0000003b54200000) (1024K)]
  0x000001d591a1eaa0 JavaThread "jar transforms Thread 5"           [_thread_blocked, id=24300, stack(0x0000003b54200000,0x0000003b54300000) (1024K)]
  0x000001d591a230f0 JavaThread "jar transforms Thread 6"           [_thread_blocked, id=22948, stack(0x0000003b54600000,0x0000003b54700000) (1024K)]
  0x000001d59075d5e0 JavaThread "jar transforms Thread 7"           [_thread_blocked, id=22544, stack(0x0000003b54700000,0x0000003b54800000) (1024K)]
  0x000001d59075ddb0 JavaThread "jar transforms Thread 8"           [_thread_blocked, id=24880, stack(0x0000003b54800000,0x0000003b54900000) (1024K)]
  0x000001d59075fcf0 JavaThread "jar transforms Thread 9"           [_thread_blocked, id=1680, stack(0x0000003b54900000,0x0000003b54a00000) (1024K)]
  0x000001d590760c90 JavaThread "jar transforms Thread 10"          [_thread_blocked, id=18300, stack(0x0000003b54a00000,0x0000003b54b00000) (1024K)]
  0x000001d590761460 JavaThread "jar transforms Thread 11"          [_thread_blocked, id=6284, stack(0x0000003b54b00000,0x0000003b54c00000) (1024K)]
  0x000001d5907633a0 JavaThread "jar transforms Thread 12"          [_thread_blocked, id=23420, stack(0x0000003b54c00000,0x0000003b54d00000) (1024K)]
  0x000001d590764340 JavaThread "jar transforms Thread 13"          [_thread_blocked, id=19508, stack(0x0000003b54d00000,0x0000003b54e00000) (1024K)]
  0x000001d58feb8c30 JavaThread "jar transforms Thread 14"          [_thread_blocked, id=15892, stack(0x0000003b54e00000,0x0000003b54f00000) (1024K)]
  0x000001d58feba3a0 JavaThread "jar transforms Thread 15"          [_thread_blocked, id=6124, stack(0x0000003b54f00000,0x0000003b55000000) (1024K)]
  0x000001d58feb7c90 JavaThread "jar transforms Thread 16"          [_thread_blocked, id=16708, stack(0x0000003b55000000,0x0000003b55100000) (1024K)]
  0x000001d5910104a0 JavaThread "Cache worker for Build Output Cleanup Cache (C:\Users\blajo\Documents\Platform\Platform506\Learning\ess\node_modules\@react-native\gradle-plugin\.gradle\buildOutputCleanup)"        [_thread_blocked, id=11052, stack(0x0000003b54300000,0x0000003b54400000) (1024K)]
  0x000001d591be4a10 JavaThread "C2 CompilerThread1"         daemon [_thread_blocked, id=19088, stack(0x0000003b50600000,0x0000003b50700000) (1024K)]
Total: 50

Other Threads:
  0x000001d5f99efa60 VMThread "VM Thread"                           [id=20036, stack(0x0000003b50f00000,0x0000003b51000000) (1024K)]
  0x000001d5f98bdfb0 WatcherThread "VM Periodic Task Thread"        [id=22776, stack(0x0000003b50e00000,0x0000003b50f00000) (1024K)]
  0x000001d5eb3f3db0 WorkerThread "GC Thread#0"                     [id=21516, stack(0x0000003b50900000,0x0000003b50a00000) (1024K)]
  0x000001d5ff58cad0 WorkerThread "GC Thread#1"                     [id=7232, stack(0x0000003b51b00000,0x0000003b51c00000) (1024K)]
  0x000001d58f20f980 WorkerThread "GC Thread#2"                     [id=25916, stack(0x0000003b52300000,0x0000003b52400000) (1024K)]
  0x000001d58f210f10 WorkerThread "GC Thread#3"                     [id=21672, stack(0x0000003b52400000,0x0000003b52500000) (1024K)]
  0x000001d58f210670 WorkerThread "GC Thread#4"                     [id=25668, stack(0x0000003b52500000,0x0000003b52600000) (1024K)]
  0x000001d58f20fdd0 WorkerThread "GC Thread#5"                     [id=25432, stack(0x0000003b52600000,0x0000003b52700000) (1024K)]
  0x000001d58f210ac0 WorkerThread "GC Thread#6"                     [id=7552, stack(0x0000003b52700000,0x0000003b52800000) (1024K)]
  0x000001d58f211360 WorkerThread "GC Thread#7"                     [id=19996, stack(0x0000003b52800000,0x0000003b52900000) (1024K)]
  0x000001d58f2117b0 WorkerThread "GC Thread#8"                     [id=22632, stack(0x0000003b52900000,0x0000003b52a00000) (1024K)]
  0x000001d58f211c00 WorkerThread "GC Thread#9"                     [id=13576, stack(0x0000003b52a00000,0x0000003b52b00000) (1024K)]
  0x000001d58f20e3f0 WorkerThread "GC Thread#10"                    [id=10960, stack(0x0000003b52b00000,0x0000003b52c00000) (1024K)]
  0x000001d58f20e840 WorkerThread "GC Thread#11"                    [id=22612, stack(0x0000003b52c00000,0x0000003b52d00000) (1024K)]
  0x000001d58f20ec90 WorkerThread "GC Thread#12"                    [id=10772, stack(0x0000003b52d00000,0x0000003b52e00000) (1024K)]
  0x000001d5eb40ed90 ConcurrentGCThread "G1 Main Marker"            [id=7892, stack(0x0000003b50a00000,0x0000003b50b00000) (1024K)]
  0x000001d5eb410620 WorkerThread "G1 Conc#0"                       [id=7416, stack(0x0000003b50b00000,0x0000003b50c00000) (1024K)]
  0x000001d59073b620 WorkerThread "G1 Conc#1"                       [id=23812, stack(0x0000003b53400000,0x0000003b53500000) (1024K)]
  0x000001d59073bec0 WorkerThread "G1 Conc#2"                       [id=2868, stack(0x0000003b53500000,0x0000003b53600000) (1024K)]
  0x000001d5f98b2810 ConcurrentGCThread "G1 Refine#0"               [id=23088, stack(0x0000003b50c00000,0x0000003b50d00000) (1024K)]
  0x000001d5f98b4c50 ConcurrentGCThread "G1 Service"                [id=6592, stack(0x0000003b50d00000,0x0000003b50e00000) (1024K)]
Total: 21

Threads with active compile tasks:
C2 CompilerThread0  123559 15699   !   4       java.io.BufferedReader::readLine (331 bytes)
Total: 1

VM state: not at safepoint (normal execution)

VM Mutex/Monitor currently owned by a thread: None

Heap address: 0x0000000080000000, size: 2048 MB, Compressed Oops mode: 32-bit

CDS archive(s) mapped at: [0x0000000049000000-0x0000000049db0000-0x0000000049db0000), size 14352384, SharedBaseAddress: 0x0000000049000000, ArchiveRelocationMode: 1.
Compressed class space mapped at: 0x000000004a000000-0x0000000064000000, reserved size: 436207616
UseCompressedClassPointers 1, UseCompactObjectHeaders 0
Narrow klass pointer bits 32, Max shift 3
Narrow klass base: 0x0000000049000000, Narrow klass shift: 0
Encoding Range: [0x0000000049000000 - 0x0000000149000000), (4294967296 bytes)
Klass Range:    [0x0000000049010000 - 0x0000000064000000), (452919296 bytes)
Klass ID Range:  [65536 - 452984825) (452919289)
Protection zone: [0x0000000049000000 - 0x0000000049010000), (65536 bytes)

GC Precious Log:
 CardTable entry size: 512
 Card Set container configuration: InlinePtr #cards 5 size 8 Array Of Cards #cards 10 size 36 Howl #buckets 4 coarsen threshold 1843 Howl Bitmap #cards 512 size 80 coarsen threshold 460 Card regions per heap region 1 cards per card region 2048
 CPUs: 16 total, 16 available
 Memory: 5981M
 Large Page Support: Disabled
 NUMA Support: Disabled
 Compressed Oops: Enabled (32-bit)
 Heap Region Size: 1M
 Heap Min Capacity: 8M
 Heap Initial Capacity: 94M
 Heap Max Capacity: 2G
 Pre-touch: Disabled
 Parallel Workers: 13
 Concurrent Workers: 3
 Concurrent Refinement Workers: 13
 Periodic GC: Disabled

Heap:
 garbage-first heap   total reserved 2097152K, committed 476160K, used 203612K [0x0000000080000000, 0x0000000100000000)
  region size 1024K, 61 young (62464K), 10 survivors (10240K)

Heap Regions: E=young(eden), S=young(survivor), O=old, HS=humongous(starts), HC=humongous(continues), CS=collection set, F=free, TAMS=top-at-mark-start, PB=parsable bottom
|   0|0x0000000080000000, 0x0000000080100000, 0x0000000080100000|100%|HS|  |TAMS 0x0000000080000000| PB 0x0000000080000000| Complete |  0
|   1|0x0000000080100000, 0x0000000080200000, 0x0000000080200000|100%|HC|  |TAMS 0x0000000080100000| PB 0x0000000080100000| Complete |  0
|   2|0x0000000080200000, 0x0000000080300000, 0x0000000080300000|100%|HC|  |TAMS 0x0000000080200000| PB 0x0000000080200000| Complete |  0
|   3|0x0000000080300000, 0x0000000080400000, 0x0000000080400000|100%|HC|  |TAMS 0x0000000080300000| PB 0x0000000080300000| Complete |  0
|   4|0x0000000080400000, 0x0000000080500000, 0x0000000080500000|100%| O|  |TAMS 0x0000000080400000| PB 0x0000000080400000| Untracked |  0
|   5|0x0000000080500000, 0x0000000080600000, 0x0000000080600000|100%| O|  |TAMS 0x0000000080500000| PB 0x0000000080500000| Untracked |  0
|   6|0x0000000080600000, 0x0000000080700000, 0x0000000080700000|100%| O|  |TAMS 0x0000000080600000| PB 0x0000000080600000| Untracked |  0
|   7|0x0000000080700000, 0x0000000080800000, 0x0000000080800000|100%| O|  |TAMS 0x0000000080700000| PB 0x0000000080700000| Untracked |  0
|   8|0x0000000080800000, 0x0000000080900000, 0x0000000080900000|100%| O|  |TAMS 0x0000000080800000| PB 0x0000000080800000| Untracked |  0
|   9|0x0000000080900000, 0x0000000080a00000, 0x0000000080a00000|100%| O|  |TAMS 0x0000000080900000| PB 0x0000000080900000| Untracked |  0
|  10|0x0000000080a00000, 0x0000000080b00000, 0x0000000080b00000|100%| O|  |TAMS 0x0000000080a00000| PB 0x0000000080a00000| Untracked |  0
|  11|0x0000000080b00000, 0x0000000080c00000, 0x0000000080c00000|100%| O|  |TAMS 0x0000000080b00000| PB 0x0000000080b00000| Untracked |  0
|  12|0x0000000080c00000, 0x0000000080d00000, 0x0000000080d00000|100%|HS|  |TAMS 0x0000000080c00000| PB 0x0000000080c00000| Complete |  0
|  13|0x0000000080d00000, 0x0000000080e00000, 0x0000000080e00000|100%| O|  |TAMS 0x0000000080d00000| PB 0x0000000080d00000| Untracked |  0
|  14|0x0000000080e00000, 0x0000000080f00000, 0x0000000080f00000|100%| O|  |TAMS 0x0000000080e00000| PB 0x0000000080e00000| Untracked |  0
|  15|0x0000000080f00000, 0x0000000081000000, 0x0000000081000000|100%| O|  |TAMS 0x0000000080f00000| PB 0x0000000080f00000| Untracked |  0
|  16|0x0000000081000000, 0x0000000081100000, 0x0000000081100000|100%| O|  |TAMS 0x0000000081000000| PB 0x0000000081000000| Untracked |  0
|  17|0x0000000081100000, 0x0000000081200000, 0x0000000081200000|100%| O|  |TAMS 0x0000000081100000| PB 0x0000000081100000| Untracked |  0
|  18|0x0000000081200000, 0x0000000081300000, 0x0000000081300000|100%| O|  |TAMS 0x0000000081200000| PB 0x0000000081200000| Untracked |  0
|  19|0x0000000081300000, 0x0000000081400000, 0x0000000081400000|100%| O|  |TAMS 0x0000000081300000| PB 0x0000000081300000| Untracked |  0
|  20|0x0000000081400000, 0x0000000081500000, 0x0000000081500000|100%| O|  |TAMS 0x0000000081400000| PB 0x0000000081400000| Untracked |  0
|  21|0x0000000081500000, 0x0000000081600000, 0x0000000081600000|100%| O|  |TAMS 0x0000000081500000| PB 0x0000000081500000| Untracked |  0
|  22|0x0000000081600000, 0x0000000081700000, 0x0000000081700000|100%| O|  |TAMS 0x0000000081600000| PB 0x0000000081600000| Untracked |  0
|  23|0x0000000081700000, 0x0000000081800000, 0x0000000081800000|100%| O|  |TAMS 0x0000000081700000| PB 0x0000000081700000| Untracked |  0
|  24|0x0000000081800000, 0x0000000081900000, 0x0000000081900000|100%| O|  |TAMS 0x0000000081800000| PB 0x0000000081800000| Untracked |  0
|  25|0x0000000081900000, 0x0000000081a00000, 0x0000000081a00000|100%| O|  |TAMS 0x0000000081900000| PB 0x0000000081900000| Untracked |  0
|  26|0x0000000081a00000, 0x0000000081b00000, 0x0000000081b00000|100%| O|  |TAMS 0x0000000081a00000| PB 0x0000000081a00000| Untracked |  0
|  27|0x0000000081b00000, 0x0000000081c00000, 0x0000000081c00000|100%| O|  |TAMS 0x0000000081b00000| PB 0x0000000081b00000| Untracked |  0
|  28|0x0000000081c00000, 0x0000000081d00000, 0x0000000081d00000|100%| O|  |TAMS 0x0000000081c00000| PB 0x0000000081c00000| Untracked |  0
|  29|0x0000000081d00000, 0x0000000081e00000, 0x0000000081e00000|100%| O|  |TAMS 0x0000000081d00000| PB 0x0000000081d00000| Untracked |  0
|  30|0x0000000081e00000, 0x0000000081f00000, 0x0000000081f00000|100%| O|  |TAMS 0x0000000081e00000| PB 0x0000000081e00000| Untracked |  0
|  31|0x0000000081f00000, 0x0000000082000000, 0x0000000082000000|100%| O|  |TAMS 0x0000000081f00000| PB 0x0000000081f00000| Untracked |  0
|  32|0x0000000082000000, 0x0000000082100000, 0x0000000082100000|100%| O|  |TAMS 0x0000000082000000| PB 0x0000000082000000| Untracked |  0
|  33|0x0000000082100000, 0x0000000082200000, 0x0000000082200000|100%| O|  |TAMS 0x0000000082100000| PB 0x0000000082100000| Untracked |  0
|  34|0x0000000082200000, 0x0000000082300000, 0x0000000082300000|100%| O|  |TAMS 0x0000000082200000| PB 0x0000000082200000| Untracked |  0
|  35|0x0000000082300000, 0x0000000082400000, 0x0000000082400000|100%| O|  |TAMS 0x0000000082300000| PB 0x0000000082300000| Untracked |  0
|  36|0x0000000082400000, 0x0000000082500000, 0x0000000082500000|100%| O|  |TAMS 0x0000000082400000| PB 0x0000000082400000| Untracked |  0
|  37|0x0000000082500000, 0x0000000082600000, 0x0000000082600000|100%| O|  |TAMS 0x0000000082500000| PB 0x0000000082500000| Untracked |  0
|  38|0x0000000082600000, 0x0000000082700000, 0x0000000082700000|100%| O|  |TAMS 0x0000000082600000| PB 0x0000000082600000| Untracked |  0
|  39|0x0000000082700000, 0x0000000082800000, 0x0000000082800000|100%| O|  |TAMS 0x0000000082700000| PB 0x0000000082700000| Untracked |  0
|  40|0x0000000082800000, 0x0000000082900000, 0x0000000082900000|100%| O|  |TAMS 0x0000000082800000| PB 0x0000000082800000| Untracked |  0
|  41|0x0000000082900000, 0x0000000082a00000, 0x0000000082a00000|100%| O|  |TAMS 0x0000000082900000| PB 0x0000000082900000| Untracked |  0
|  42|0x0000000082a00000, 0x0000000082b00000, 0x0000000082b00000|100%| O|  |TAMS 0x0000000082a00000| PB 0x0000000082a00000| Untracked |  0
|  43|0x0000000082b00000, 0x0000000082c00000, 0x0000000082c00000|100%| O|  |TAMS 0x0000000082b00000| PB 0x0000000082b00000| Untracked |  0
|  44|0x0000000082c00000, 0x0000000082d00000, 0x0000000082d00000|100%| O|  |TAMS 0x0000000082c00000| PB 0x0000000082c00000| Untracked |  0
|  45|0x0000000082d00000, 0x0000000082e00000, 0x0000000082e00000|100%| O|  |TAMS 0x0000000082d00000| PB 0x0000000082d00000| Untracked |  0
|  46|0x0000000082e00000, 0x0000000082f00000, 0x0000000082f00000|100%|HS|  |TAMS 0x0000000082e00000| PB 0x0000000082e00000| Complete |  0
|  47|0x0000000082f00000, 0x0000000083000000, 0x0000000083000000|100%| O|  |TAMS 0x0000000082f00000| PB 0x0000000082f00000| Untracked |  0
|  48|0x0000000083000000, 0x0000000083100000, 0x0000000083100000|100%| O|  |TAMS 0x0000000083000000| PB 0x0000000083000000| Untracked |  0
|  49|0x0000000083100000, 0x0000000083200000, 0x0000000083200000|100%| O|  |TAMS 0x0000000083100000| PB 0x0000000083100000| Untracked |  0
|  50|0x0000000083200000, 0x0000000083300000, 0x0000000083300000|100%| O|  |TAMS 0x0000000083200000| PB 0x0000000083200000| Untracked |  0
|  51|0x0000000083300000, 0x0000000083400000, 0x0000000083400000|100%| O|  |TAMS 0x0000000083300000| PB 0x0000000083300000| Untracked |  0
|  52|0x0000000083400000, 0x0000000083500000, 0x0000000083500000|100%| O|  |TAMS 0x0000000083400000| PB 0x0000000083400000| Untracked |  0
|  53|0x0000000083500000, 0x0000000083600000, 0x0000000083600000|100%| O|  |TAMS 0x0000000083500000| PB 0x0000000083500000| Untracked |  0
|  54|0x0000000083600000, 0x0000000083700000, 0x0000000083700000|100%| O|  |TAMS 0x0000000083600000| PB 0x0000000083600000| Untracked |  0
|  55|0x0000000083700000, 0x0000000083800000, 0x0000000083800000|100%| O|  |TAMS 0x0000000083700000| PB 0x0000000083700000| Untracked |  0
|  56|0x0000000083800000, 0x0000000083900000, 0x0000000083900000|100%| O|  |TAMS 0x0000000083800000| PB 0x0000000083800000| Untracked |  0
|  57|0x0000000083900000, 0x0000000083a00000, 0x0000000083a00000|100%| O|  |TAMS 0x0000000083900000| PB 0x0000000083900000| Untracked |  0
|  58|0x0000000083a00000, 0x0000000083b00000, 0x0000000083b00000|100%| O|  |TAMS 0x0000000083a00000| PB 0x0000000083a00000| Untracked |  0
|  59|0x0000000083b00000, 0x0000000083b59540, 0x0000000083c00000| 34%| O|Cm|TAMS 0x0000000083b00000| PB 0x0000000083b00000| Complete |  0
|  60|0x0000000083c00000, 0x0000000083d00000, 0x0000000083d00000|100%| O|Cm|TAMS 0x0000000083c00000| PB 0x0000000083c00000| Complete |  0
|  61|0x0000000083d00000, 0x0000000083e00000, 0x0000000083e00000|100%| O|Cm|TAMS 0x0000000083d00000| PB 0x0000000083d00000| Complete |  0
|  62|0x0000000083e00000, 0x0000000083f00000, 0x0000000083f00000|100%| O|  |TAMS 0x0000000083e00000| PB 0x0000000083e00000| Untracked |  0
|  63|0x0000000083f00000, 0x0000000084000000, 0x0000000084000000|100%| O|Cm|TAMS 0x0000000083f00000| PB 0x0000000083f00000| Complete |  0
|  64|0x0000000084000000, 0x0000000084100000, 0x0000000084100000|100%| O|Cm|TAMS 0x0000000084000000| PB 0x0000000084000000| Complete |  0
|  65|0x0000000084100000, 0x0000000084200000, 0x0000000084200000|100%| O|Cm|TAMS 0x0000000084100000| PB 0x0000000084100000| Complete |  0
|  66|0x0000000084200000, 0x0000000084300000, 0x0000000084300000|100%| O|Cm|TAMS 0x0000000084200000| PB 0x0000000084200000| Complete |  0
|  67|0x0000000084300000, 0x0000000084400000, 0x0000000084400000|100%| O|Cm|TAMS 0x0000000084300000| PB 0x0000000084300000| Complete |  0
|  68|0x0000000084400000, 0x0000000084500000, 0x0000000084500000|100%| O|Cm|TAMS 0x0000000084400000| PB 0x0000000084400000| Complete |  0
|  69|0x0000000084500000, 0x0000000084600000, 0x0000000084600000|100%| O|Cm|TAMS 0x0000000084500000| PB 0x0000000084500000| Complete |  0
|  70|0x0000000084600000, 0x0000000084700000, 0x0000000084700000|100%| O|Cm|TAMS 0x0000000084600000| PB 0x0000000084600000| Complete |  0
|  71|0x0000000084700000, 0x0000000084700000, 0x0000000084800000|  0%| F|  |TAMS 0x0000000084700000| PB 0x0000000084700000| Untracked |  0
|  72|0x0000000084800000, 0x0000000084900000, 0x0000000084900000|100%| O|Cm|TAMS 0x0000000084800000| PB 0x0000000084800000| Complete |  0
|  73|0x0000000084900000, 0x0000000084a00000, 0x0000000084a00000|100%| O|Cm|TAMS 0x0000000084900000| PB 0x0000000084900000| Complete |  0
|  74|0x0000000084a00000, 0x0000000084b00000, 0x0000000084b00000|100%| O|  |TAMS 0x0000000084a00000| PB 0x0000000084a00000| Untracked |  0
|  75|0x0000000084b00000, 0x0000000084c00000, 0x0000000084c00000|100%| O|  |TAMS 0x0000000084b00000| PB 0x0000000084b00000| Untracked |  0
|  76|0x0000000084c00000, 0x0000000084d00000, 0x0000000084d00000|100%| O|  |TAMS 0x0000000084c00000| PB 0x0000000084c00000| Untracked |  0
|  77|0x0000000084d00000, 0x0000000084e00000, 0x0000000084e00000|100%| O|  |TAMS 0x0000000084d00000| PB 0x0000000084d00000| Untracked |  0
|  78|0x0000000084e00000, 0x0000000084f00000, 0x0000000084f00000|100%| O|  |TAMS 0x0000000084e00000| PB 0x0000000084e00000| Untracked |  0
|  79|0x0000000084f00000, 0x0000000085000000, 0x0000000085000000|100%| O|  |TAMS 0x0000000084f00000| PB 0x0000000084f00000| Untracked |  0
|  80|0x0000000085000000, 0x0000000085100000, 0x0000000085100000|100%| O|  |TAMS 0x0000000085000000| PB 0x0000000085000000| Untracked |  0
|  81|0x0000000085100000, 0x0000000085200000, 0x0000000085200000|100%| O|  |TAMS 0x0000000085100000| PB 0x0000000085100000| Untracked |  0
|  82|0x0000000085200000, 0x0000000085300000, 0x0000000085300000|100%| O|  |TAMS 0x0000000085200000| PB 0x0000000085200000| Untracked |  0
|  83|0x0000000085300000, 0x0000000085400000, 0x0000000085400000|100%| O|  |TAMS 0x0000000085300000| PB 0x0000000085300000| Untracked |  0
|  84|0x0000000085400000, 0x0000000085500000, 0x0000000085500000|100%| O|  |TAMS 0x0000000085400000| PB 0x0000000085400000| Untracked |  0
|  85|0x0000000085500000, 0x0000000085600000, 0x0000000085600000|100%| O|Cm|TAMS 0x0000000085500000| PB 0x0000000085500000| Complete |  0
|  86|0x0000000085600000, 0x0000000085700000, 0x0000000085700000|100%| O|Cm|TAMS 0x0000000085600000| PB 0x0000000085600000| Complete |  0
|  87|0x0000000085700000, 0x0000000085800000, 0x0000000085800000|100%| O|  |TAMS 0x0000000085700000| PB 0x0000000085700000| Untracked |  0
|  88|0x0000000085800000, 0x0000000085900000, 0x0000000085900000|100%| O|  |TAMS 0x0000000085800000| PB 0x0000000085800000| Untracked |  0
|  89|0x0000000085900000, 0x0000000085a00000, 0x0000000085a00000|100%| O|  |TAMS 0x0000000085900000| PB 0x0000000085900000| Untracked |  0
|  90|0x0000000085a00000, 0x0000000085b00000, 0x0000000085b00000|100%| O|  |TAMS 0x0000000085a00000| PB 0x0000000085a00000| Untracked |  0
|  91|0x0000000085b00000, 0x0000000085c00000, 0x0000000085c00000|100%| O|  |TAMS 0x0000000085b00000| PB 0x0000000085b00000| Untracked |  0
|  92|0x0000000085c00000, 0x0000000085d00000, 0x0000000085d00000|100%| O|  |TAMS 0x0000000085c00000| PB 0x0000000085c00000| Untracked |  0
|  93|0x0000000085d00000, 0x0000000085e00000, 0x0000000085e00000|100%| O|  |TAMS 0x0000000085d00000| PB 0x0000000085d00000| Untracked |  0
|  94|0x0000000085e00000, 0x0000000085f00000, 0x0000000085f00000|100%| O|  |TAMS 0x0000000085e00000| PB 0x0000000085e00000| Untracked |  0
|  95|0x0000000085f00000, 0x0000000086000000, 0x0000000086000000|100%| O|  |TAMS 0x0000000085f00000| PB 0x0000000085f00000| Untracked |  0
|  96|0x0000000086000000, 0x0000000086100000, 0x0000000086100000|100%| O|  |TAMS 0x0000000086000000| PB 0x0000000086000000| Untracked |  0
|  97|0x0000000086100000, 0x0000000086200000, 0x0000000086200000|100%| O|  |TAMS 0x0000000086100000| PB 0x0000000086100000| Untracked |  0
|  98|0x0000000086200000, 0x0000000086300000, 0x0000000086300000|100%| O|  |TAMS 0x0000000086200000| PB 0x0000000086200000| Untracked |  0
|  99|0x0000000086300000, 0x0000000086400000, 0x0000000086400000|100%| O|  |TAMS 0x0000000086300000| PB 0x0000000086300000| Untracked |  0
| 100|0x0000000086400000, 0x0000000086500000, 0x0000000086500000|100%| O|  |TAMS 0x0000000086400000| PB 0x0000000086400000| Untracked |  0
| 101|0x0000000086500000, 0x0000000086600000, 0x0000000086600000|100%| O|  |TAMS 0x0000000086500000| PB 0x0000000086500000| Untracked |  0
| 102|0x0000000086600000, 0x0000000086700000, 0x0000000086700000|100%| O|  |TAMS 0x0000000086600000| PB 0x0000000086600000| Untracked |  0
| 103|0x0000000086700000, 0x0000000086800000, 0x0000000086800000|100%| O|  |TAMS 0x0000000086700000| PB 0x0000000086700000| Untracked |  0
| 104|0x0000000086800000, 0x0000000086900000, 0x0000000086900000|100%| O|  |TAMS 0x0000000086800000| PB 0x0000000086800000| Untracked |  0
| 105|0x0000000086900000, 0x0000000086a00000, 0x0000000086a00000|100%| O|Cm|TAMS 0x0000000086900000| PB 0x0000000086900000| Complete |  0
| 106|0x0000000086a00000, 0x0000000086b00000, 0x0000000086b00000|100%| O|Cm|TAMS 0x0000000086a00000| PB 0x0000000086a00000| Complete |  0
| 107|0x0000000086b00000, 0x0000000086c00000, 0x0000000086c00000|100%| O|  |TAMS 0x0000000086b00000| PB 0x0000000086b00000| Untracked |  0
| 108|0x0000000086c00000, 0x0000000086d00000, 0x0000000086d00000|100%| O|  |TAMS 0x0000000086c00000| PB 0x0000000086c00000| Untracked |  0
| 109|0x0000000086d00000, 0x0000000086e00000, 0x0000000086e00000|100%| O|  |TAMS 0x0000000086d00000| PB 0x0000000086d00000| Untracked |  0
| 110|0x0000000086e00000, 0x0000000086f00000, 0x0000000086f00000|100%| O|  |TAMS 0x0000000086e00000| PB 0x0000000086e00000| Untracked |  0
| 111|0x0000000086f00000, 0x0000000087000000, 0x0000000087000000|100%| O|  |TAMS 0x0000000086f00000| PB 0x0000000086f00000| Untracked |  0
| 112|0x0000000087000000, 0x0000000087100000, 0x0000000087100000|100%| O|Cm|TAMS 0x0000000087000000| PB 0x0000000087000000| Complete |  0
| 113|0x0000000087100000, 0x0000000087200000, 0x0000000087200000|100%| O|  |TAMS 0x0000000087100000| PB 0x0000000087100000| Untracked |  0
| 114|0x0000000087200000, 0x0000000087300000, 0x0000000087300000|100%| O|  |TAMS 0x0000000087200000| PB 0x0000000087200000| Untracked |  0
| 115|0x0000000087300000, 0x0000000087400000, 0x0000000087400000|100%| O|  |TAMS 0x0000000087300000| PB 0x0000000087300000| Untracked |  0
| 116|0x0000000087400000, 0x0000000087500000, 0x0000000087500000|100%| O|  |TAMS 0x0000000087400000| PB 0x0000000087400000| Untracked |  0
| 117|0x0000000087500000, 0x0000000087600000, 0x0000000087600000|100%| O|Cm|TAMS 0x0000000087500000| PB 0x0000000087500000| Complete |  0
| 118|0x0000000087600000, 0x0000000087700000, 0x0000000087700000|100%| O|  |TAMS 0x0000000087600000| PB 0x0000000087600000| Untracked |  0
| 119|0x0000000087700000, 0x0000000087800000, 0x0000000087800000|100%| O|  |TAMS 0x0000000087700000| PB 0x0000000087700000| Untracked |  0
| 120|0x0000000087800000, 0x0000000087900000, 0x0000000087900000|100%| O|  |TAMS 0x0000000087800000| PB 0x0000000087800000| Untracked |  0
| 121|0x0000000087900000, 0x0000000087a00000, 0x0000000087a00000|100%| O|  |TAMS 0x0000000087900000| PB 0x0000000087900000| Untracked |  0
| 122|0x0000000087a00000, 0x0000000087b00000, 0x0000000087b00000|100%| O|  |TAMS 0x0000000087a00000| PB 0x0000000087a00000| Untracked |  0
| 123|0x0000000087b00000, 0x0000000087c00000, 0x0000000087c00000|100%| O|  |TAMS 0x0000000087b00000| PB 0x0000000087b00000| Untracked |  0
| 124|0x0000000087c00000, 0x0000000087d00000, 0x0000000087d00000|100%| O|  |TAMS 0x0000000087c00000| PB 0x0000000087c00000| Untracked |  0
| 125|0x0000000087d00000, 0x0000000087e00000, 0x0000000087e00000|100%| O|  |TAMS 0x0000000087d00000| PB 0x0000000087d00000| Untracked |  0
| 126|0x0000000087e00000, 0x0000000087f00000, 0x0000000087f00000|100%| O|  |TAMS 0x0000000087e00000| PB 0x0000000087e00000| Untracked |  0
| 127|0x0000000087f00000, 0x0000000088000000, 0x0000000088000000|100%| O|  |TAMS 0x0000000087f00000| PB 0x0000000087f00000| Untracked |  0
| 128|0x0000000088000000, 0x0000000088100000, 0x0000000088100000|100%| O|  |TAMS 0x0000000088000000| PB 0x0000000088000000| Untracked |  0
| 129|0x0000000088100000, 0x0000000088200000, 0x0000000088200000|100%| O|  |TAMS 0x0000000088100000| PB 0x0000000088100000| Untracked |  0
| 130|0x0000000088200000, 0x0000000088300000, 0x0000000088300000|100%| O|  |TAMS 0x0000000088200000| PB 0x0000000088200000| Untracked |  0
| 131|0x0000000088300000, 0x0000000088400000, 0x0000000088400000|100%| O|  |TAMS 0x0000000088300000| PB 0x0000000088300000| Untracked |  0
| 132|0x0000000088400000, 0x0000000088500000, 0x0000000088500000|100%| O|  |TAMS 0x0000000088400000| PB 0x0000000088400000| Untracked |  0
| 133|0x0000000088500000, 0x0000000088600000, 0x0000000088600000|100%| O|  |TAMS 0x0000000088500000| PB 0x0000000088500000| Untracked |  0
| 134|0x0000000088600000, 0x0000000088700000, 0x0000000088700000|100%| O|  |TAMS 0x0000000088600000| PB 0x0000000088600000| Untracked |  0
| 135|0x0000000088700000, 0x0000000088800000, 0x0000000088800000|100%| O|  |TAMS 0x0000000088700000| PB 0x0000000088700000| Untracked |  0
| 136|0x0000000088800000, 0x0000000088900000, 0x0000000088900000|100%| O|  |TAMS 0x0000000088800000| PB 0x0000000088800000| Untracked |  0
| 137|0x0000000088900000, 0x0000000088a00000, 0x0000000088a00000|100%| O|  |TAMS 0x0000000088900000| PB 0x0000000088900000| Untracked |  0
| 138|0x0000000088a00000, 0x0000000088b00000, 0x0000000088b00000|100%| O|  |TAMS 0x0000000088a00000| PB 0x0000000088a00000| Untracked |  0
| 139|0x0000000088b00000, 0x0000000088c00000, 0x0000000088c00000|100%| O|  |TAMS 0x0000000088b00000| PB 0x0000000088b00000| Untracked |  0
| 140|0x0000000088c00000, 0x0000000088cfde30, 0x0000000088d00000| 99%| O|  |TAMS 0x0000000088c00000| PB 0x0000000088c00000| Untracked |  0
| 141|0x0000000088d00000, 0x0000000088d00000, 0x0000000088e00000|  0%| F|  |TAMS 0x0000000088d00000| PB 0x0000000088d00000| Untracked |  0
| 142|0x0000000088e00000, 0x0000000088e00000, 0x0000000088f00000|  0%| F|  |TAMS 0x0000000088e00000| PB 0x0000000088e00000| Untracked |  0
| 143|0x0000000088f00000, 0x0000000088f00000, 0x0000000089000000|  0%| F|  |TAMS 0x0000000088f00000| PB 0x0000000088f00000| Untracked |  0
| 144|0x0000000089000000, 0x0000000089000000, 0x0000000089100000|  0%| F|  |TAMS 0x0000000089000000| PB 0x0000000089000000| Untracked |  0
| 145|0x0000000089100000, 0x0000000089100000, 0x0000000089200000|  0%| F|  |TAMS 0x0000000089100000| PB 0x0000000089100000| Untracked |  0
| 146|0x0000000089200000, 0x0000000089200000, 0x0000000089300000|  0%| F|  |TAMS 0x0000000089200000| PB 0x0000000089200000| Untracked |  0
| 147|0x0000000089300000, 0x0000000089300000, 0x0000000089400000|  0%| F|  |TAMS 0x0000000089300000| PB 0x0000000089300000| Untracked |  0
| 148|0x0000000089400000, 0x0000000089400000, 0x0000000089500000|  0%| F|  |TAMS 0x0000000089400000| PB 0x0000000089400000| Untracked |  0
| 149|0x0000000089500000, 0x0000000089500000, 0x0000000089600000|  0%| F|  |TAMS 0x0000000089500000| PB 0x0000000089500000| Untracked |  0
| 150|0x0000000089600000, 0x0000000089600000, 0x0000000089700000|  0%| F|  |TAMS 0x0000000089600000| PB 0x0000000089600000| Untracked |  0
| 151|0x0000000089700000, 0x0000000089700000, 0x0000000089800000|  0%| F|  |TAMS 0x0000000089700000| PB 0x0000000089700000| Untracked |  0
| 152|0x0000000089800000, 0x0000000089800000, 0x0000000089900000|  0%| F|  |TAMS 0x0000000089800000| PB 0x0000000089800000| Untracked |  0
| 153|0x0000000089900000, 0x0000000089900000, 0x0000000089a00000|  0%| F|  |TAMS 0x0000000089900000| PB 0x0000000089900000| Untracked |  0
| 154|0x0000000089a00000, 0x0000000089a00000, 0x0000000089b00000|  0%| F|  |TAMS 0x0000000089a00000| PB 0x0000000089a00000| Untracked |  0
| 155|0x0000000089b00000, 0x0000000089b00000, 0x0000000089c00000|  0%| F|  |TAMS 0x0000000089b00000| PB 0x0000000089b00000| Untracked |  0
| 156|0x0000000089c00000, 0x0000000089c00000, 0x0000000089d00000|  0%| F|  |TAMS 0x0000000089c00000| PB 0x0000000089c00000| Untracked |  0
| 157|0x0000000089d00000, 0x0000000089d00000, 0x0000000089e00000|  0%| F|  |TAMS 0x0000000089d00000| PB 0x0000000089d00000| Untracked |  0
| 158|0x0000000089e00000, 0x0000000089e00000, 0x0000000089f00000|  0%| F|  |TAMS 0x0000000089e00000| PB 0x0000000089e00000| Untracked |  0
| 159|0x0000000089f00000, 0x0000000089f00000, 0x000000008a000000|  0%| F|  |TAMS 0x0000000089f00000| PB 0x0000000089f00000| Untracked |  0
| 160|0x000000008a000000, 0x000000008a000000, 0x000000008a100000|  0%| F|  |TAMS 0x000000008a000000| PB 0x000000008a000000| Untracked |  0
| 161|0x000000008a100000, 0x000000008a100000, 0x000000008a200000|  0%| F|  |TAMS 0x000000008a100000| PB 0x000000008a100000| Untracked |  0
| 162|0x000000008a200000, 0x000000008a200000, 0x000000008a300000|  0%| F|  |TAMS 0x000000008a200000| PB 0x000000008a200000| Untracked |  0
| 163|0x000000008a300000, 0x000000008a300000, 0x000000008a400000|  0%| F|  |TAMS 0x000000008a300000| PB 0x000000008a300000| Untracked |  0
| 164|0x000000008a400000, 0x000000008a400000, 0x000000008a500000|  0%| F|  |TAMS 0x000000008a400000| PB 0x000000008a400000| Untracked |  0
| 165|0x000000008a500000, 0x000000008a500000, 0x000000008a600000|  0%| F|  |TAMS 0x000000008a500000| PB 0x000000008a500000| Untracked |  0
| 166|0x000000008a600000, 0x000000008a600000, 0x000000008a700000|  0%| F|  |TAMS 0x000000008a600000| PB 0x000000008a600000| Untracked |  0
| 167|0x000000008a700000, 0x000000008a700000, 0x000000008a800000|  0%| F|  |TAMS 0x000000008a700000| PB 0x000000008a700000| Untracked |  0
| 168|0x000000008a800000, 0x000000008a800000, 0x000000008a900000|  0%| F|  |TAMS 0x000000008a800000| PB 0x000000008a800000| Untracked |  0
| 169|0x000000008a900000, 0x000000008a900000, 0x000000008aa00000|  0%| F|  |TAMS 0x000000008a900000| PB 0x000000008a900000| Untracked |  0
| 170|0x000000008aa00000, 0x000000008aa00000, 0x000000008ab00000|  0%| F|  |TAMS 0x000000008aa00000| PB 0x000000008aa00000| Untracked |  0
| 171|0x000000008ab00000, 0x000000008ab00000, 0x000000008ac00000|  0%| F|  |TAMS 0x000000008ab00000| PB 0x000000008ab00000| Untracked |  0
| 172|0x000000008ac00000, 0x000000008ac00000, 0x000000008ad00000|  0%| F|  |TAMS 0x000000008ac00000| PB 0x000000008ac00000| Untracked |  0
| 173|0x000000008ad00000, 0x000000008ad00000, 0x000000008ae00000|  0%| F|  |TAMS 0x000000008ad00000| PB 0x000000008ad00000| Untracked |  0
| 174|0x000000008ae00000, 0x000000008ae00000, 0x000000008af00000|  0%| F|  |TAMS 0x000000008ae00000| PB 0x000000008ae00000| Untracked |  0
| 175|0x000000008af00000, 0x000000008af00000, 0x000000008b000000|  0%| F|  |TAMS 0x000000008af00000| PB 0x000000008af00000| Untracked |  0
| 176|0x000000008b000000, 0x000000008b000000, 0x000000008b100000|  0%| F|  |TAMS 0x000000008b000000| PB 0x000000008b000000| Untracked |  0
| 177|0x000000008b100000, 0x000000008b100000, 0x000000008b200000|  0%| F|  |TAMS 0x000000008b100000| PB 0x000000008b100000| Untracked |  0
| 178|0x000000008b200000, 0x000000008b200000, 0x000000008b300000|  0%| F|  |TAMS 0x000000008b200000| PB 0x000000008b200000| Untracked |  0
| 179|0x000000008b300000, 0x000000008b300000, 0x000000008b400000|  0%| F|  |TAMS 0x000000008b300000| PB 0x000000008b300000| Untracked |  0
| 180|0x000000008b400000, 0x000000008b400000, 0x000000008b500000|  0%| F|  |TAMS 0x000000008b400000| PB 0x000000008b400000| Untracked |  0
| 181|0x000000008b500000, 0x000000008b500000, 0x000000008b600000|  0%| F|  |TAMS 0x000000008b500000| PB 0x000000008b500000| Untracked |  0
| 182|0x000000008b600000, 0x000000008b680000, 0x000000008b700000| 50%| S|CS|TAMS 0x000000008b600000| PB 0x000000008b600000| Complete |  0
| 183|0x000000008b700000, 0x000000008b800000, 0x000000008b800000|100%| S|CS|TAMS 0x000000008b700000| PB 0x000000008b700000| Complete |  0
| 184|0x000000008b800000, 0x000000008b900000, 0x000000008b900000|100%| S|CS|TAMS 0x000000008b800000| PB 0x000000008b800000| Complete |  0
| 185|0x000000008b900000, 0x000000008b900000, 0x000000008ba00000|  0%| F|  |TAMS 0x000000008b900000| PB 0x000000008b900000| Untracked |  0
| 186|0x000000008ba00000, 0x000000008ba00000, 0x000000008bb00000|  0%| F|  |TAMS 0x000000008ba00000| PB 0x000000008ba00000| Untracked |  0
| 187|0x000000008bb00000, 0x000000008bb00000, 0x000000008bc00000|  0%| F|  |TAMS 0x000000008bb00000| PB 0x000000008bb00000| Untracked |  0
| 188|0x000000008bc00000, 0x000000008bc00000, 0x000000008bd00000|  0%| F|  |TAMS 0x000000008bc00000| PB 0x000000008bc00000| Untracked |  0
| 189|0x000000008bd00000, 0x000000008bd00000, 0x000000008be00000|  0%| F|  |TAMS 0x000000008bd00000| PB 0x000000008bd00000| Untracked |  0
| 190|0x000000008be00000, 0x000000008be00000, 0x000000008bf00000|  0%| F|  |TAMS 0x000000008be00000| PB 0x000000008be00000| Untracked |  0
| 191|0x000000008bf00000, 0x000000008bf00000, 0x000000008c000000|  0%| F|  |TAMS 0x000000008bf00000| PB 0x000000008bf00000| Untracked |  0
| 192|0x000000008c000000, 0x000000008c000000, 0x000000008c100000|  0%| F|  |TAMS 0x000000008c000000| PB 0x000000008c000000| Untracked |  0
| 193|0x000000008c100000, 0x000000008c100000, 0x000000008c200000|  0%| F|  |TAMS 0x000000008c100000| PB 0x000000008c100000| Untracked |  0
| 194|0x000000008c200000, 0x000000008c200000, 0x000000008c300000|  0%| F|  |TAMS 0x000000008c200000| PB 0x000000008c200000| Untracked |  0
| 195|0x000000008c300000, 0x000000008c300000, 0x000000008c400000|  0%| F|  |TAMS 0x000000008c300000| PB 0x000000008c300000| Untracked |  0
| 196|0x000000008c400000, 0x000000008c400000, 0x000000008c500000|  0%| F|  |TAMS 0x000000008c400000| PB 0x000000008c400000| Untracked |  0
| 197|0x000000008c500000, 0x000000008c500000, 0x000000008c600000|  0%| F|  |TAMS 0x000000008c500000| PB 0x000000008c500000| Untracked |  0
| 198|0x000000008c600000, 0x000000008c600000, 0x000000008c700000|  0%| F|  |TAMS 0x000000008c600000| PB 0x000000008c600000| Untracked |  0
| 199|0x000000008c700000, 0x000000008c700000, 0x000000008c800000|  0%| F|  |TAMS 0x000000008c700000| PB 0x000000008c700000| Untracked |  0
| 200|0x000000008c800000, 0x000000008c800000, 0x000000008c900000|  0%| F|  |TAMS 0x000000008c800000| PB 0x000000008c800000| Untracked |  0
| 201|0x000000008c900000, 0x000000008c900000, 0x000000008ca00000|  0%| F|  |TAMS 0x000000008c900000| PB 0x000000008c900000| Untracked |  0
| 202|0x000000008ca00000, 0x000000008ca00000, 0x000000008cb00000|  0%| F|  |TAMS 0x000000008ca00000| PB 0x000000008ca00000| Untracked |  0
| 203|0x000000008cb00000, 0x000000008cb00000, 0x000000008cc00000|  0%| F|  |TAMS 0x000000008cb00000| PB 0x000000008cb00000| Untracked |  0
| 204|0x000000008cc00000, 0x000000008cc00000, 0x000000008cd00000|  0%| F|  |TAMS 0x000000008cc00000| PB 0x000000008cc00000| Untracked |  0
| 205|0x000000008cd00000, 0x000000008cd00000, 0x000000008ce00000|  0%| F|  |TAMS 0x000000008cd00000| PB 0x000000008cd00000| Untracked |  0
| 206|0x000000008ce00000, 0x000000008ce00000, 0x000000008cf00000|  0%| F|  |TAMS 0x000000008ce00000| PB 0x000000008ce00000| Untracked |  0
| 207|0x000000008cf00000, 0x000000008cf00000, 0x000000008d000000|  0%| F|  |TAMS 0x000000008cf00000| PB 0x000000008cf00000| Untracked |  0
| 208|0x000000008d000000, 0x000000008d000000, 0x000000008d100000|  0%| F|  |TAMS 0x000000008d000000| PB 0x000000008d000000| Untracked |  0
| 209|0x000000008d100000, 0x000000008d100000, 0x000000008d200000|  0%| F|  |TAMS 0x000000008d100000| PB 0x000000008d100000| Untracked |  0
| 210|0x000000008d200000, 0x000000008d200000, 0x000000008d300000|  0%| F|  |TAMS 0x000000008d200000| PB 0x000000008d200000| Untracked |  0
| 211|0x000000008d300000, 0x000000008d300000, 0x000000008d400000|  0%| F|  |TAMS 0x000000008d300000| PB 0x000000008d300000| Untracked |  0
| 212|0x000000008d400000, 0x000000008d400000, 0x000000008d500000|  0%| F|  |TAMS 0x000000008d400000| PB 0x000000008d400000| Untracked |  0
| 213|0x000000008d500000, 0x000000008d600000, 0x000000008d600000|100%| S|CS|TAMS 0x000000008d500000| PB 0x000000008d500000| Complete |  0
| 214|0x000000008d600000, 0x000000008d700000, 0x000000008d700000|100%| S|CS|TAMS 0x000000008d600000| PB 0x000000008d600000| Complete |  0
| 215|0x000000008d700000, 0x000000008d800000, 0x000000008d800000|100%| S|CS|TAMS 0x000000008d700000| PB 0x000000008d700000| Complete |  0
| 216|0x000000008d800000, 0x000000008d900000, 0x000000008d900000|100%| S|CS|TAMS 0x000000008d800000| PB 0x000000008d800000| Complete |  0
| 217|0x000000008d900000, 0x000000008da00000, 0x000000008da00000|100%| S|CS|TAMS 0x000000008d900000| PB 0x000000008d900000| Complete |  0
| 218|0x000000008da00000, 0x000000008db00000, 0x000000008db00000|100%| S|CS|TAMS 0x000000008da00000| PB 0x000000008da00000| Complete |  0
| 219|0x000000008db00000, 0x000000008dc00000, 0x000000008dc00000|100%| S|CS|TAMS 0x000000008db00000| PB 0x000000008db00000| Complete |  0
| 220|0x000000008dc00000, 0x000000008dc00000, 0x000000008dd00000|  0%| F|  |TAMS 0x000000008dc00000| PB 0x000000008dc00000| Untracked |  0
| 221|0x000000008dd00000, 0x000000008dd00000, 0x000000008de00000|  0%| F|  |TAMS 0x000000008dd00000| PB 0x000000008dd00000| Untracked |  0
| 222|0x000000008de00000, 0x000000008de00000, 0x000000008df00000|  0%| F|  |TAMS 0x000000008de00000| PB 0x000000008de00000| Untracked |  0
| 223|0x000000008df00000, 0x000000008df00000, 0x000000008e000000|  0%| F|  |TAMS 0x000000008df00000| PB 0x000000008df00000| Untracked |  0
| 224|0x000000008e000000, 0x000000008e000000, 0x000000008e100000|  0%| F|  |TAMS 0x000000008e000000| PB 0x000000008e000000| Untracked |  0
| 225|0x000000008e100000, 0x000000008e100000, 0x000000008e200000|  0%| F|  |TAMS 0x000000008e100000| PB 0x000000008e100000| Untracked |  0
| 226|0x000000008e200000, 0x000000008e200000, 0x000000008e300000|  0%| F|  |TAMS 0x000000008e200000| PB 0x000000008e200000| Untracked |  0
| 227|0x000000008e300000, 0x000000008e300000, 0x000000008e400000|  0%| F|  |TAMS 0x000000008e300000| PB 0x000000008e300000| Untracked |  0
| 228|0x000000008e400000, 0x000000008e400000, 0x000000008e500000|  0%| F|  |TAMS 0x000000008e400000| PB 0x000000008e400000| Untracked |  0
| 229|0x000000008e500000, 0x000000008e500000, 0x000000008e600000|  0%| F|  |TAMS 0x000000008e500000| PB 0x000000008e500000| Untracked |  0
| 230|0x000000008e600000, 0x000000008e600000, 0x000000008e700000|  0%| F|  |TAMS 0x000000008e600000| PB 0x000000008e600000| Untracked |  0
| 231|0x000000008e700000, 0x000000008e700000, 0x000000008e800000|  0%| F|  |TAMS 0x000000008e700000| PB 0x000000008e700000| Untracked |  0
| 232|0x000000008e800000, 0x000000008e800000, 0x000000008e900000|  0%| F|  |TAMS 0x000000008e800000| PB 0x000000008e800000| Untracked |  0
| 233|0x000000008e900000, 0x000000008e900000, 0x000000008ea00000|  0%| F|  |TAMS 0x000000008e900000| PB 0x000000008e900000| Untracked |  0
| 234|0x000000008ea00000, 0x000000008ea00000, 0x000000008eb00000|  0%| F|  |TAMS 0x000000008ea00000| PB 0x000000008ea00000| Untracked |  0
| 235|0x000000008eb00000, 0x000000008eb00000, 0x000000008ec00000|  0%| F|  |TAMS 0x000000008eb00000| PB 0x000000008eb00000| Untracked |  0
| 236|0x000000008ec00000, 0x000000008ec00000, 0x000000008ed00000|  0%| F|  |TAMS 0x000000008ec00000| PB 0x000000008ec00000| Untracked |  0
| 237|0x000000008ed00000, 0x000000008ed00000, 0x000000008ee00000|  0%| F|  |TAMS 0x000000008ed00000| PB 0x000000008ed00000| Untracked |  0
| 238|0x000000008ee00000, 0x000000008ee00000, 0x000000008ef00000|  0%| F|  |TAMS 0x000000008ee00000| PB 0x000000008ee00000| Untracked |  0
| 239|0x000000008ef00000, 0x000000008ef00000, 0x000000008f000000|  0%| F|  |TAMS 0x000000008ef00000| PB 0x000000008ef00000| Untracked |  0
| 240|0x000000008f000000, 0x000000008f000000, 0x000000008f100000|  0%| F|  |TAMS 0x000000008f000000| PB 0x000000008f000000| Untracked |  0
| 241|0x000000008f100000, 0x000000008f100000, 0x000000008f200000|  0%| F|  |TAMS 0x000000008f100000| PB 0x000000008f100000| Untracked |  0
| 242|0x000000008f200000, 0x000000008f200000, 0x000000008f300000|  0%| F|  |TAMS 0x000000008f200000| PB 0x000000008f200000| Untracked |  0
| 243|0x000000008f300000, 0x000000008f300000, 0x000000008f400000|  0%| F|  |TAMS 0x000000008f300000| PB 0x000000008f300000| Untracked |  0
| 244|0x000000008f400000, 0x000000008f400000, 0x000000008f500000|  0%| F|  |TAMS 0x000000008f400000| PB 0x000000008f400000| Untracked |  0
| 245|0x000000008f500000, 0x000000008f500000, 0x000000008f600000|  0%| F|  |TAMS 0x000000008f500000| PB 0x000000008f500000| Untracked |  0
| 246|0x000000008f600000, 0x000000008f600000, 0x000000008f700000|  0%| F|  |TAMS 0x000000008f600000| PB 0x000000008f600000| Untracked |  0
| 247|0x000000008f700000, 0x000000008f700000, 0x000000008f800000|  0%| F|  |TAMS 0x000000008f700000| PB 0x000000008f700000| Untracked |  0
| 248|0x000000008f800000, 0x000000008f800000, 0x000000008f900000|  0%| F|  |TAMS 0x000000008f800000| PB 0x000000008f800000| Untracked |  0
| 249|0x000000008f900000, 0x000000008f900000, 0x000000008fa00000|  0%| F|  |TAMS 0x000000008f900000| PB 0x000000008f900000| Untracked |  0
| 250|0x000000008fa00000, 0x000000008fa00000, 0x000000008fb00000|  0%| F|  |TAMS 0x000000008fa00000| PB 0x000000008fa00000| Untracked |  0
| 251|0x000000008fb00000, 0x000000008fb00000, 0x000000008fc00000|  0%| F|  |TAMS 0x000000008fb00000| PB 0x000000008fb00000| Untracked |  0
| 252|0x000000008fc00000, 0x000000008fc00000, 0x000000008fd00000|  0%| F|  |TAMS 0x000000008fc00000| PB 0x000000008fc00000| Untracked |  0
| 253|0x000000008fd00000, 0x000000008fd00000, 0x000000008fe00000|  0%| F|  |TAMS 0x000000008fd00000| PB 0x000000008fd00000| Untracked |  0
| 254|0x000000008fe00000, 0x000000008fe00000, 0x000000008ff00000|  0%| F|  |TAMS 0x000000008fe00000| PB 0x000000008fe00000| Untracked |  0
| 255|0x000000008ff00000, 0x000000008ff00000, 0x0000000090000000|  0%| F|  |TAMS 0x000000008ff00000| PB 0x000000008ff00000| Untracked |  0
| 256|0x0000000090000000, 0x0000000090000000, 0x0000000090100000|  0%| F|  |TAMS 0x0000000090000000| PB 0x0000000090000000| Untracked |  0
| 257|0x0000000090100000, 0x0000000090100000, 0x0000000090200000|  0%| F|  |TAMS 0x0000000090100000| PB 0x0000000090100000| Untracked |  0
| 258|0x0000000090200000, 0x0000000090200000, 0x0000000090300000|  0%| F|  |TAMS 0x0000000090200000| PB 0x0000000090200000| Untracked |  0
| 259|0x0000000090300000, 0x0000000090300000, 0x0000000090400000|  0%| F|  |TAMS 0x0000000090300000| PB 0x0000000090300000| Untracked |  0
| 260|0x0000000090400000, 0x0000000090400000, 0x0000000090500000|  0%| F|  |TAMS 0x0000000090400000| PB 0x0000000090400000| Untracked |  0
| 261|0x0000000090500000, 0x0000000090500000, 0x0000000090600000|  0%| F|  |TAMS 0x0000000090500000| PB 0x0000000090500000| Untracked |  0
| 262|0x0000000090600000, 0x0000000090600000, 0x0000000090700000|  0%| F|  |TAMS 0x0000000090600000| PB 0x0000000090600000| Untracked |  0
| 263|0x0000000090700000, 0x0000000090700000, 0x0000000090800000|  0%| F|  |TAMS 0x0000000090700000| PB 0x0000000090700000| Untracked |  0
| 264|0x0000000090800000, 0x0000000090800000, 0x0000000090900000|  0%| F|  |TAMS 0x0000000090800000| PB 0x0000000090800000| Untracked |  0
| 265|0x0000000090900000, 0x0000000090900000, 0x0000000090a00000|  0%| F|  |TAMS 0x0000000090900000| PB 0x0000000090900000| Untracked |  0
| 266|0x0000000090a00000, 0x0000000090a00000, 0x0000000090b00000|  0%| F|  |TAMS 0x0000000090a00000| PB 0x0000000090a00000| Untracked |  0
| 267|0x0000000090b00000, 0x0000000090b00000, 0x0000000090c00000|  0%| F|  |TAMS 0x0000000090b00000| PB 0x0000000090b00000| Untracked |  0
| 268|0x0000000090c00000, 0x0000000090c00000, 0x0000000090d00000|  0%| F|  |TAMS 0x0000000090c00000| PB 0x0000000090c00000| Untracked |  0
| 269|0x0000000090d00000, 0x0000000090d00000, 0x0000000090e00000|  0%| F|  |TAMS 0x0000000090d00000| PB 0x0000000090d00000| Untracked |  0
| 270|0x0000000090e00000, 0x0000000090e00000, 0x0000000090f00000|  0%| F|  |TAMS 0x0000000090e00000| PB 0x0000000090e00000| Untracked |  0
| 271|0x0000000090f00000, 0x0000000090f00000, 0x0000000091000000|  0%| F|  |TAMS 0x0000000090f00000| PB 0x0000000090f00000| Untracked |  0
| 272|0x0000000091000000, 0x0000000091000000, 0x0000000091100000|  0%| F|  |TAMS 0x0000000091000000| PB 0x0000000091000000| Untracked |  0
| 273|0x0000000091100000, 0x0000000091100000, 0x0000000091200000|  0%| F|  |TAMS 0x0000000091100000| PB 0x0000000091100000| Untracked |  0
| 274|0x0000000091200000, 0x0000000091200000, 0x0000000091300000|  0%| F|  |TAMS 0x0000000091200000| PB 0x0000000091200000| Untracked |  0
| 275|0x0000000091300000, 0x0000000091300000, 0x0000000091400000|  0%| F|  |TAMS 0x0000000091300000| PB 0x0000000091300000| Untracked |  0
| 276|0x0000000091400000, 0x0000000091400000, 0x0000000091500000|  0%| F|  |TAMS 0x0000000091400000| PB 0x0000000091400000| Untracked |  0
| 277|0x0000000091500000, 0x0000000091500000, 0x0000000091600000|  0%| F|  |TAMS 0x0000000091500000| PB 0x0000000091500000| Untracked |  0
| 278|0x0000000091600000, 0x0000000091600000, 0x0000000091700000|  0%| F|  |TAMS 0x0000000091600000| PB 0x0000000091600000| Untracked |  0
| 279|0x0000000091700000, 0x0000000091700000, 0x0000000091800000|  0%| F|  |TAMS 0x0000000091700000| PB 0x0000000091700000| Untracked |  0
| 280|0x0000000091800000, 0x0000000091800000, 0x0000000091900000|  0%| F|  |TAMS 0x0000000091800000| PB 0x0000000091800000| Untracked |  0
| 281|0x0000000091900000, 0x0000000091900000, 0x0000000091a00000|  0%| F|  |TAMS 0x0000000091900000| PB 0x0000000091900000| Untracked |  0
| 282|0x0000000091a00000, 0x0000000091a00000, 0x0000000091b00000|  0%| F|  |TAMS 0x0000000091a00000| PB 0x0000000091a00000| Untracked |  0
| 283|0x0000000091b00000, 0x0000000091b00000, 0x0000000091c00000|  0%| F|  |TAMS 0x0000000091b00000| PB 0x0000000091b00000| Untracked |  0
| 284|0x0000000091c00000, 0x0000000091c00000, 0x0000000091d00000|  0%| F|  |TAMS 0x0000000091c00000| PB 0x0000000091c00000| Untracked |  0
| 285|0x0000000091d00000, 0x0000000091d00000, 0x0000000091e00000|  0%| F|  |TAMS 0x0000000091d00000| PB 0x0000000091d00000| Untracked |  0
| 286|0x0000000091e00000, 0x0000000091e00000, 0x0000000091f00000|  0%| F|  |TAMS 0x0000000091e00000| PB 0x0000000091e00000| Untracked |  0
| 287|0x0000000091f00000, 0x0000000091f00000, 0x0000000092000000|  0%| F|  |TAMS 0x0000000091f00000| PB 0x0000000091f00000| Untracked |  0
| 288|0x0000000092000000, 0x0000000092000000, 0x0000000092100000|  0%| F|  |TAMS 0x0000000092000000| PB 0x0000000092000000| Untracked |  0
| 289|0x0000000092100000, 0x0000000092100000, 0x0000000092200000|  0%| F|  |TAMS 0x0000000092100000| PB 0x0000000092100000| Untracked |  0
| 290|0x0000000092200000, 0x0000000092200000, 0x0000000092300000|  0%| F|  |TAMS 0x0000000092200000| PB 0x0000000092200000| Untracked |  0
| 291|0x0000000092300000, 0x0000000092300000, 0x0000000092400000|  0%| F|  |TAMS 0x0000000092300000| PB 0x0000000092300000| Untracked |  0
| 292|0x0000000092400000, 0x0000000092400000, 0x0000000092500000|  0%| F|  |TAMS 0x0000000092400000| PB 0x0000000092400000| Untracked |  0
| 293|0x0000000092500000, 0x0000000092500000, 0x0000000092600000|  0%| F|  |TAMS 0x0000000092500000| PB 0x0000000092500000| Untracked |  0
| 294|0x0000000092600000, 0x0000000092600000, 0x0000000092700000|  0%| F|  |TAMS 0x0000000092600000| PB 0x0000000092600000| Untracked |  0
| 295|0x0000000092700000, 0x0000000092700000, 0x0000000092800000|  0%| F|  |TAMS 0x0000000092700000| PB 0x0000000092700000| Untracked |  0
| 296|0x0000000092800000, 0x0000000092800000, 0x0000000092900000|  0%| F|  |TAMS 0x0000000092800000| PB 0x0000000092800000| Untracked |  0
| 297|0x0000000092900000, 0x0000000092900000, 0x0000000092a00000|  0%| F|  |TAMS 0x0000000092900000| PB 0x0000000092900000| Untracked |  0
| 298|0x0000000092a00000, 0x0000000092a00000, 0x0000000092b00000|  0%| F|  |TAMS 0x0000000092a00000| PB 0x0000000092a00000| Untracked |  0
| 299|0x0000000092b00000, 0x0000000092b00000, 0x0000000092c00000|  0%| F|  |TAMS 0x0000000092b00000| PB 0x0000000092b00000| Untracked |  0
| 300|0x0000000092c00000, 0x0000000092c00000, 0x0000000092d00000|  0%| F|  |TAMS 0x0000000092c00000| PB 0x0000000092c00000| Untracked |  0
| 301|0x0000000092d00000, 0x0000000092d00000, 0x0000000092e00000|  0%| F|  |TAMS 0x0000000092d00000| PB 0x0000000092d00000| Untracked |  0
| 302|0x0000000092e00000, 0x0000000092e00000, 0x0000000092f00000|  0%| F|  |TAMS 0x0000000092e00000| PB 0x0000000092e00000| Untracked |  0
| 303|0x0000000092f00000, 0x0000000092f00000, 0x0000000093000000|  0%| F|  |TAMS 0x0000000092f00000| PB 0x0000000092f00000| Untracked |  0
| 304|0x0000000093000000, 0x0000000093000000, 0x0000000093100000|  0%| F|  |TAMS 0x0000000093000000| PB 0x0000000093000000| Untracked |  0
| 305|0x0000000093100000, 0x0000000093100000, 0x0000000093200000|  0%| F|  |TAMS 0x0000000093100000| PB 0x0000000093100000| Untracked |  0
| 306|0x0000000093200000, 0x0000000093200000, 0x0000000093300000|  0%| F|  |TAMS 0x0000000093200000| PB 0x0000000093200000| Untracked |  0
| 307|0x0000000093300000, 0x0000000093300000, 0x0000000093400000|  0%| F|  |TAMS 0x0000000093300000| PB 0x0000000093300000| Untracked |  0
| 308|0x0000000093400000, 0x0000000093400000, 0x0000000093500000|  0%| F|  |TAMS 0x0000000093400000| PB 0x0000000093400000| Untracked |  0
| 309|0x0000000093500000, 0x0000000093500000, 0x0000000093600000|  0%| F|  |TAMS 0x0000000093500000| PB 0x0000000093500000| Untracked |  0
| 310|0x0000000093600000, 0x0000000093600000, 0x0000000093700000|  0%| F|  |TAMS 0x0000000093600000| PB 0x0000000093600000| Untracked |  0
| 311|0x0000000093700000, 0x0000000093700000, 0x0000000093800000|  0%| F|  |TAMS 0x0000000093700000| PB 0x0000000093700000| Untracked |  0
| 312|0x0000000093800000, 0x0000000093800000, 0x0000000093900000|  0%| F|  |TAMS 0x0000000093800000| PB 0x0000000093800000| Untracked |  0
| 313|0x0000000093900000, 0x0000000093900000, 0x0000000093a00000|  0%| F|  |TAMS 0x0000000093900000| PB 0x0000000093900000| Untracked |  0
| 314|0x0000000093a00000, 0x0000000093a00000, 0x0000000093b00000|  0%| F|  |TAMS 0x0000000093a00000| PB 0x0000000093a00000| Untracked |  0
| 315|0x0000000093b00000, 0x0000000093b00000, 0x0000000093c00000|  0%| F|  |TAMS 0x0000000093b00000| PB 0x0000000093b00000| Untracked |  0
| 316|0x0000000093c00000, 0x0000000093c00000, 0x0000000093d00000|  0%| F|  |TAMS 0x0000000093c00000| PB 0x0000000093c00000| Untracked |  0
| 317|0x0000000093d00000, 0x0000000093d00000, 0x0000000093e00000|  0%| F|  |TAMS 0x0000000093d00000| PB 0x0000000093d00000| Untracked |  0
| 318|0x0000000093e00000, 0x0000000093e00000, 0x0000000093f00000|  0%| F|  |TAMS 0x0000000093e00000| PB 0x0000000093e00000| Untracked |  0
| 319|0x0000000093f00000, 0x0000000093f00000, 0x0000000094000000|  0%| F|  |TAMS 0x0000000093f00000| PB 0x0000000093f00000| Untracked |  0
| 320|0x0000000094000000, 0x0000000094000000, 0x0000000094100000|  0%| F|  |TAMS 0x0000000094000000| PB 0x0000000094000000| Untracked |  0
| 321|0x0000000094100000, 0x0000000094100000, 0x0000000094200000|  0%| F|  |TAMS 0x0000000094100000| PB 0x0000000094100000| Untracked |  0
| 322|0x0000000094200000, 0x0000000094200000, 0x0000000094300000|  0%| F|  |TAMS 0x0000000094200000| PB 0x0000000094200000| Untracked |  0
| 323|0x0000000094300000, 0x0000000094300000, 0x0000000094400000|  0%| F|  |TAMS 0x0000000094300000| PB 0x0000000094300000| Untracked |  0
| 324|0x0000000094400000, 0x0000000094400000, 0x0000000094500000|  0%| F|  |TAMS 0x0000000094400000| PB 0x0000000094400000| Untracked |  0
| 325|0x0000000094500000, 0x0000000094500000, 0x0000000094600000|  0%| F|  |TAMS 0x0000000094500000| PB 0x0000000094500000| Untracked |  0
| 326|0x0000000094600000, 0x0000000094600000, 0x0000000094700000|  0%| F|  |TAMS 0x0000000094600000| PB 0x0000000094600000| Untracked |  0
| 327|0x0000000094700000, 0x0000000094700000, 0x0000000094800000|  0%| F|  |TAMS 0x0000000094700000| PB 0x0000000094700000| Untracked |  0
| 328|0x0000000094800000, 0x0000000094800000, 0x0000000094900000|  0%| F|  |TAMS 0x0000000094800000| PB 0x0000000094800000| Untracked |  0
| 329|0x0000000094900000, 0x0000000094900000, 0x0000000094a00000|  0%| F|  |TAMS 0x0000000094900000| PB 0x0000000094900000| Untracked |  0
| 330|0x0000000094a00000, 0x0000000094a00000, 0x0000000094b00000|  0%| F|  |TAMS 0x0000000094a00000| PB 0x0000000094a00000| Untracked |  0
| 331|0x0000000094b00000, 0x0000000094b00000, 0x0000000094c00000|  0%| F|  |TAMS 0x0000000094b00000| PB 0x0000000094b00000| Untracked |  0
| 332|0x0000000094c00000, 0x0000000094c00000, 0x0000000094d00000|  0%| F|  |TAMS 0x0000000094c00000| PB 0x0000000094c00000| Untracked |  0
| 333|0x0000000094d00000, 0x0000000094d00000, 0x0000000094e00000|  0%| F|  |TAMS 0x0000000094d00000| PB 0x0000000094d00000| Untracked |  0
| 334|0x0000000094e00000, 0x0000000094e00000, 0x0000000094f00000|  0%| F|  |TAMS 0x0000000094e00000| PB 0x0000000094e00000| Untracked |  0
| 335|0x0000000094f00000, 0x0000000094f00000, 0x0000000095000000|  0%| F|  |TAMS 0x0000000094f00000| PB 0x0000000094f00000| Untracked |  0
| 336|0x0000000095000000, 0x0000000095000000, 0x0000000095100000|  0%| F|  |TAMS 0x0000000095000000| PB 0x0000000095000000| Untracked |  0
| 337|0x0000000095100000, 0x0000000095100000, 0x0000000095200000|  0%| F|  |TAMS 0x0000000095100000| PB 0x0000000095100000| Untracked |  0
| 338|0x0000000095200000, 0x0000000095200000, 0x0000000095300000|  0%| F|  |TAMS 0x0000000095200000| PB 0x0000000095200000| Untracked |  0
| 339|0x0000000095300000, 0x0000000095300000, 0x0000000095400000|  0%| F|  |TAMS 0x0000000095300000| PB 0x0000000095300000| Untracked |  0
| 340|0x0000000095400000, 0x0000000095400000, 0x0000000095500000|  0%| F|  |TAMS 0x0000000095400000| PB 0x0000000095400000| Untracked |  0
| 341|0x0000000095500000, 0x0000000095500000, 0x0000000095600000|  0%| F|  |TAMS 0x0000000095500000| PB 0x0000000095500000| Untracked |  0
| 342|0x0000000095600000, 0x0000000095600000, 0x0000000095700000|  0%| F|  |TAMS 0x0000000095600000| PB 0x0000000095600000| Untracked |  0
| 343|0x0000000095700000, 0x0000000095700000, 0x0000000095800000|  0%| F|  |TAMS 0x0000000095700000| PB 0x0000000095700000| Untracked |  0
| 344|0x0000000095800000, 0x0000000095800000, 0x0000000095900000|  0%| F|  |TAMS 0x0000000095800000| PB 0x0000000095800000| Untracked |  0
| 345|0x0000000095900000, 0x0000000095900000, 0x0000000095a00000|  0%| F|  |TAMS 0x0000000095900000| PB 0x0000000095900000| Untracked |  0
| 346|0x0000000095a00000, 0x0000000095a00000, 0x0000000095b00000|  0%| F|  |TAMS 0x0000000095a00000| PB 0x0000000095a00000| Untracked |  0
| 347|0x0000000095b00000, 0x0000000095b00000, 0x0000000095c00000|  0%| F|  |TAMS 0x0000000095b00000| PB 0x0000000095b00000| Untracked |  0
| 348|0x0000000095c00000, 0x0000000095c00000, 0x0000000095d00000|  0%| F|  |TAMS 0x0000000095c00000| PB 0x0000000095c00000| Untracked |  0
| 349|0x0000000095d00000, 0x0000000095d00000, 0x0000000095e00000|  0%| F|  |TAMS 0x0000000095d00000| PB 0x0000000095d00000| Untracked |  0
| 350|0x0000000095e00000, 0x0000000095e00000, 0x0000000095f00000|  0%| F|  |TAMS 0x0000000095e00000| PB 0x0000000095e00000| Untracked |  0
| 351|0x0000000095f00000, 0x0000000095f00000, 0x0000000096000000|  0%| F|  |TAMS 0x0000000095f00000| PB 0x0000000095f00000| Untracked |  0
| 352|0x0000000096000000, 0x0000000096000000, 0x0000000096100000|  0%| F|  |TAMS 0x0000000096000000| PB 0x0000000096000000| Untracked |  0
| 353|0x0000000096100000, 0x0000000096100000, 0x0000000096200000|  0%| F|  |TAMS 0x0000000096100000| PB 0x0000000096100000| Untracked |  0
| 354|0x0000000096200000, 0x0000000096200000, 0x0000000096300000|  0%| F|  |TAMS 0x0000000096200000| PB 0x0000000096200000| Untracked |  0
| 355|0x0000000096300000, 0x0000000096300000, 0x0000000096400000|  0%| F|  |TAMS 0x0000000096300000| PB 0x0000000096300000| Untracked |  0
| 356|0x0000000096400000, 0x0000000096400000, 0x0000000096500000|  0%| F|  |TAMS 0x0000000096400000| PB 0x0000000096400000| Untracked |  0
| 357|0x0000000096500000, 0x0000000096500000, 0x0000000096600000|  0%| F|  |TAMS 0x0000000096500000| PB 0x0000000096500000| Untracked |  0
| 358|0x0000000096600000, 0x0000000096600000, 0x0000000096700000|  0%| F|  |TAMS 0x0000000096600000| PB 0x0000000096600000| Untracked |  0
| 359|0x0000000096700000, 0x0000000096700000, 0x0000000096800000|  0%| F|  |TAMS 0x0000000096700000| PB 0x0000000096700000| Untracked |  0
| 360|0x0000000096800000, 0x0000000096800000, 0x0000000096900000|  0%| F|  |TAMS 0x0000000096800000| PB 0x0000000096800000| Untracked |  0
| 361|0x0000000096900000, 0x0000000096900000, 0x0000000096a00000|  0%| F|  |TAMS 0x0000000096900000| PB 0x0000000096900000| Untracked |  0
| 362|0x0000000096a00000, 0x0000000096a00000, 0x0000000096b00000|  0%| F|  |TAMS 0x0000000096a00000| PB 0x0000000096a00000| Untracked |  0
| 363|0x0000000096b00000, 0x0000000096b00000, 0x0000000096c00000|  0%| F|  |TAMS 0x0000000096b00000| PB 0x0000000096b00000| Untracked |  0
| 364|0x0000000096c00000, 0x0000000096c00000, 0x0000000096d00000|  0%| F|  |TAMS 0x0000000096c00000| PB 0x0000000096c00000| Untracked |  0
| 365|0x0000000096d00000, 0x0000000096d00000, 0x0000000096e00000|  0%| F|  |TAMS 0x0000000096d00000| PB 0x0000000096d00000| Untracked |  0
| 366|0x0000000096e00000, 0x0000000096e00000, 0x0000000096f00000|  0%| F|  |TAMS 0x0000000096e00000| PB 0x0000000096e00000| Untracked |  0
| 367|0x0000000096f00000, 0x0000000096f00000, 0x0000000097000000|  0%| F|  |TAMS 0x0000000096f00000| PB 0x0000000096f00000| Untracked |  0
| 368|0x0000000097000000, 0x0000000097000000, 0x0000000097100000|  0%| F|  |TAMS 0x0000000097000000| PB 0x0000000097000000| Untracked |  0
| 369|0x0000000097100000, 0x0000000097100000, 0x0000000097200000|  0%| F|  |TAMS 0x0000000097100000| PB 0x0000000097100000| Untracked |  0
| 370|0x0000000097200000, 0x0000000097200000, 0x0000000097300000|  0%| F|  |TAMS 0x0000000097200000| PB 0x0000000097200000| Untracked |  0
| 371|0x0000000097300000, 0x0000000097300000, 0x0000000097400000|  0%| F|  |TAMS 0x0000000097300000| PB 0x0000000097300000| Untracked |  0
| 372|0x0000000097400000, 0x0000000097400000, 0x0000000097500000|  0%| F|  |TAMS 0x0000000097400000| PB 0x0000000097400000| Untracked |  0
| 373|0x0000000097500000, 0x0000000097500000, 0x0000000097600000|  0%| F|  |TAMS 0x0000000097500000| PB 0x0000000097500000| Untracked |  0
| 374|0x0000000097600000, 0x0000000097600000, 0x0000000097700000|  0%| F|  |TAMS 0x0000000097600000| PB 0x0000000097600000| Untracked |  0
| 375|0x0000000097700000, 0x0000000097700000, 0x0000000097800000|  0%| F|  |TAMS 0x0000000097700000| PB 0x0000000097700000| Untracked |  0
| 376|0x0000000097800000, 0x0000000097800000, 0x0000000097900000|  0%| F|  |TAMS 0x0000000097800000| PB 0x0000000097800000| Untracked |  0
| 377|0x0000000097900000, 0x0000000097900000, 0x0000000097a00000|  0%| F|  |TAMS 0x0000000097900000| PB 0x0000000097900000| Untracked |  0
| 378|0x0000000097a00000, 0x0000000097a00000, 0x0000000097b00000|  0%| F|  |TAMS 0x0000000097a00000| PB 0x0000000097a00000| Untracked |  0
| 379|0x0000000097b00000, 0x0000000097b00000, 0x0000000097c00000|  0%| F|  |TAMS 0x0000000097b00000| PB 0x0000000097b00000| Untracked |  0
| 380|0x0000000097c00000, 0x0000000097c00000, 0x0000000097d00000|  0%| F|  |TAMS 0x0000000097c00000| PB 0x0000000097c00000| Untracked |  0
| 381|0x0000000097d00000, 0x0000000097d00000, 0x0000000097e00000|  0%| F|  |TAMS 0x0000000097d00000| PB 0x0000000097d00000| Untracked |  0
| 382|0x0000000097e00000, 0x0000000097e00000, 0x0000000097f00000|  0%| F|  |TAMS 0x0000000097e00000| PB 0x0000000097e00000| Untracked |  0
| 383|0x0000000097f00000, 0x0000000097f00000, 0x0000000098000000|  0%| F|  |TAMS 0x0000000097f00000| PB 0x0000000097f00000| Untracked |  0
| 384|0x0000000098000000, 0x0000000098000000, 0x0000000098100000|  0%| F|  |TAMS 0x0000000098000000| PB 0x0000000098000000| Untracked |  0
| 385|0x0000000098100000, 0x0000000098100000, 0x0000000098200000|  0%| F|  |TAMS 0x0000000098100000| PB 0x0000000098100000| Untracked |  0
| 386|0x0000000098200000, 0x0000000098200000, 0x0000000098300000|  0%| F|  |TAMS 0x0000000098200000| PB 0x0000000098200000| Untracked |  0
| 387|0x0000000098300000, 0x0000000098300000, 0x0000000098400000|  0%| F|  |TAMS 0x0000000098300000| PB 0x0000000098300000| Untracked |  0
| 388|0x0000000098400000, 0x0000000098400000, 0x0000000098500000|  0%| F|  |TAMS 0x0000000098400000| PB 0x0000000098400000| Untracked |  0
| 389|0x0000000098500000, 0x0000000098500000, 0x0000000098600000|  0%| F|  |TAMS 0x0000000098500000| PB 0x0000000098500000| Untracked |  0
| 390|0x0000000098600000, 0x0000000098600000, 0x0000000098700000|  0%| F|  |TAMS 0x0000000098600000| PB 0x0000000098600000| Untracked |  0
| 391|0x0000000098700000, 0x0000000098700000, 0x0000000098800000|  0%| F|  |TAMS 0x0000000098700000| PB 0x0000000098700000| Untracked |  0
| 392|0x0000000098800000, 0x0000000098800000, 0x0000000098900000|  0%| F|  |TAMS 0x0000000098800000| PB 0x0000000098800000| Untracked |  0
| 393|0x0000000098900000, 0x0000000098900000, 0x0000000098a00000|  0%| F|  |TAMS 0x0000000098900000| PB 0x0000000098900000| Untracked |  0
| 394|0x0000000098a00000, 0x0000000098a00000, 0x0000000098b00000|  0%| F|  |TAMS 0x0000000098a00000| PB 0x0000000098a00000| Untracked |  0
| 395|0x0000000098b00000, 0x0000000098b00000, 0x0000000098c00000|  0%| F|  |TAMS 0x0000000098b00000| PB 0x0000000098b00000| Untracked |  0
| 396|0x0000000098c00000, 0x0000000098c00000, 0x0000000098d00000|  0%| F|  |TAMS 0x0000000098c00000| PB 0x0000000098c00000| Untracked |  0
| 397|0x0000000098d00000, 0x0000000098d00000, 0x0000000098e00000|  0%| F|  |TAMS 0x0000000098d00000| PB 0x0000000098d00000| Untracked |  0
| 398|0x0000000098e00000, 0x0000000098e00000, 0x0000000098f00000|  0%| F|  |TAMS 0x0000000098e00000| PB 0x0000000098e00000| Untracked |  0
| 399|0x0000000098f00000, 0x0000000098f00000, 0x0000000099000000|  0%| F|  |TAMS 0x0000000098f00000| PB 0x0000000098f00000| Untracked |  0
| 400|0x0000000099000000, 0x0000000099000000, 0x0000000099100000|  0%| F|  |TAMS 0x0000000099000000| PB 0x0000000099000000| Untracked |  0
| 401|0x0000000099100000, 0x0000000099100000, 0x0000000099200000|  0%| F|  |TAMS 0x0000000099100000| PB 0x0000000099100000| Untracked |  0
| 402|0x0000000099200000, 0x0000000099200000, 0x0000000099300000|  0%| F|  |TAMS 0x0000000099200000| PB 0x0000000099200000| Untracked |  0
| 403|0x0000000099300000, 0x0000000099300000, 0x0000000099400000|  0%| F|  |TAMS 0x0000000099300000| PB 0x0000000099300000| Untracked |  0
| 404|0x0000000099400000, 0x0000000099400000, 0x0000000099500000|  0%| F|  |TAMS 0x0000000099400000| PB 0x0000000099400000| Untracked |  0
| 405|0x0000000099500000, 0x0000000099500000, 0x0000000099600000|  0%| F|  |TAMS 0x0000000099500000| PB 0x0000000099500000| Untracked |  0
| 406|0x0000000099600000, 0x0000000099600000, 0x0000000099700000|  0%| F|  |TAMS 0x0000000099600000| PB 0x0000000099600000| Untracked |  0
| 407|0x0000000099700000, 0x0000000099700000, 0x0000000099800000|  0%| F|  |TAMS 0x0000000099700000| PB 0x0000000099700000| Untracked |  0
| 408|0x0000000099800000, 0x0000000099800000, 0x0000000099900000|  0%| F|  |TAMS 0x0000000099800000| PB 0x0000000099800000| Untracked |  0
| 409|0x0000000099900000, 0x0000000099900000, 0x0000000099a00000|  0%| F|  |TAMS 0x0000000099900000| PB 0x0000000099900000| Untracked |  0
| 410|0x0000000099a00000, 0x0000000099a00000, 0x0000000099b00000|  0%| F|  |TAMS 0x0000000099a00000| PB 0x0000000099a00000| Untracked |  0
| 411|0x0000000099b00000, 0x0000000099b00000, 0x0000000099c00000|  0%| F|  |TAMS 0x0000000099b00000| PB 0x0000000099b00000| Untracked |  0
| 412|0x0000000099c00000, 0x0000000099c00000, 0x0000000099d00000|  0%| F|  |TAMS 0x0000000099c00000| PB 0x0000000099c00000| Untracked |  0
| 413|0x0000000099d00000, 0x0000000099d83f58, 0x0000000099e00000| 51%| E|  |TAMS 0x0000000099d00000| PB 0x0000000099d00000| Complete |  0
| 414|0x0000000099e00000, 0x0000000099f00000, 0x0000000099f00000|100%| E|CS|TAMS 0x0000000099e00000| PB 0x0000000099e00000| Complete |  0
| 415|0x0000000099f00000, 0x000000009a000000, 0x000000009a000000|100%| E|CS|TAMS 0x0000000099f00000| PB 0x0000000099f00000| Complete |  0
| 416|0x000000009a000000, 0x000000009a100000, 0x000000009a100000|100%| E|CS|TAMS 0x000000009a000000| PB 0x000000009a000000| Complete |  0
| 417|0x000000009a100000, 0x000000009a200000, 0x000000009a200000|100%| E|CS|TAMS 0x000000009a100000| PB 0x000000009a100000| Complete |  0
| 418|0x000000009a200000, 0x000000009a300000, 0x000000009a300000|100%| E|CS|TAMS 0x000000009a200000| PB 0x000000009a200000| Complete |  0
| 419|0x000000009a300000, 0x000000009a400000, 0x000000009a400000|100%| E|CS|TAMS 0x000000009a300000| PB 0x000000009a300000| Complete |  0
| 420|0x000000009a400000, 0x000000009a500000, 0x000000009a500000|100%| E|CS|TAMS 0x000000009a400000| PB 0x000000009a400000| Complete |  0
| 421|0x000000009a500000, 0x000000009a600000, 0x000000009a600000|100%| E|CS|TAMS 0x000000009a500000| PB 0x000000009a500000| Complete |  0
| 422|0x000000009a600000, 0x000000009a700000, 0x000000009a700000|100%| E|CS|TAMS 0x000000009a600000| PB 0x000000009a600000| Complete |  0
| 423|0x000000009a700000, 0x000000009a800000, 0x000000009a800000|100%| E|  |TAMS 0x000000009a700000| PB 0x000000009a700000| Complete |  0
| 424|0x000000009a800000, 0x000000009a900000, 0x000000009a900000|100%| E|CS|TAMS 0x000000009a800000| PB 0x000000009a800000| Complete |  0
| 425|0x000000009a900000, 0x000000009aa00000, 0x000000009aa00000|100%| E|CS|TAMS 0x000000009a900000| PB 0x000000009a900000| Complete |  0
| 426|0x000000009aa00000, 0x000000009ab00000, 0x000000009ab00000|100%| E|CS|TAMS 0x000000009aa00000| PB 0x000000009aa00000| Complete |  0
| 427|0x000000009ab00000, 0x000000009ac00000, 0x000000009ac00000|100%| E|CS|TAMS 0x000000009ab00000| PB 0x000000009ab00000| Complete |  0
| 428|0x000000009ac00000, 0x000000009ad00000, 0x000000009ad00000|100%| E|CS|TAMS 0x000000009ac00000| PB 0x000000009ac00000| Complete |  0
| 429|0x000000009ad00000, 0x000000009ae00000, 0x000000009ae00000|100%| E|CS|TAMS 0x000000009ad00000| PB 0x000000009ad00000| Complete |  0
| 430|0x000000009ae00000, 0x000000009af00000, 0x000000009af00000|100%| E|CS|TAMS 0x000000009ae00000| PB 0x000000009ae00000| Complete |  0
| 431|0x000000009af00000, 0x000000009b000000, 0x000000009b000000|100%| E|CS|TAMS 0x000000009af00000| PB 0x000000009af00000| Complete |  0
| 432|0x000000009b000000, 0x000000009b100000, 0x000000009b100000|100%| E|CS|TAMS 0x000000009b000000| PB 0x000000009b000000| Complete |  0
| 433|0x000000009b100000, 0x000000009b200000, 0x000000009b200000|100%| E|CS|TAMS 0x000000009b100000| PB 0x000000009b100000| Complete |  0
| 434|0x000000009b200000, 0x000000009b300000, 0x000000009b300000|100%| E|CS|TAMS 0x000000009b200000| PB 0x000000009b200000| Complete |  0
| 435|0x000000009b300000, 0x000000009b400000, 0x000000009b400000|100%| E|CS|TAMS 0x000000009b300000| PB 0x000000009b300000| Complete |  0
| 436|0x000000009b400000, 0x000000009b500000, 0x000000009b500000|100%| E|CS|TAMS 0x000000009b400000| PB 0x000000009b400000| Complete |  0
| 437|0x000000009b500000, 0x000000009b600000, 0x000000009b600000|100%| E|CS|TAMS 0x000000009b500000| PB 0x000000009b500000| Complete |  0
| 438|0x000000009b600000, 0x000000009b700000, 0x000000009b700000|100%| E|CS|TAMS 0x000000009b600000| PB 0x000000009b600000| Complete |  0
| 439|0x000000009b700000, 0x000000009b800000, 0x000000009b800000|100%| E|CS|TAMS 0x000000009b700000| PB 0x000000009b700000| Complete |  0
| 440|0x000000009b800000, 0x000000009b900000, 0x000000009b900000|100%| E|CS|TAMS 0x000000009b800000| PB 0x000000009b800000| Complete |  0
| 441|0x000000009b900000, 0x000000009ba00000, 0x000000009ba00000|100%| E|CS|TAMS 0x000000009b900000| PB 0x000000009b900000| Complete |  0
| 442|0x000000009ba00000, 0x000000009bb00000, 0x000000009bb00000|100%| E|CS|TAMS 0x000000009ba00000| PB 0x000000009ba00000| Complete |  0
| 443|0x000000009bb00000, 0x000000009bc00000, 0x000000009bc00000|100%| E|CS|TAMS 0x000000009bb00000| PB 0x000000009bb00000| Complete |  0
| 444|0x000000009bc00000, 0x000000009bd00000, 0x000000009bd00000|100%| E|CS|TAMS 0x000000009bc00000| PB 0x000000009bc00000| Complete |  0
| 445|0x000000009bd00000, 0x000000009be00000, 0x000000009be00000|100%| E|CS|TAMS 0x000000009bd00000| PB 0x000000009bd00000| Complete |  0
| 446|0x000000009be00000, 0x000000009bf00000, 0x000000009bf00000|100%| E|CS|TAMS 0x000000009be00000| PB 0x000000009be00000| Complete |  0
| 447|0x000000009bf00000, 0x000000009c000000, 0x000000009c000000|100%| E|CS|TAMS 0x000000009bf00000| PB 0x000000009bf00000| Complete |  0
| 448|0x000000009c000000, 0x000000009c100000, 0x000000009c100000|100%| E|CS|TAMS 0x000000009c000000| PB 0x000000009c000000| Complete |  0
| 449|0x000000009c100000, 0x000000009c200000, 0x000000009c200000|100%| E|CS|TAMS 0x000000009c100000| PB 0x000000009c100000| Complete |  0
| 450|0x000000009c200000, 0x000000009c300000, 0x000000009c300000|100%| E|CS|TAMS 0x000000009c200000| PB 0x000000009c200000| Complete |  0
| 451|0x000000009c300000, 0x000000009c400000, 0x000000009c400000|100%| E|CS|TAMS 0x000000009c300000| PB 0x000000009c300000| Complete |  0
| 452|0x000000009c400000, 0x000000009c500000, 0x000000009c500000|100%| E|CS|TAMS 0x000000009c400000| PB 0x000000009c400000| Complete |  0
| 453|0x000000009c500000, 0x000000009c600000, 0x000000009c600000|100%| E|CS|TAMS 0x000000009c500000| PB 0x000000009c500000| Complete |  0
| 454|0x000000009c600000, 0x000000009c700000, 0x000000009c700000|100%| E|CS|TAMS 0x000000009c600000| PB 0x000000009c600000| Complete |  0
| 455|0x000000009c700000, 0x000000009c800000, 0x000000009c800000|100%| E|CS|TAMS 0x000000009c700000| PB 0x000000009c700000| Complete |  0
| 456|0x000000009c800000, 0x000000009c900000, 0x000000009c900000|100%| E|CS|TAMS 0x000000009c800000| PB 0x000000009c800000| Complete |  0
| 457|0x000000009c900000, 0x000000009ca00000, 0x000000009ca00000|100%| E|CS|TAMS 0x000000009c900000| PB 0x000000009c900000| Complete |  0
| 458|0x000000009ca00000, 0x000000009cb00000, 0x000000009cb00000|100%| E|CS|TAMS 0x000000009ca00000| PB 0x000000009ca00000| Complete |  0
| 459|0x000000009cb00000, 0x000000009cc00000, 0x000000009cc00000|100%| E|CS|TAMS 0x000000009cb00000| PB 0x000000009cb00000| Complete |  0
| 460|0x000000009cc00000, 0x000000009cd00000, 0x000000009cd00000|100%| E|CS|TAMS 0x000000009cc00000| PB 0x000000009cc00000| Complete |  0
| 461|0x000000009cd00000, 0x000000009ce00000, 0x000000009ce00000|100%| E|CS|TAMS 0x000000009cd00000| PB 0x000000009cd00000| Complete |  0
| 462|0x000000009ce00000, 0x000000009cf00000, 0x000000009cf00000|100%| E|CS|TAMS 0x000000009ce00000| PB 0x000000009ce00000| Complete |  0
|2046|0x00000000ffe00000, 0x00000000fff00000, 0x00000000fff00000|100%| O|  |TAMS 0x00000000ffe00000| PB 0x00000000ffe00000| Untracked |  0
|2047|0x00000000fff00000, 0x0000000100000000, 0x0000000100000000|100%| E|CS|TAMS 0x00000000fff00000| PB 0x00000000fff00000| Complete |  0

Card table byte_map: [0x000001d5f4c20000,0x000001d5f5020000] _byte_map_base: 0x000001d5f4820000

Marking Bits: (CMBitMap*) 0x000001d5eb3f6450
 Bits: [0x000001d5f5020000, 0x000001d5f7020000)

Polling page: 0x000001d5e9180000

Metaspace:
Metaspace        used 120458K, committed 122496K, reserved 557056K
 class space     used 16139K, committed 17088K, reserved 425984K

Usage:
  Non-class:    101.87 MB used.
      Class:     15.76 MB used.
       Both:    117.64 MB used.

Virtual space:
  Non-class space:      128.00 MB reserved,     102.94 MB ( 80%) committed,  2 nodes.
      Class space:      416.00 MB reserved,      16.69 MB (  4%) committed,  1 nodes.
             Both:      544.00 MB reserved,     119.62 MB ( 22%) committed. 

Chunk freelists:
   Non-Class:  8.78 MB
       Class:  15.20 MB
        Both:  23.98 MB

MaxMetaspaceSize: 512.00 MB
CompressedClassSpaceSize: 416.00 MB
Initial GC threshold: 21.00 MB
Current GC threshold: 148.88 MB
CDS: on
 - commit_granule_bytes: 65536.
 - commit_granule_words: 8192.
 - virtual_space_node_default_size: 8388608.
 - enlarge_chunks_in_place: 1.
UseCompressedClassPointers 1, UseCompactObjectHeaders 0
Narrow klass pointer bits 32, Max shift 3
Narrow klass base: 0x0000000049000000, Narrow klass shift: 0
Encoding Range: [0x0000000049000000 - 0x0000000149000000), (4294967296 bytes)
Klass Range:    [0x0000000049010000 - 0x0000000064000000), (452919296 bytes)
Klass ID Range:  [65536 - 452984825) (452919289)
Protection zone: [0x0000000049000000 - 0x0000000049010000), (65536 bytes)


Internal statistics:

num_allocs_failed_limit: 15.
num_arena_births: 3498.
num_arena_deaths: 16.
num_vsnodes_births: 3.
num_vsnodes_deaths: 0.
num_space_committed: 1913.
num_space_uncommitted: 0.
num_chunks_returned_to_freelist: 48.
num_chunks_taken_from_freelist: 8194.
num_chunk_merges: 16.
num_chunk_splits: 5896.
num_chunks_enlarged: 4337.
num_inconsistent_stats: 0.

CodeHeap 'non-profiled nmethods': size=119168Kb used=9530Kb max_used=9530Kb free=109638Kb
 bounds [0x000001d587bb0000, 0x000001d588500000, 0x000001d58f010000]
CodeHeap 'profiled nmethods': size=119168Kb used=23372Kb max_used=23372Kb free=95795Kb
 bounds [0x000001d580000000, 0x000001d5816e0000, 0x000001d587460000]
CodeHeap 'non-nmethods': size=7488Kb used=2284Kb max_used=3815Kb free=5203Kb
 bounds [0x000001d587460000, 0x000001d587840000, 0x000001d587bb0000]
CodeCache: size=245824Kb, used=35186Kb, max_used=36717Kb, free=210636Kb
 total_blobs=14852, nmethods=13738, adapters=1014, full_count=0
Compilation: enabled, stopped_count=0, restarted_count=0

Compilation events (20 events):
Event: 120.090 Thread 0x000001d5f9a224f0 nmethod 15693 0x000001d5816c0a88 code [0x000001d5816c0b80, 0x000001d5816c0d20]
Event: 120.090 Thread 0x000001d5f9a224f0 15695       3       java.math.BigInteger::shiftRightImplWorker (59 bytes)
Event: 120.091 Thread 0x000001d5f9a224f0 nmethod 15695 0x000001d5816c0d88 code [0x000001d5816c0e80, 0x000001d5816c10e0]
Event: 120.091 Thread 0x000001d5f9a224f0 15692       1       java.util.concurrent.ThreadPoolExecutor::getQueue (5 bytes)
Event: 120.091 Thread 0x000001d5f9a224f0 nmethod 15692 0x000001d5884fc608 code [0x000001d5884fc700, 0x000001d5884fc7c8]
Event: 120.394 Thread 0x000001d5f9a224f0 15696       3       java.security.MessageDigest::getInstance (155 bytes)
Event: 120.398 Thread 0x000001d5f9a224f0 nmethod 15696 0x000001d5816c1108 code [0x000001d5816c1200, 0x000001d5816c2728]
Event: 120.860 Thread 0x000001d5f9a224f0 15697       3       com.google.common.cache.LocalCache$Segment::postReadCleanup (18 bytes)
Event: 120.871 Thread 0x000001d5f9a224f0 nmethod 15697 0x000001d5816c2788 code [0x000001d5816c2880, 0x000001d5816c2ac0]
Event: 121.006 Thread 0x000001d5f9a1e820 15698       4       java.net.URL::getDefaultPort (8 bytes)
Event: 121.008 Thread 0x000001d5f9a1e820 nmethod 15698 0x000001d5884fc908 code [0x000001d5884fca00, 0x000001d5884fcac0]
Event: 121.623 Thread 0x000001d5f9a1e820 15699   !   4       java.io.BufferedReader::readLine (331 bytes)
Event: 121.634 Thread 0x000001d5f9a224f0 15700       3       java.lang.String::startsWith (123 bytes)
Event: 121.635 Thread 0x000001d5f9a224f0 nmethod 15700 0x000001d5816c2b08 code [0x000001d5816c2c00, 0x000001d5816c35f0]
Event: 121.635 Thread 0x000001d5f9a224f0 15701       3       java.lang.String::startsWith (7 bytes)
Event: 121.635 Thread 0x000001d5f9a224f0 nmethod 15701 0x000001d5816c3608 code [0x000001d5816c3700, 0x000001d5816c38c0]
Event: 121.645 Thread 0x000001d5f9a224f0 15702 %     3       sun.nio.cs.UTF_8$Decoder::decodeArrayLoop @ 103 (688 bytes)
Event: 121.664 Thread 0x000001d5f9a224f0 nmethod 15702% 0x000001d5816c3908 code [0x000001d5816c3a00, 0x000001d5816c8878]
Event: 121.682 Thread 0x000001d5f9a224f0 15705       3       sun.nio.cs.UTF_8$Decoder::decodeArrayLoop (688 bytes)
Event: 122.674 Thread 0x000001d5f9a224f0 nmethod 15705 0x000001d5816c8888 code [0x000001d5816c8980, 0x000001d5816ce088]

GC Heap Usage History (20 events):
Event: 35.682 {heap Before GC invocations=68 (full 0):
 garbage-first heap   total reserved 2097152K, committed 476160K, used 406056K [0x0000000080000000, 0x0000000100000000)
  region size 1024K, 279 young (285696K), 7 survivors (7168K)
}
Event: 35.692 {heap After GC invocations=69 (full 0):
 garbage-first heap   total reserved 2097152K, committed 476160K, used 130258K [0x0000000080000000, 0x0000000100000000)
  region size 1024K, 9 young (9216K), 9 survivors (9216K)
}
Event: 37.146 {heap Before GC invocations=69 (full 0):
 garbage-first heap   total reserved 2097152K, committed 476160K, used 406738K [0x0000000080000000, 0x0000000100000000)
  region size 1024K, 279 young (285696K), 9 survivors (9216K)
}
Event: 37.156 {heap After GC invocations=70 (full 0):
 garbage-first heap   total reserved 2097152K, committed 476160K, used 133328K [0x0000000080000000, 0x0000000100000000)
  region size 1024K, 12 young (12288K), 12 survivors (12288K)
}
Event: 42.398 {heap Before GC invocations=70 (full 0):
 garbage-first heap   total reserved 2097152K, committed 476160K, used 406736K [0x0000000080000000, 0x0000000100000000)
  region size 1024K, 279 young (285696K), 12 survivors (12288K)
}
Event: 42.438 {heap After GC invocations=71 (full 0):
 garbage-first heap   total reserved 2097152K, committed 476160K, used 136778K [0x0000000080000000, 0x0000000100000000)
  region size 1024K, 16 young (16384K), 16 survivors (16384K)
}
Event: 46.602 {heap Before GC invocations=71 (full 0):
 garbage-first heap   total reserved 2097152K, committed 476160K, used 406090K [0x0000000080000000, 0x0000000100000000)
  region size 1024K, 279 young (285696K), 16 survivors (16384K)
}
Event: 46.626 {heap After GC invocations=72 (full 0):
 garbage-first heap   total reserved 2097152K, committed 476160K, used 141988K [0x0000000080000000, 0x0000000100000000)
  region size 1024K, 21 young (21504K), 21 survivors (21504K)
}
Event: 49.026 {heap Before GC invocations=72 (full 0):
 garbage-first heap   total reserved 2097152K, committed 476160K, used 406180K [0x0000000080000000, 0x0000000100000000)
  region size 1024K, 279 young (285696K), 21 survivors (21504K)
}
Event: 49.047 {heap After GC invocations=73 (full 0):
 garbage-first heap   total reserved 2097152K, committed 476160K, used 143892K [0x0000000080000000, 0x0000000100000000)
  region size 1024K, 23 young (23552K), 23 survivors (23552K)
}
Event: 50.896 {heap Before GC invocations=73 (full 0):
 garbage-first heap   total reserved 2097152K, committed 476160K, used 417300K [0x0000000080000000, 0x0000000100000000)
  region size 1024K, 279 young (285696K), 23 survivors (23552K)
}
Event: 50.926 {heap After GC invocations=74 (full 0):
 garbage-first heap   total reserved 2097152K, committed 476160K, used 144359K [0x0000000080000000, 0x0000000100000000)
  region size 1024K, 26 young (26624K), 26 survivors (26624K)
}
Event: 51.802 {heap Before GC invocations=74 (full 0):
 garbage-first heap   total reserved 2097152K, committed 476160K, used 404455K [0x0000000080000000, 0x0000000100000000)
  region size 1024K, 279 young (285696K), 26 survivors (26624K)
}
Event: 51.836 {heap After GC invocations=75 (full 0):
 garbage-first heap   total reserved 2097152K, committed 476160K, used 141068K [0x0000000080000000, 0x0000000100000000)
  region size 1024K, 16 young (16384K), 16 survivors (16384K)
}
Event: 54.309 {heap Before GC invocations=75 (full 0):
 garbage-first heap   total reserved 2097152K, committed 476160K, used 410380K [0x0000000080000000, 0x0000000100000000)
  region size 1024K, 279 young (285696K), 16 survivors (16384K)
}
Event: 54.324 {heap After GC invocations=76 (full 0):
 garbage-first heap   total reserved 2097152K, committed 476160K, used 140785K [0x0000000080000000, 0x0000000100000000)
  region size 1024K, 16 young (16384K), 16 survivors (16384K)
}
Event: 58.936 {heap Before GC invocations=76 (full 0):
 garbage-first heap   total reserved 2097152K, committed 476160K, used 395761K [0x0000000080000000, 0x0000000100000000)
  region size 1024K, 267 young (273408K), 16 survivors (16384K)
}
Event: 58.990 {heap After GC invocations=77 (full 0):
 garbage-first heap   total reserved 2097152K, committed 476160K, used 166917K [0x0000000080000000, 0x0000000100000000)
  region size 1024K, 35 young (35840K), 35 survivors (35840K)
}
Event: 82.684 {heap Before GC invocations=78 (full 0):
 garbage-first heap   total reserved 2097152K, committed 476160K, used 411653K [0x0000000080000000, 0x0000000100000000)
  region size 1024K, 279 young (285696K), 35 survivors (35840K)
}
Event: 83.059 {heap After GC invocations=79 (full 0):
 garbage-first heap   total reserved 2097152K, committed 476160K, used 153436K [0x0000000080000000, 0x0000000100000000)
  region size 1024K, 10 young (10240K), 10 survivors (10240K)
}

Metaspace Usage History (20 events):
Event: 35.682 {metaspace Before GC invocations=68 (full 0):
 Metaspace       used 56107K, committed 57856K, reserved 491520K
  class space    used 7985K, committed 8832K, reserved 425984K
}
Event: 35.692 {metaspace After GC invocations=69 (full 0):
 Metaspace       used 56107K, committed 57856K, reserved 491520K
  class space    used 7985K, committed 8832K, reserved 425984K
}
Event: 37.146 {metaspace Before GC invocations=69 (full 0):
 Metaspace       used 56164K, committed 57920K, reserved 491520K
  class space    used 7986K, committed 8832K, reserved 425984K
}
Event: 37.156 {metaspace After GC invocations=70 (full 0):
 Metaspace       used 56164K, committed 57920K, reserved 491520K
  class space    used 7986K, committed 8832K, reserved 425984K
}
Event: 42.400 {metaspace Before GC invocations=70 (full 0):
 Metaspace       used 56166K, committed 57920K, reserved 491520K
  class space    used 7986K, committed 8832K, reserved 425984K
}
Event: 42.438 {metaspace After GC invocations=71 (full 0):
 Metaspace       used 56166K, committed 57920K, reserved 491520K
  class space    used 7986K, committed 8832K, reserved 425984K
}
Event: 46.602 {metaspace Before GC invocations=71 (full 0):
 Metaspace       used 56177K, committed 57920K, reserved 491520K
  class space    used 7986K, committed 8832K, reserved 425984K
}
Event: 46.628 {metaspace After GC invocations=72 (full 0):
 Metaspace       used 56177K, committed 57920K, reserved 491520K
  class space    used 7986K, committed 8832K, reserved 425984K
}
Event: 49.026 {metaspace Before GC invocations=72 (full 0):
 Metaspace       used 56180K, committed 57920K, reserved 491520K
  class space    used 7987K, committed 8832K, reserved 425984K
}
Event: 49.047 {metaspace After GC invocations=73 (full 0):
 Metaspace       used 56180K, committed 57920K, reserved 491520K
  class space    used 7987K, committed 8832K, reserved 425984K
}
Event: 50.896 {metaspace Before GC invocations=73 (full 0):
 Metaspace       used 56215K, committed 57984K, reserved 491520K
  class space    used 7994K, committed 8832K, reserved 425984K
}
Event: 50.926 {metaspace After GC invocations=74 (full 0):
 Metaspace       used 56215K, committed 57984K, reserved 491520K
  class space    used 7994K, committed 8832K, reserved 425984K
}
Event: 51.802 {metaspace Before GC invocations=74 (full 0):
 Metaspace       used 56303K, committed 58048K, reserved 491520K
  class space    used 7994K, committed 8832K, reserved 425984K
}
Event: 51.836 {metaspace After GC invocations=75 (full 0):
 Metaspace       used 56303K, committed 58048K, reserved 491520K
  class space    used 7994K, committed 8832K, reserved 425984K
}
Event: 54.309 {metaspace Before GC invocations=75 (full 0):
 Metaspace       used 62395K, committed 64192K, reserved 491520K
  class space    used 9270K, committed 10112K, reserved 425984K
}
Event: 54.324 {metaspace After GC invocations=76 (full 0):
 Metaspace       used 62395K, committed 64192K, reserved 491520K
  class space    used 9270K, committed 10112K, reserved 425984K
}
Event: 58.936 {metaspace Before GC invocations=76 (full 0):
 Metaspace       used 88702K, committed 90496K, reserved 557056K
  class space    used 12284K, committed 13120K, reserved 425984K
}
Event: 58.990 {metaspace After GC invocations=77 (full 0):
 Metaspace       used 88702K, committed 90496K, reserved 557056K
  class space    used 12284K, committed 13120K, reserved 425984K
}
Event: 82.685 {metaspace Before GC invocations=78 (full 0):
 Metaspace       used 114315K, committed 116288K, reserved 557056K
  class space    used 15254K, committed 16192K, reserved 425984K
}
Event: 83.059 {metaspace After GC invocations=79 (full 0):
 Metaspace       used 114315K, committed 116288K, reserved 557056K
  class space    used 15254K, committed 16192K, reserved 425984K
}

Dll operation events (20 events):
Event: 0.476 Attempting to load shared library C:\Users\blajo\AppData\Roaming\Cursor\User\globalStorage\pleiades.java-extension-pack-jdk\java\25\bin\nio.dll
Event: 0.601 Loaded shared library C:\Users\blajo\AppData\Roaming\Cursor\User\globalStorage\pleiades.java-extension-pack-jdk\java\25\bin\nio.dll
Event: 0.690 Attempting to load shared library C:\Users\blajo\AppData\Roaming\Cursor\User\globalStorage\pleiades.java-extension-pack-jdk\java\25\bin\zip.dll
Event: 0.690 Loaded shared library C:\Users\blajo\AppData\Roaming\Cursor\User\globalStorage\pleiades.java-extension-pack-jdk\java\25\bin\zip.dll
Event: 1.406 Attempting to load shared library C:\Users\blajo\AppData\Roaming\Cursor\User\globalStorage\pleiades.java-extension-pack-jdk\java\25\bin\jimage.dll
Event: 1.407 Loaded shared library C:\Users\blajo\AppData\Roaming\Cursor\User\globalStorage\pleiades.java-extension-pack-jdk\java\25\bin\jimage.dll
Event: 1.729 Attempting to load shared library C:\Users\blajo\AppData\Roaming\Cursor\User\globalStorage\pleiades.java-extension-pack-jdk\java\25\bin\verify.dll
Event: 1.733 Loaded shared library C:\Users\blajo\AppData\Roaming\Cursor\User\globalStorage\pleiades.java-extension-pack-jdk\java\25\bin\verify.dll
Event: 1.783 Attempting to load shared library C:\Users\blajo\.gradle\native\660c5614fbf4a5f2a75b1949f50a0caf5cd603558e7d8a26e50b933a0cfb79d1\windows-amd64\native-platform.dll
Event: 1.785 Loaded shared library C:\Users\blajo\.gradle\native\660c5614fbf4a5f2a75b1949f50a0caf5cd603558e7d8a26e50b933a0cfb79d1\windows-amd64\native-platform.dll
Event: 1.814 Attempting to load shared library C:\Users\blajo\.gradle\native\0.2.8\x86_64-windows-gnu\gradle-fileevents.dll
Event: 1.854 Loaded shared library C:\Users\blajo\.gradle\native\0.2.8\x86_64-windows-gnu\gradle-fileevents.dll
Event: 3.057 Attempting to load shared library C:\Users\blajo\AppData\Roaming\Cursor\User\globalStorage\pleiades.java-extension-pack-jdk\java\25\bin\management.dll
Event: 3.135 Loaded shared library C:\Users\blajo\AppData\Roaming\Cursor\User\globalStorage\pleiades.java-extension-pack-jdk\java\25\bin\management.dll
Event: 3.139 Attempting to load shared library C:\Users\blajo\AppData\Roaming\Cursor\User\globalStorage\pleiades.java-extension-pack-jdk\java\25\bin\management_ext.dll
Event: 3.211 Loaded shared library C:\Users\blajo\AppData\Roaming\Cursor\User\globalStorage\pleiades.java-extension-pack-jdk\java\25\bin\management_ext.dll
Event: 3.385 Attempting to load shared library C:\Users\blajo\AppData\Roaming\Cursor\User\globalStorage\pleiades.java-extension-pack-jdk\java\25\bin\extnet.dll
Event: 3.452 Loaded shared library C:\Users\blajo\AppData\Roaming\Cursor\User\globalStorage\pleiades.java-extension-pack-jdk\java\25\bin\extnet.dll
Event: 3.796 Attempting to load shared library C:\Users\blajo\AppData\Roaming\Cursor\User\globalStorage\pleiades.java-extension-pack-jdk\java\25\bin\sunmscapi.dll
Event: 3.900 Loaded shared library C:\Users\blajo\AppData\Roaming\Cursor\User\globalStorage\pleiades.java-extension-pack-jdk\java\25\bin\sunmscapi.dll

Deoptimization events (20 events):
Event: 120.297 Thread 0x000001d58f1ce050 DEOPT PACKING pc=0x000001d5884eb990 sp=0x0000003b522f08b0
Event: 120.298 Thread 0x000001d58f1ce050 DEOPT UNPACKING pc=0x000001d58757f902 sp=0x0000003b522f0860 mode 2
Event: 120.298 Thread 0x000001d58f1ce050 Uncommon trap: trap_request=0xffffffc6 fr.pc=0x000001d5884eb990 relative=0x0000000000000610
Event: 120.298 Thread 0x000001d58f1ce050 Uncommon trap: reason=bimorphic_or_optimized_type_check action=maybe_recompile pc=0x000001d5884eb990 method=java.util.ImmutableCollections$MapN.probe(Ljava/lang/Object;)I @ 1 c2
Event: 120.298 Thread 0x000001d58f1ce050 DEOPT PACKING pc=0x000001d5884eb990 sp=0x0000003b522f08b0
Event: 120.298 Thread 0x000001d58f1ce050 DEOPT UNPACKING pc=0x000001d58757f902 sp=0x0000003b522f0860 mode 2
Event: 120.298 Thread 0x000001d58f1ce050 Uncommon trap: trap_request=0xffffffc6 fr.pc=0x000001d5884eb990 relative=0x0000000000000610
Event: 120.298 Thread 0x000001d58f1ce050 Uncommon trap: reason=bimorphic_or_optimized_type_check action=maybe_recompile pc=0x000001d5884eb990 method=java.util.ImmutableCollections$MapN.probe(Ljava/lang/Object;)I @ 1 c2
Event: 120.298 Thread 0x000001d58f1ce050 DEOPT PACKING pc=0x000001d5884eb990 sp=0x0000003b522f08b0
Event: 120.298 Thread 0x000001d58f1ce050 DEOPT UNPACKING pc=0x000001d58757f902 sp=0x0000003b522f0860 mode 2
Event: 121.630 Thread 0x000001d58f1ce050 Uncommon trap: trap_request=0xffffff45 fr.pc=0x000001d587c8ff2c relative=0x00000000000001ac
Event: 121.632 Thread 0x000001d58f1ce050 Uncommon trap: reason=unstable_if action=reinterpret pc=0x000001d587c8ff2c method=java.lang.String.startsWith(Ljava/lang/String;I)Z @ 50 c2
Event: 121.632 Thread 0x000001d58f1ce050 DEOPT PACKING pc=0x000001d587c8ff2c sp=0x0000003b522f3610
Event: 121.632 Thread 0x000001d58f1ce050 DEOPT UNPACKING pc=0x000001d58757f902 sp=0x0000003b522f3540 mode 2
Event: 121.634 Thread 0x000001d58f1ce050 Uncommon trap: trap_request=0xffffff45 fr.pc=0x000001d587ca2770 relative=0x00000000000001f0
Event: 121.634 Thread 0x000001d58f1ce050 Uncommon trap: reason=unstable_if action=reinterpret pc=0x000001d587ca2770 method=java.lang.String.startsWith(Ljava/lang/String;I)Z @ 50 c2
Event: 121.634 Thread 0x000001d58f1ce050 DEOPT PACKING pc=0x000001d587ca2770 sp=0x0000003b522f35a0
Event: 121.634 Thread 0x000001d58f1ce050 DEOPT UNPACKING pc=0x000001d58757f902 sp=0x0000003b522f3540 mode 2
Event: 121.682 Thread 0x000001d58f1ce050 DEOPT PACKING pc=0x000001d58076d732 sp=0x0000003b522f3080
Event: 121.682 Thread 0x000001d58f1ce050 DEOPT UNPACKING pc=0x000001d5874b1702 sp=0x0000003b522f25c8 mode 0

Classes loaded (20 events):
Event: 120.467 Loading class sun/security/ssl/SessionId
Event: 120.470 Loading class sun/security/ssl/SessionId done
Event: 120.470 Loading class sun/security/ssl/DTLSInputRecord
Event: 120.485 Loading class sun/security/ssl/DTLSRecord
Event: 120.486 Loading class sun/security/ssl/DTLSRecord done
Event: 120.486 Loading class sun/security/ssl/DTLSInputRecord done
Event: 120.486 Loading class javax/net/ssl/SSLParameters
Event: 120.490 Loading class javax/net/ssl/SSLParameters done
Event: 120.490 Loading class sun/security/ssl/SSLConfiguration$1
Event: 120.493 Loading class sun/security/ssl/SSLConfiguration$1 done
Event: 120.744 Loading class javax/net/ssl/SSLHandshakeException
Event: 120.744 Loading class javax/net/ssl/SSLHandshakeException done
Event: 121.240 Loading class java/net/ProxySelector
Event: 121.244 Loading class java/net/ProxySelector done
Event: 121.247 Loading class sun/net/spi/DefaultProxySelector
Event: 121.269 Loading class sun/net/spi/DefaultProxySelector done
Event: 121.281 Loading class java/net/Proxy
Event: 121.283 Loading class java/net/Proxy done
Event: 121.283 Loading class java/net/Proxy$Type
Event: 121.283 Loading class java/net/Proxy$Type done

Classes unloaded (20 events):
Event: 16.783 Thread 0x000001d5f99efa60 Unloading class 0x000000004a7a5000 '_BuildScript_$_run_closure1$_closure2$_closure3'
Event: 16.783 Thread 0x000001d5f99efa60 Unloading class 0x000000004a7a48f0 '_BuildScript_$_run_closure1$_closure2'
Event: 16.783 Thread 0x000001d5f99efa60 Unloading class 0x000000004a7a4500 '_BuildScript_$_run_closure1'
Event: 16.783 Thread 0x000001d5f99efa60 Unloading class 0x000000004a7a4000 '_BuildScript_'
Event: 16.783 Thread 0x000001d5f99efa60 Unloading class 0x000000004a79e000 '_BuildScript_$_run_closure1$_closure2'
Event: 16.783 Thread 0x000001d5f99efa60 Unloading class 0x000000004a79d8f8 '_BuildScript_$_run_closure1'
Event: 16.783 Thread 0x000001d5f99efa60 Unloading class 0x000000004a79d3f8 '_BuildScript_'
Event: 16.783 Thread 0x000001d5f99efa60 Unloading class 0x000000004a79d000 'ProtobufPatchPlugin$_apply_closure1$_closure2$_closure3$_closure4'
Event: 16.783 Thread 0x000001d5f99efa60 Unloading class 0x000000004a79cac8 'ProtobufPatchPlugin$_apply_closure1$_closure2$_closure3'
Event: 16.783 Thread 0x000001d5f99efa60 Unloading class 0x000000004a79c6d0 'ProtobufPatchPlugin$_apply_closure1$_closure2'
Event: 16.783 Thread 0x000001d5f99efa60 Unloading class 0x000000004a79c2d8 'ProtobufPatchPlugin$_apply_closure1'
Event: 16.783 Thread 0x000001d5f99efa60 Unloading class 0x000000004a79c000 'ProtobufPatchPlugin'
Event: 16.783 Thread 0x000001d5f99efa60 Unloading class 0x000000004a7308f0 '_BuildScript_$_run_closure1$_closure2'
Event: 16.783 Thread 0x000001d5f99efa60 Unloading class 0x000000004a730500 '_BuildScript_$_run_closure1'
Event: 16.783 Thread 0x000001d5f99efa60 Unloading class 0x000000004a730000 '_BuildScript_'
Event: 17.684 Thread 0x000001d5f99efa60 Unloading class 0x000000004a7c53f0 '_BuildScript_$_run_closure2'
Event: 17.684 Thread 0x000001d5f99efa60 Unloading class 0x000000004a7c5000 '_BuildScript_$_run_closure1$_closure4'
Event: 17.684 Thread 0x000001d5f99efa60 Unloading class 0x000000004a7c48f0 '_BuildScript_$_run_closure1$_closure3'
Event: 17.684 Thread 0x000001d5f99efa60 Unloading class 0x000000004a7c4500 '_BuildScript_$_run_closure1'
Event: 17.684 Thread 0x000001d5f99efa60 Unloading class 0x000000004a7c4000 '_BuildScript_'

Classes redefined (0 events):
No events

Internal exceptions (20 events):
Event: 83.760 Thread 0x000001d58f1ce050 Exception <a 'sun/nio/fs/WindowsException'{0x00000000fff6a8e8}> (0x00000000fff6a8e8) 
thrown [s\src\hotspot\share\prims\jni.cpp, line 516]
Event: 83.776 Thread 0x000001d58f1ce050 Exception <a 'sun/nio/fs/WindowsException'{0x00000000fff73140}> (0x00000000fff73140) 
thrown [s\src\hotspot\share\prims\jni.cpp, line 516]
Event: 83.923 Thread 0x000001d58f1ce050 Exception <a 'sun/nio/fs/WindowsException'{0x00000000fffb61c0}> (0x00000000fffb61c0) 
thrown [s\src\hotspot\share\prims\jni.cpp, line 516]
Event: 84.149 Thread 0x000001d58f1ce050 Exception <a 'sun/nio/fs/WindowsException'{0x00000000fffc2d50}> (0x00000000fffc2d50) 
thrown [s\src\hotspot\share\prims\jni.cpp, line 516]
Event: 84.984 Thread 0x000001d58f1ce050 Exception <a 'java/lang/NoSuchMethodError'{0x000000009cd58ff0}: 'java.lang.Object java.lang.invoke.DirectMethodHandle$Holder.invokeVirtual(java.lang.Object, java.lang.Object, java.lang.Object, java.lang.Object, java.lang.Object, java.lang.Object, java.lang.Object, java.lang.Object, java.lang.Object, java.lang.Object, java.lang.Object, java.lang.Object, java.lang.Object, java.lang.Object, java.lang.Object)'> (0x000000009cd58ff0) 
thrown [s\src\hotspot\share\interpreter\linkResolver.cpp, line 804]
Event: 85.180 Thread 0x000001d58f1ce050 Exception <a 'java/lang/NoSuchMethodError'{0x000000009cc8a0c0}: 'java.lang.Object java.lang.invoke.DirectMethodHandle$Holder.newInvokeSpecial(java.lang.Object, java.lang.Object, java.lang.Object, java.lang.Object, java.lang.Object, java.lang.Object, java.lang.Object, java.lang.Object, java.lang.Object, java.lang.Object, java.lang.Object, java.lang.Object, java.lang.Object)'> (0x000000009cc8a0c0) 
thrown [s\src\hotspot\share\interpreter\linkResolver.cpp, line 804]
Event: 85.505 Thread 0x000001d58f1ce050 Exception <a 'java/lang/NoSuchMethodError'{0x000000009cbf81d0}: 'java.lang.Object java.lang.invoke.Invokers$Holder.invoker(java.lang.Object, java.lang.Object, java.lang.Object, java.lang.Object, java.lang.Object, java.lang.Object, java.lang.Object, java.lang.Object)'> (0x000000009cbf81d0) 
thrown [s\src\hotspot\share\interpreter\linkResolver.cpp, line 804]
Event: 86.499 Thread 0x000001d58f1ce050 Exception <a 'java/lang/NoSuchMethodError'{0x000000009c78c300}: 'void java.lang.invoke.DirectMethodHandle$Holder.invokeStatic(java.lang.Object, java.lang.Object, long, java.lang.Object)'> (0x000000009c78c300) 
thrown [s\src\hotspot\share\interpreter\linkResolver.cpp, line 804]
Event: 87.596 Thread 0x000001d58f1ce050 Exception <a 'java/lang/NoSuchMethodError'{0x000000009c5a5590}: 'int java.lang.invoke.DirectMethodHandle$Holder.invokeInterface(java.lang.Object, java.lang.Object, java.lang.Object, java.lang.Object)'> (0x000000009c5a5590) 
thrown [s\src\hotspot\share\interpreter\linkResolver.cpp, line 804]
Event: 88.726 Thread 0x000001d58f1ce050 Exception <a 'java/lang/NoSuchMethodError'{0x000000009c290fe0}: 'java.lang.Object java.lang.invoke.Invokers$Holder.linkToTargetMethod(java.lang.Object, java.lang.Object, java.lang.Object, java.lang.Object, long, java.lang.Object, java.lang.Object)'> (0x000000009c290fe0) 
thrown [s\src\hotspot\share\interpreter\linkResolver.cpp, line 804]
Event: 88.781 Thread 0x000001d58f1ce050 Exception <a 'java/lang/NoSuchMethodError'{0x000000009c2ec310}: 'java.lang.Object java.lang.invoke.DirectMethodHandle$Holder.newInvokeSpecial(java.lang.Object, java.lang.Object, java.lang.Object, long, java.lang.Object)'> (0x000000009c2ec310) 
thrown [s\src\hotspot\share\interpreter\linkResolver.cpp, line 804]
Event: 88.789 Thread 0x000001d58f1ce050 Exception <a 'java/lang/NoSuchMethodError'{0x000000009c2f6210}: 'java.lang.Object java.lang.invoke.DirectMethodHandle$Holder.invokeSpecial(java.lang.Object, java.lang.Object, java.lang.Object, java.lang.Object, long, java.lang.Object)'> (0x000000009c2f6210) 
thrown [s\src\hotspot\share\interpreter\linkResolver.cpp, line 804]
Event: 88.795 Thread 0x000001d58f1ce050 Exception <a 'java/lang/NoSuchMethodError'{0x000000009c2ff8f0}: 'java.lang.Object java.lang.invoke.Invokers$Holder.linkToTargetMethod(java.lang.Object, java.lang.Object, long, java.lang.Object, java.lang.Object)'> (0x000000009c2ff8f0) 
thrown [s\src\hotspot\share\interpreter\linkResolver.cpp, line 804]
Event: 89.628 Thread 0x000001d58f1ce050 Exception <a 'java/lang/NoSuchMethodError'{0x000000009bf5cc80}: 'java.lang.Object java.lang.invoke.DelegatingMethodHandle$Holder.reinvoke_L(java.lang.Object, java.lang.Object, java.lang.Object, java.lang.Object, int, java.lang.Object, java.lang.Object, java.lang.Object, java.lang.Object, java.lang.Object, java.lang.Object, java.lang.Object, java.lang.Object)'> (0x000000009bf5cc80) 
thrown [s\src\hotspot\share\interpreter\linkResolver.cpp, line 804]
Event: 107.352 Thread 0x000001d58f1ce050 Implicit null exception at 0x000001d5884bf0c9 to 0x000001d5884bf0f4
Event: 108.342 Thread 0x000001d58f406de0 Exception <a 'java/lang/NoSuchMethodError'{0x000000009aa08c40}: static Lorg/gradle/internal/build/event/types/DefaultFileDownloadDescriptor;.<clinit>()V> (0x000000009aa08c40) 
thrown [s\src\hotspot\share\prims\jni.cpp, line 1106]
Event: 110.022 Thread 0x000001d58f1ce050 Implicit null exception at 0x000001d588178fb6 to 0x000001d588179334
Event: 110.484 Thread 0x000001d58f1ce050 Exception <a 'sun/nio/fs/WindowsException'{0x000000009a94e948}> (0x000000009a94e948) 
thrown [s\src\hotspot\share\prims\jni.cpp, line 516]
Event: 112.261 Thread 0x000001d58f1ce050 Implicit null exception at 0x000001d58817962e to 0x000001d588179668
Event: 113.449 Thread 0x000001d58f1ce050 Implicit null exception at 0x000001d58817bb4d to 0x000001d58817bf8a

VM Operations (20 events):
Event: 87.586 Executing non-safepoint VM operation: HandshakeAllThreads (Deoptimize)
Event: 87.586 Executing non-safepoint VM operation: HandshakeAllThreads (Deoptimize) done
Event: 111.734 Executing non-safepoint VM operation: HandshakeAllThreads (Deoptimize)
Event: 111.747 Executing non-safepoint VM operation: HandshakeAllThreads (Deoptimize) done
Event: 112.052 Executing non-safepoint VM operation: HandshakeAllThreads (Deoptimize)
Event: 112.052 Executing non-safepoint VM operation: HandshakeAllThreads (Deoptimize) done
Event: 112.161 Executing non-safepoint VM operation: HandshakeAllThreads (Deoptimize)
Event: 112.161 Executing non-safepoint VM operation: HandshakeAllThreads (Deoptimize) done
Event: 114.625 Executing non-safepoint VM operation: HandshakeAllThreads (Deoptimize)
Event: 114.626 Executing non-safepoint VM operation: HandshakeAllThreads (Deoptimize) done
Event: 118.058 Executing non-safepoint VM operation: HandshakeAllThreads (Deoptimize)
Event: 118.058 Executing non-safepoint VM operation: HandshakeAllThreads (Deoptimize) done
Event: 118.137 Executing non-safepoint VM operation: HandshakeAllThreads (Deoptimize)
Event: 118.137 Executing non-safepoint VM operation: HandshakeAllThreads (Deoptimize) done
Event: 120.376 Executing non-safepoint VM operation: HandshakeAllThreads (Deoptimize)
Event: 120.377 Executing non-safepoint VM operation: HandshakeAllThreads (Deoptimize) done
Event: 120.493 Executing non-safepoint VM operation: HandshakeAllThreads (HandshakeForDeflation)
Event: 120.496 Executing non-safepoint VM operation: HandshakeAllThreads (HandshakeForDeflation) done
Event: 120.511 Executing non-safepoint VM operation: RendezvousGCThreads
Event: 120.511 Executing non-safepoint VM operation: RendezvousGCThreads done

Memory protections (0 events):
No events

Nmethod flushes (20 events):
Event: 59.336 Thread 0x000001d5f99efa60 flushing  nmethod 0x000001d5806f7708
Event: 59.336 Thread 0x000001d5f99efa60 flushing  nmethod 0x000001d5806f8888
Event: 59.336 Thread 0x000001d5f99efa60 flushing  nmethod 0x000001d5806f8c08
Event: 59.336 Thread 0x000001d5f99efa60 flushing  nmethod 0x000001d5806fab08
Event: 59.336 Thread 0x000001d5f99efa60 flushing  nmethod 0x000001d5808ece08
Event: 59.336 Thread 0x000001d5f99efa60 flushing  nmethod 0x000001d580b2ea88
Event: 59.336 Thread 0x000001d5f99efa60 flushing  nmethod 0x000001d580bdaa08
Event: 59.336 Thread 0x000001d5f99efa60 flushing  nmethod 0x000001d58001ac88
Event: 59.336 Thread 0x000001d5f99efa60 flushing  nmethod 0x000001d580039288
Event: 59.336 Thread 0x000001d5f99efa60 flushing  nmethod 0x000001d580102508
Event: 59.336 Thread 0x000001d5f99efa60 flushing osr nmethod 0x000001d580739608
Event: 59.336 Thread 0x000001d5f99efa60 flushing  nmethod 0x000001d580a62a88
Event: 59.336 Thread 0x000001d5f99efa60 flushing  nmethod 0x000001d580bba888
Event: 59.336 Thread 0x000001d5f99efa60 flushing  nmethod 0x000001d580bbad88
Event: 59.337 Thread 0x000001d5f99efa60 flushing  nmethod 0x000001d5802c5e08
Event: 59.337 Thread 0x000001d5f99efa60 flushing  nmethod 0x000001d5802c8e88
Event: 59.337 Thread 0x000001d5f99efa60 flushing  nmethod 0x000001d580763688
Event: 59.337 Thread 0x000001d5f99efa60 flushing  nmethod 0x000001d580c61b88
Event: 59.337 Thread 0x000001d5f99efa60 flushing  nmethod 0x000001d580c75708
Event: 59.337 Thread 0x000001d5f99efa60 flushing  nmethod 0x000001d580c83308

Events (20 events):
Event: 56.506 Thread 0x000001d58fe98580 Thread exited: 0x000001d58fe98580
Event: 56.687 Thread 0x000001d590d95820 Thread added: 0x000001d58fe98d90
Event: 56.851 Thread 0x000001d58fe98d90 Thread exited: 0x000001d58fe98d90
Event: 56.959 Thread 0x000001d5f9a224f0 Thread added: 0x000001d59140a780
Event: 56.971 Thread 0x000001d590d95820 Thread added: 0x000001d58fe97560
Event: 56.972 Thread 0x000001d590d95820 Thread added: 0x000001d58fe9b5e0
Event: 57.379 Thread 0x000001d58fe9b5e0 Thread exited: 0x000001d58fe9b5e0
Event: 57.468 Thread 0x000001d58fe97560 Thread exited: 0x000001d58fe97560
Event: 57.525 Thread 0x000001d59140a780 Thread exited: 0x000001d59140a780
Event: 58.592 Thread 0x000001d58fe9add0 Thread exited: 0x000001d58fe9add0
Event: 58.615 Thread 0x000001d590d95820 Thread added: 0x000001d58fe9add0
Event: 58.624 Thread 0x000001d590d95820 Thread added: 0x000001d58fe995a0
Event: 60.074 Thread 0x000001d58fe995a0 Thread exited: 0x000001d58fe995a0
Event: 60.391 Thread 0x000001d58fe9add0 Thread exited: 0x000001d58fe9add0
Event: 65.834 Thread 0x000001d590d95820 Thread exited: 0x000001d590d95820
Event: 66.573 Thread 0x000001d5f9a224f0 Thread added: 0x000001d590ccb7c0
Event: 74.492 Thread 0x000001d58febc2e0 Thread exited: 0x000001d58febc2e0
Event: 74.495 Thread 0x000001d58febab70 Thread exited: 0x000001d58febab70
Event: 74.498 Thread 0x000001d58febd280 Thread exited: 0x000001d58febd280
Event: 79.737 Thread 0x000001d590ccb7c0 Thread exited: 0x000001d590ccb7c0


Dynamic libraries:
0x00007ff667ff0000 - 0x00007ff667ffe000 	C:\Users\blajo\AppData\Roaming\Cursor\User\globalStorage\pleiades.java-extension-pack-jdk\java\25\bin\java.exe
0x00007ffeaf1a0000 - 0x00007ffeaf406000 	C:\WINDOWS\SYSTEM32\ntdll.dll
0x00007ffeae6b0000 - 0x00007ffeae779000 	C:\WINDOWS\System32\KERNEL32.DLL
0x00007ffeac470000 - 0x00007ffeac86f000 	C:\WINDOWS\System32\KERNELBASE.dll
0x00007ffea9290000 - 0x00007ffea932f000 	C:\WINDOWS\SYSTEM32\apphelp.dll
0x00007ffeac940000 - 0x00007ffeaca8c000 	C:\WINDOWS\System32\ucrtbase.dll
0x00007ffe8e460000 - 0x00007ffe8e476000 	C:\Users\blajo\AppData\Roaming\Cursor\User\globalStorage\pleiades.java-extension-pack-jdk\java\25\bin\jli.dll
0x00007ffe8de00000 - 0x00007ffe8de1e000 	C:\Users\blajo\AppData\Roaming\Cursor\User\globalStorage\pleiades.java-extension-pack-jdk\java\25\bin\VCRUNTIME140.dll
0x00007ffead530000 - 0x00007ffead6f6000 	C:\WINDOWS\System32\USER32.dll
0x00007ffeacdf0000 - 0x00007ffeace17000 	C:\WINDOWS\System32\win32u.dll
0x00007ffe95e70000 - 0x00007ffe96101000 	C:\WINDOWS\WinSxS\amd64_microsoft.windows.common-controls_6595b64144ccf1df_6.0.26100.8972_none_3e0da176e32f9d4b\COMCTL32.dll
0x00007ffeaeb80000 - 0x00007ffeaebab000 	C:\WINDOWS\System32\GDI32.dll
0x00007ffeacf00000 - 0x00007ffeacfa9000 	C:\WINDOWS\System32\msvcrt.dll
0x00007ffeaccc0000 - 0x00007ffeacde9000 	C:\WINDOWS\System32\gdi32full.dll
0x00007ffeace20000 - 0x00007ffeacec3000 	C:\WINDOWS\System32\msvcp_win.dll
0x00007ffeae8f0000 - 0x00007ffeae922000 	C:\WINDOWS\System32\IMM32.DLL
0x00007ffe8a970000 - 0x00007ffe8a97c000 	C:\Users\blajo\AppData\Roaming\Cursor\User\globalStorage\pleiades.java-extension-pack-jdk\java\25\bin\vcruntime140_1.dll
0x00007ffe40070000 - 0x00007ffe400fd000 	C:\Users\blajo\AppData\Roaming\Cursor\User\globalStorage\pleiades.java-extension-pack-jdk\java\25\bin\msvcp140.dll
0x00007ffdf7440000 - 0x00007ffdf8371000 	C:\Users\blajo\AppData\Roaming\Cursor\User\globalStorage\pleiades.java-extension-pack-jdk\java\25\bin\server\jvm.dll
0x00007ffead120000 - 0x00007ffead1dc000 	C:\WINDOWS\System32\ADVAPI32.dll
0x00007ffeaea50000 - 0x00007ffeaeafa000 	C:\WINDOWS\System32\sechost.dll
0x00007ffead320000 - 0x00007ffead438000 	C:\WINDOWS\System32\RPCRT4.dll
0x00007ffeae420000 - 0x00007ffeae4a2000 	C:\WINDOWS\System32\WS2_32.dll
0x00007ffeac210000 - 0x00007ffeac26e000 	C:\WINDOWS\SYSTEM32\POWRPROF.dll
0x00007ffea4a60000 - 0x00007ffea4a6b000 	C:\WINDOWS\SYSTEM32\VERSION.dll
0x00007ffea1cc0000 - 0x00007ffea1cf6000 	C:\WINDOWS\SYSTEM32\WINMM.dll
0x00007ffeac1f0000 - 0x00007ffeac205000 	C:\WINDOWS\SYSTEM32\UMPDC.dll
0x00007ffeab060000 - 0x00007ffeab07b000 	C:\WINDOWS\SYSTEM32\kernel.appcore.dll
0x00007ffe88fb0000 - 0x00007ffe88fba000 	C:\Users\blajo\AppData\Roaming\Cursor\User\globalStorage\pleiades.java-extension-pack-jdk\java\25\bin\jimage.dll
0x00007ffea1a70000 - 0x00007ffea1cb2000 	C:\WINDOWS\SYSTEM32\DBGHELP.DLL
0x00007ffeaebb0000 - 0x00007ffeaef35000 	C:\WINDOWS\System32\combase.dll
0x00007ffead440000 - 0x00007ffead519000 	C:\WINDOWS\System32\OLEAUT32.dll
0x00007ffe919a0000 - 0x00007ffe919db000 	C:\WINDOWS\SYSTEM32\dbgcore.DLL
0x00007ffeac3b0000 - 0x00007ffeac45c000 	C:\WINDOWS\System32\bcryptPrimitives.dll
0x00007ffe82b50000 - 0x00007ffe82b5f000 	C:\Users\blajo\AppData\Roaming\Cursor\User\globalStorage\pleiades.java-extension-pack-jdk\java\25\bin\instrument.dll
0x00007ffe81660000 - 0x00007ffe8167e000 	C:\Users\blajo\AppData\Roaming\Cursor\User\globalStorage\pleiades.java-extension-pack-jdk\java\25\bin\java.dll
0x00007ffeae4b0000 - 0x00007ffeae649000 	C:\WINDOWS\System32\ole32.dll
0x00007ffead800000 - 0x00007ffeadf88000 	C:\WINDOWS\System32\SHELL32.dll
0x00007ffea9e40000 - 0x00007ffeaa6db000 	C:\WINDOWS\SYSTEM32\windows.storage.dll
0x00007ffead700000 - 0x00007ffead7f9000 	C:\WINDOWS\System32\SHCORE.dll
0x00007ffead0b0000 - 0x00007ffead116000 	C:\WINDOWS\System32\shlwapi.dll
0x00007ffeac2d0000 - 0x00007ffeac2f9000 	C:\WINDOWS\SYSTEM32\profapi.dll
0x00007ffe81640000 - 0x00007ffe81656000 	C:\Users\blajo\AppData\Roaming\Cursor\User\globalStorage\pleiades.java-extension-pack-jdk\java\25\bin\zip.dll
0x00007ffe7f4b0000 - 0x00007ffe7f4c1000 	C:\Users\blajo\AppData\Roaming\Cursor\User\globalStorage\pleiades.java-extension-pack-jdk\java\25\bin\net.dll
0x00007ffeab5f0000 - 0x00007ffeab65c000 	C:\WINDOWS\system32\mswsock.dll
0x00007ffe7f490000 - 0x00007ffe7f4a6000 	C:\Users\blajo\AppData\Roaming\Cursor\User\globalStorage\pleiades.java-extension-pack-jdk\java\25\bin\nio.dll
0x00007ffe82a70000 - 0x00007ffe82a80000 	C:\Users\blajo\AppData\Roaming\Cursor\User\globalStorage\pleiades.java-extension-pack-jdk\java\25\bin\verify.dll
0x00007ffe81710000 - 0x00007ffe81737000 	C:\Users\blajo\.gradle\native\660c5614fbf4a5f2a75b1949f50a0caf5cd603558e7d8a26e50b933a0cfb79d1\windows-amd64\native-platform.dll
0x00007ffe42aa0000 - 0x00007ffe42b17000 	C:\Users\blajo\.gradle\native\0.2.8\x86_64-windows-gnu\gradle-fileevents.dll
0x00007ffe81fb0000 - 0x00007ffe81fba000 	C:\Users\blajo\AppData\Roaming\Cursor\User\globalStorage\pleiades.java-extension-pack-jdk\java\25\bin\management.dll
0x00007ffe81200000 - 0x00007ffe8120c000 	C:\Users\blajo\AppData\Roaming\Cursor\User\globalStorage\pleiades.java-extension-pack-jdk\java\25\bin\management_ext.dll
0x00007ffeaf150000 - 0x00007ffeaf158000 	C:\WINDOWS\System32\PSAPI.DLL
0x00007ffeaaa10000 - 0x00007ffeaaa43000 	C:\WINDOWS\SYSTEM32\IPHLPAPI.DLL
0x00007ffead520000 - 0x00007ffead52a000 	C:\WINDOWS\System32\NSI.dll
0x00007ffe7f520000 - 0x00007ffe7f529000 	C:\Users\blajo\AppData\Roaming\Cursor\User\globalStorage\pleiades.java-extension-pack-jdk\java\25\bin\extnet.dll
0x00007ffeaba10000 - 0x00007ffeaba2b000 	C:\WINDOWS\SYSTEM32\CRYPTSP.dll
0x00007ffeaafc0000 - 0x00007ffeaaff9000 	C:\WINDOWS\system32\rsaenh.dll
0x00007ffeab6a0000 - 0x00007ffeab6d2000 	C:\WINDOWS\SYSTEM32\USERENV.dll
0x00007ffeac2a0000 - 0x00007ffeac2ca000 	C:\WINDOWS\SYSTEM32\bcrypt.dll
0x00007ffeab850000 - 0x00007ffeab85c000 	C:\WINDOWS\SYSTEM32\CRYPTBASE.dll
0x00007ffe7f240000 - 0x00007ffe7f24e000 	C:\Users\blajo\AppData\Roaming\Cursor\User\globalStorage\pleiades.java-extension-pack-jdk\java\25\bin\sunmscapi.dll
0x00007ffeacb30000 - 0x00007ffeaccae000 	C:\WINDOWS\System32\CRYPT32.dll
0x00007ffeabb80000 - 0x00007ffeabbb0000 	C:\WINDOWS\SYSTEM32\ncrypt.dll
0x00007ffeabb30000 - 0x00007ffeabb6f000 	C:\WINDOWS\SYSTEM32\NTASN1.dll
0x00007ffe7b020000 - 0x00007ffe7b028000 	C:\WINDOWS\system32\wshunix.dll
0x00007ffeab190000 - 0x00007ffeab1c6000 	C:\WINDOWS\SYSTEM32\ntmarta.dll

JVMTI agents:
C:\Users\blajo\.gradle\wrapper\dists\gradle-9.3.1-bin\23ovyewtku6u96viwx3xl3oks\gradle-9.3.1\lib\agents\gradle-instrumentation-agent-9.3.1.jar path:C:\Users\blajo\AppData\Roaming\Cursor\User\globalStorage\pleiades.java-extension-pack-jdk\java\25\bin\instrument.dll, loaded, initialized, instrumentlib options:none

dbghelp: loaded successfully - version: 4.0.5 - missing functions: none
symbol engine: initialized successfully - sym options: 0x614 - pdb path: .;C:\Users\blajo\AppData\Roaming\Cursor\User\globalStorage\pleiades.java-extension-pack-jdk\java\25\bin;C:\WINDOWS\SYSTEM32;C:\WINDOWS\WinSxS\amd64_microsoft.windows.common-controls_6595b64144ccf1df_6.0.26100.8972_none_3e0da176e32f9d4b;C:\Users\blajo\AppData\Roaming\Cursor\User\globalStorage\pleiades.java-extension-pack-jdk\java\25\bin\server;C:\Users\blajo\.gradle\native\660c5614fbf4a5f2a75b1949f50a0caf5cd603558e7d8a26e50b933a0cfb79d1\windows-amd64;C:\Users\blajo\.gradle\native\0.2.8\x86_64-windows-gnu

VM Arguments:
jvm_args: --add-opens=java.base/java.lang=ALL-UNNAMED --add-opens=java.base/java.lang.invoke=ALL-UNNAMED --add-opens=java.base/java.util=ALL-UNNAMED --add-opens=java.prefs/java.util.prefs=ALL-UNNAMED --add-exports=jdk.compiler/com.sun.tools.javac.api=ALL-UNNAMED --add-exports=jdk.compiler/com.sun.tools.javac.util=ALL-UNNAMED --add-opens=java.base/java.util=ALL-UNNAMED --add-opens=java.prefs/java.util.prefs=ALL-UNNAMED --add-opens=java.base/java.nio.charset=ALL-UNNAMED --add-opens=java.base/java.net=ALL-UNNAMED --add-opens=java.base/java.util.concurrent=ALL-UNNAMED --add-opens=java.base/java.util.concurrent.atomic=ALL-UNNAMED --add-opens=java.xml/javax.xml.namespace=ALL-UNNAMED --add-opens=java.base/java.time=ALL-UNNAMED --enable-native-access=ALL-UNNAMED -XX:MaxMetaspaceSize=512m -Xmx2048m -Dfile.encoding=UTF-8 -Duser.country=US -Duser.language=en -Duser.variant -javaagent:C:\Users\blajo\.gradle\wrapper\dists\gradle-9.3.1-bin\23ovyewtku6u96viwx3xl3oks\gradle-9.3.1\lib\agents\gradle-instrumentation-agent-9.3.1.jar 
java_command: org.gradle.launcher.daemon.bootstrap.GradleDaemon 9.3.1
java_class_path (initial): C:\Users\blajo\.gradle\wrapper\dists\gradle-9.3.1-bin\23ovyewtku6u96viwx3xl3oks\gradle-9.3.1\lib\gradle-daemon-main-9.3.1.jar
Launcher Type: SUN_STANDARD

[Global flags]
     intx CICompilerCount                          = 12                                        {product} {ergonomic}
   size_t CompressedClassSpaceSize                 = 436207616                                 {product} {ergonomic}
     uint ConcGCThreads                            = 3                                         {product} {ergonomic}
     uint G1ConcRefinementThreads                  = 13                                        {product} {ergonomic}
   size_t G1HeapRegionSize                         = 1048576                                   {product} {ergonomic}
   size_t InitialHeapSize                          = 98566144                                  {product} {ergonomic}
   size_t MarkStackSize                            = 4194304                                   {product} {ergonomic}
   size_t MarkStackSizeMax                         = 536870912                                 {product} {ergonomic}
   size_t MaxHeapSize                              = 2147483648                                {product} {command line}
   size_t MaxMetaspaceSize                         = 536870912                                 {product} {command line}
   size_t MaxNewSize                               = 1287651328                                {product} {ergonomic}
   size_t MinHeapDeltaBytes                        = 1048576                                   {product} {ergonomic}
   size_t MinHeapSize                              = 8388608                                   {product} {ergonomic}
    uintx NonNMethodCodeHeapSize                   = 7667712                                {pd product} {ergonomic}
    uintx NonProfiledCodeHeapSize                  = 122028032                              {pd product} {ergonomic}
    uintx ProfiledCodeHeapSize                     = 122028032                              {pd product} {ergonomic}
    uintx ReservedCodeCacheSize                    = 251723776                              {pd product} {ergonomic}
     bool SegmentedCodeCache                       = true                                      {product} {ergonomic}
   size_t SoftMaxHeapSize                          = 2147483648                             {manageable} {ergonomic}
     bool UseCompressedOops                        = true                           {product lp64_product} {ergonomic}
     bool UseG1GC                                  = true                                      {product} {ergonomic}
     bool UseLargePagesIndividualAllocation        = false                                  {pd product} {ergonomic}

Logging:
Log output configuration:
 #0: stdout all=warning uptime,level,tags foldmultilines=false
 #1: stderr all=off uptime,level,tags foldmultilines=false

Release file:
IMPLEMENTOR="Eclipse Adoptium" 
IMPLEMENTOR_VERSION="Temurin-25.0.4+7" 
JAVA_RUNTIME_VERSION="25.0.4+7-LTS" 
JAVA_VERSION="25.0.4" 
JAVA_VERSION_DATE="2026-07-21" 
LIBC="default" 
MODULES="java.base java.compiler java.datatransfer java.xml java.prefs java.desktop java.instrument java.logging java.management java.security.sasl java.naming java.rmi java.management.rmi java.net.http java.scripting java.security.jgss java.transaction.xa java.sql java.sql.rowset java.xml.crypto java.se java.smartcardio jdk.accessibility jdk.internal.jvmstat jdk.attach jdk.charsets jdk.internal.opt jdk.zipfs jdk.compiler jdk.crypto.cryptoki jdk.crypto.ec jdk.crypto.mscapi jdk.dynalink jdk.internal.ed jdk.editpad jdk.internal.vm.ci jdk.graal.compiler jdk.graal.compiler.management jdk.hotspot.agent jdk.httpserver jdk.incubator.vector jdk.internal.le jdk.internal.md jdk.jartool jdk.javadoc jdk.jcmd jdk.management jdk.management.agent jdk.jconsole jdk.jdeps jdk.jdwp.agent jdk.jdi jdk.jfr jdk.jlink jdk.jpackage jdk.jshell jdk.jsobject jdk.jstatd jdk.localedata jdk.management.jfr jdk.naming.dns jdk.naming.rmi jdk.net jdk.nio.mapmode jdk.sctp jdk.security.auth jdk.security.jgss jdk.unsupported jdk.unsupported.desktop jdk.xml.dom" 
OS_ARCH="x86_64" 
OS_NAME="Windows" 
SOURCE=".:git:a2ce02c38bc9" 
BUILD_SOURCE="git:e6ba7dec3d07654074559310376a3ae89da5f4ac"
BUILD_SOURCE_REPO="https://github.com/adoptium/temurin-build.git"
SOURCE_REPO="https://github.com/adoptium/jdk25u.git"
FULL_VERSION="25.0.4+7-LTS"
SEMANTIC_VERSION="25.0.4+7"
BUILD_INFO="OS: Windows Server 2022 Version: 10.0"
JVM_VARIANT="Hotspot"
JVM_VERSION="25.0.4+7-LTS"
IMAGE_TYPE="JDK"

Environment Variables:
JAVA_HOME=C:\Program Files\Java\jdk-17
PATH=C:\Program Files\Common Files\Oracle\Java\javapath;C:\WINDOWS\system32;C:\WINDOWS;C:\WINDOWS\System32\Wbem;C:\WINDOWS\System32\WindowsPowerShell\v1.0\;C:\WINDOWS\System32\OpenSSH\;C:\Program Files\Java\jdk-17\bin;C:\Program Files\apache-maven-3.9.14-bin\apache-maven-3.9.14\bin;C:\Program Files\Git\cmd;C:\Program Files\nodejs\;C:\Program Files\Docker\Docker\resources\bin;C:\Program Files\GitHub CLI\;C:\Users\blajo\.cargo\bin;C:\Program Files\Common Files\Oracle\Java\javapath;C:\WINDOWS\system32;C:\WINDOWS;C:\WINDOWS\System32\Wbem;C:\WINDOWS\System32\WindowsPowerShell\v1.0\;C:\WINDOWS\System32\OpenSSH\;C:\Program Files\Java\jdk-17\bin;C:\Program Files\apache-maven-3.9.14-bin\apache-maven-3.9.14\bin;C:\Program Files\Git\cmd;C:\Program Files\nodejs\;C:\Program Files\Docker\Docker\resources\bin;C:\Users\blajo\AppData\Local\Microsoft\WindowsApps;C:\Users\blajo\AppData\Local\Python\bin;C:\Program Files\JetBrains\IntelliJ IDEA 2026.1.3\bin;C:\Users\blajo\.local\bin;C:\Users\blajo\AppData\Roaming\npm;C:\Users\blajo\AppData\Local\Programs\Ollama;C:\Program Files\R\R-4.6.1\bin;C:\Users\blajo\AppData\Local\Python\pythoncore-3.14-64\Scripts;C:\Users\blajo\AppData\Local\Programs\cursor\resources\app\bin
USERNAME=blajo
OS=Windows_NT
PROCESSOR_IDENTIFIER=AMD64 Family 25 Model 80 Stepping 0, AuthenticAMD
TMP=C:\Users\blajo\AppData\Local\Temp
TEMP=C:\Users\blajo\AppData\Local\Temp




Compilation memory statistics disabled.

Periodic native trim disabled

---------------  S Y S T E M  ---------------

OS:
 Windows 11 , 64 bit Build 26100 (10.0.26100.9168)
OS uptime: 1 days 15:32 hours
Hyper-V role detected

CPU: total 16 (initial active 16) (16 cores per cpu, 2 threads per core) family 25 model 80 stepping 0 microcode 0xa50000f, cx8, cmov, fxsr, ht, mmx, 3dnowpref, sse, sse2, sse3, ssse3, sse4a, sse4.1, sse4.2, popcnt, lzcnt, tsc, tscinvbit, avx, avx2, aes, erms, clmul, bmi1, bmi2, adx, sha, fma, vzeroupper, clflush, clflushopt, clwb, hv, rdtscp, rdpid, fsrm, f16c, cet_ss
Processor Information for the first 16 processors :
  Max Mhz: 2000, Current Mhz: 2000, Mhz Limit: 2000

Memory: 4k page, system-wide physical 5981M (688M free)
TotalPageFile size 24413M (AvailPageFile size 0M)
current process WorkingSet (physical memory assigned to process): 131M, peak: 616M
current process commit charge ("private bytes"): 826M, peak: 829M

vm_info: OpenJDK 64-Bit Server VM (25.0.4+7-LTS) for windows-amd64 JRE (25.0.4+7-LTS), built on 2026-07-21T00:00:00Z with MS VC++ 17.12 (VS2022)

END.
