#
# There is insufficient memory for the Java Runtime Environment to continue.
# Native memory allocation (mmap) failed to map 65536 bytes. Error detail: Failed to commit metaspace.
# Possible reasons:
#   The system is out of physical RAM or swap space
#   This process is running with CompressedOops enabled, and the Java Heap may be blocking the growth of the native heap
# Possible solutions:
#   Reduce memory load on the system
#   Increase physical memory or swap space
#   Check if swap backing store is full
#   Decrease Java heap size (-Xmx/-Xms)
#   Decrease number of Java threads
#   Decrease Java thread stack sizes (-Xss)
#   Set larger code cache with -XX:ReservedCodeCacheSize=
#   JVM is running with Unscaled Compressed Oops mode in which the Java heap is
#     placed in the first 4GB address space. The Java Heap base address is the
#     maximum limit for the native heap growth. Please use -XX:HeapBaseMinAddress
#     to set the Java Heap base and to place the Java Heap above 4GB virtual address.
# This output file may be truncated or incomplete.
#
#  Out of Memory Error (virtualSpaceNode.cpp:113), pid=8440, tid=5248
#
# JRE version: OpenJDK Runtime Environment Temurin-21.0.11+10 (21.0.11+10) (build 21.0.11+10-LTS)
# Java VM: OpenJDK 64-Bit Server VM Temurin-21.0.11+10 (21.0.11+10-LTS, mixed mode, sharing, tiered, compressed oops, compressed class ptrs, g1 gc, windows-amd64)
# No core dump will be written. Minidumps are not enabled by default on client versions of Windows
#

---------------  S U M M A R Y ------------

Command Line: --add-opens=java.base/java.lang=ALL-UNNAMED --add-opens=java.base/java.lang.invoke=ALL-UNNAMED --add-opens=java.base/java.util=ALL-UNNAMED --add-opens=java.prefs/java.util.prefs=ALL-UNNAMED --add-exports=jdk.compiler/com.sun.tools.javac.api=ALL-UNNAMED --add-exports=jdk.compiler/com.sun.tools.javac.util=ALL-UNNAMED --add-opens=java.base/java.util=ALL-UNNAMED --add-opens=java.prefs/java.util.prefs=ALL-UNNAMED --add-opens=java.base/java.nio.charset=ALL-UNNAMED --add-opens=java.base/java.net=ALL-UNNAMED --add-opens=java.base/java.util.concurrent=ALL-UNNAMED --add-opens=java.base/java.util.concurrent.atomic=ALL-UNNAMED --add-opens=java.xml/javax.xml.namespace=ALL-UNNAMED --add-opens=java.base/java.time=ALL-UNNAMED -XX:MaxMetaspaceSize=512m -Xmx2048m -Dfile.encoding=UTF-8 -Duser.country=US -Duser.language=en -Duser.variant -javaagent:C:\Users\blajo\.gradle\wrapper\dists\gradle-9.3.1-bin\23ovyewtku6u96viwx3xl3oks\gradle-9.3.1\lib\agents\gradle-instrumentation-agent-9.3.1.jar org.gradle.launcher.daemon.bootstrap.GradleDaemon 9.3.1

Host: AMD Ryzen 7 7730U with Radeon Graphics         , 16 cores, 5G,  Windows 11 , 64 bit Build 26100 (10.0.26100.9168)
Time: Thu Aug 13 21:48:01 2026 Central America Standard Time elapsed time: 191.137917 seconds (0d 0h 3m 11s)

---------------  T H R E A D  ---------------

Current thread (0x00000189fa682190):  JavaThread "Daemon worker"        [_thread_in_vm, id=5248, stack(0x0000002596a00000,0x0000002596b00000) (1024K)]

Stack: [0x0000002596a00000,0x0000002596b00000]
Native frames: (J=compiled Java code, j=interpreted, Vv=VM code, C=native code)
V  [jvm.dll+0x6d7e19]
V  [jvm.dll+0x8b5096]
V  [jvm.dll+0x8b764e]
V  [jvm.dll+0x8b7d33]
V  [jvm.dll+0x284596]
V  [jvm.dll+0x8b0dde]
V  [jvm.dll+0x6795e4]
V  [jvm.dll+0x1e849b]
V  [jvm.dll+0x1e825e]
V  [jvm.dll+0x67bee2]
V  [jvm.dll+0x67bd12]
V  [jvm.dll+0x679fbe]
V  [jvm.dll+0x26f864]
V  [jvm.dll+0x21a11f]
V  [jvm.dll+0x20f80e]
V  [jvm.dll+0x5b658f]
V  [jvm.dll+0x82f046]
V  [jvm.dll+0x478ec8]
V  [jvm.dll+0x47ecf8]
C  [java.dll+0x17ec]

Java frames: (J=compiled Java code, j=interpreted, Vv=VM code)
J 891  java.lang.ClassLoader.defineClass1(Ljava/lang/ClassLoader;Ljava/lang/String;[BIILjava/security/ProtectionDomain;Ljava/lang/String;)Ljava/lang/Class; java.base@21.0.11 (0 bytes) @ 0x00000189e7505f91 [0x00000189e7505ec0+0x00000000000000d1]
J 30739 c2 java.lang.ClassLoader.defineClass(Ljava/lang/String;[BIILjava/security/ProtectionDomain;)Ljava/lang/Class; java.base@21.0.11 (43 bytes) @ 0x00000189e8484508 [0x00000189e8483f80+0x0000000000000588]
J 4988 c2 java.security.SecureClassLoader.defineClass(Ljava/lang/String;[BIILjava/security/CodeSource;)Ljava/lang/Class; java.base@21.0.11 (16 bytes) @ 0x00000189e771251c [0x00000189e77123e0+0x000000000000013c]
J 30755 c2 org.gradle.internal.classloader.VisitableURLClassLoader$InstrumentingVisitableURLClassLoader.findClass(Ljava/lang/String;)Ljava/lang/Class; (36 bytes) @ 0x00000189e84ab5c4 [0x00000189e84a9100+0x00000000000024c4]
J 8939 c2 java.lang.ClassLoader.loadClass(Ljava/lang/String;Z)Ljava/lang/Class; java.base@21.0.11 (121 bytes) @ 0x00000189e78c9fac [0x00000189e78c9580+0x0000000000000a2c]
J 4911 c2 java.lang.ClassLoader.loadClass(Ljava/lang/String;)Ljava/lang/Class; java.base@21.0.11 (7 bytes) @ 0x00000189e76ea46c [0x00000189e76ea420+0x000000000000004c]
v  ~StubRoutines::call_stub 0x00000189e6d6100d
j  org.jetbrains.kotlin.compilerRunner.GradleCliCommonizerKt.maybeCreateCommonizerClasspathConfiguration(Lorg/gradle/api/Project;)Lorg/gradle/api/artifacts/Configuration;+213
j  org.jetbrains.kotlin.gradle.plugin.KotlinBasePluginWrapper.apply(Lorg/gradle/api/Project;)V+99
j  org.jetbrains.kotlin.gradle.plugin.KotlinAndroidPluginWrapper.apply(Lorg/gradle/api/Project;)V+12
j  org.jetbrains.kotlin.gradle.plugin.KotlinAndroidPluginWrapper.apply(Ljava/lang/Object;)V+5
j  org.gradle.api.internal.plugins.ImperativeOnlyPluginTarget.applyImperative(Ljava/lang/String;Lorg/gradle/api/Plugin;)V+13
j  org.gradle.api.internal.plugins.RuleBasedPluginTarget.applyImperative(Ljava/lang/String;Lorg/gradle/api/Plugin;)V+6
j  org.gradle.api.internal.plugins.DefaultPluginManager.addPlugin(Ljava/lang/Runnable;Lorg/gradle/api/internal/plugins/PluginImplementation;Ljava/lang/String;Ljava/lang/Class;)V+54
j  org.gradle.api.internal.plugins.DefaultPluginManager.access$100(Lorg/gradle/api/internal/plugins/DefaultPluginManager;Ljava/lang/Runnable;Lorg/gradle/api/internal/plugins/PluginImplementation;Ljava/lang/String;Ljava/lang/Class;)V+6
j  org.gradle.api.internal.plugins.DefaultPluginManager$AddPluginBuildOperation.run(Lorg/gradle/internal/operations/BuildOperationContext;)V+20
J 16867 c1 org.gradle.internal.operations.DefaultBuildOperationRunner$1.execute(Lorg/gradle/internal/operations/BuildOperation;Lorg/gradle/internal/operations/BuildOperationContext;)V (10 bytes) @ 0x00000189e1efad44 [0x00000189e1efaae0+0x0000000000000264]
J 13961 c1 org.gradle.internal.operations.DefaultBuildOperationRunner$2.execute(Lorg/gradle/internal/operations/BuildOperationDescriptor;Lorg/gradle/internal/operations/BuildOperationState;Lorg/gradle/internal/operations/BuildOperationState;Lorg/gradle/internal/operations/DefaultBuildOperationRunner$ReadableBuildOperationContext;Lorg/gradle/internal/operations/DefaultBuildOperationRunner$BuildOperationExecutionListener;)Lorg/gradle/internal/operations/BuildOperation; (110 bytes) @ 0x00000189e1741cc4 [0x00000189e1741ac0+0x0000000000000204]
J 16453 c1 org.gradle.internal.operations.DefaultBuildOperationRunner$2.execute(Lorg/gradle/internal/operations/BuildOperationDescriptor;Lorg/gradle/internal/operations/BuildOperationState;Lorg/gradle/internal/operations/BuildOperationState;Lorg/gradle/internal/operations/DefaultBuildOperationRunner$ReadableBuildOperationContext;Lorg/gradle/internal/operations/DefaultBuildOperationRunner$BuildOperationExecutionListener;)Ljava/lang/Object; (12 bytes) @ 0x00000189e1e1fc3c [0x00000189e1e1fbc0+0x000000000000007c]
J 25582 c1 org.gradle.internal.operations.DefaultBuildOperationRunner.execute(Lorg/gradle/internal/operations/BuildOperationDescriptor$Builder;Lorg/gradle/internal/operations/DefaultBuildOperationRunner$BuildOperationExecution;)Ljava/lang/Object; (147 bytes) @ 0x00000189e364f13c [0x00000189e364e2c0+0x0000000000000e7c]
J 13970 c1 org.gradle.internal.operations.DefaultBuildOperationRunner.execute(Lorg/gradle/internal/operations/BuildOperation;Lorg/gradle/internal/operations/BuildOperationWorker;)V (22 bytes) @ 0x00000189e1748704 [0x00000189e1748460+0x00000000000002a4]
J 16866 c1 org.gradle.internal.operations.DefaultBuildOperationRunner.run(Lorg/gradle/internal/operations/RunnableBuildOperation;)V (9 bytes) @ 0x00000189e1efa2dc [0x00000189e1efa240+0x000000000000009c]
j  org.gradle.api.internal.plugins.DefaultPluginManager.lambda$doApply$0(Ljava/lang/Runnable;Lorg/gradle/api/internal/plugins/PluginImplementation;Ljava/lang/String;Ljava/lang/Class;Lorg/gradle/internal/code/UserCodeApplicationId;)V+20
j  org.gradle.api.internal.plugins.DefaultPluginManager$$Lambda+0x0000018981eeb7a0.execute(Ljava/lang/Object;)V+24
j  org.gradle.internal.code.DefaultUserCodeApplicationContext.apply(Lorg/gradle/internal/code/UserCodeSource;Lorg/gradle/api/Action;)V+37
j  org.gradle.api.internal.plugins.DefaultPluginManager.doApply(Lorg/gradle/api/internal/plugins/PluginImplementation;)V+144
j  org.gradle.api.internal.plugins.DefaultPluginManager.apply(Ljava/lang/String;)V+52
j  org.gradle.api.internal.plugins.DefaultObjectConfigurationAction.applyType(Ljava/lang/String;)V+43
j  org.gradle.api.internal.plugins.DefaultObjectConfigurationAction.access$200(Lorg/gradle/api/internal/plugins/DefaultObjectConfigurationAction;Ljava/lang/String;)V+2
j  org.gradle.api.internal.plugins.DefaultObjectConfigurationAction$3.run()V+8
j  org.gradle.api.internal.plugins.DefaultObjectConfigurationAction.execute()V+58
j  org.gradle.api.internal.project.AbstractPluginAware.apply(Ljava/util/Map;)V+12
j  org.gradle.api.internal.project.DefaultProject.apply(Ljava/util/Map;)V+2
j  org.gradle.api.internal.project.ProjectScript.apply(Ljava/util/Map;)V+5
J 9193 c1 java.lang.invoke.LambdaForm$DMH+0x000001898102c000.invokeInterface(Ljava/lang/Object;Ljava/lang/Object;Ljava/lang/Object;)V java.base@21.0.11 (28 bytes) @ 0x00000189e01bbc74 [0x00000189e01bb600+0x0000000000000674]
j  java.lang.invoke.LambdaForm$MH+0x00000189825ef800.invoke(Ljava/lang/Object;Ljava/lang/Object;Ljava/lang/Object;)Ljava/lang/Object;+14 java.base@21.0.11
j  java.lang.invoke.LambdaForm$MH+0x000001898160d000.guardWithCatch(Ljava/lang/Object;Ljava/lang/Object;Ljava/lang/Object;)Ljava/lang/Object;+40 java.base@21.0.11
j  java.lang.invoke.LambdaForm$MH+0x000001898160e800.reinvoke(Ljava/lang/Object;Ljava/lang/Object;Ljava/lang/Object;)Ljava/lang/Object;+20 java.base@21.0.11
j  java.lang.invoke.LambdaForm$MH+0x000001898160ec00.guard(Ljava/lang/Object;Ljava/lang/Object;Ljava/lang/Object;)Ljava/lang/Object;+74 java.base@21.0.11
j  java.lang.invoke.LambdaForm$MH+0x000001898160e800.reinvoke(Ljava/lang/Object;Ljava/lang/Object;Ljava/lang/Object;)Ljava/lang/Object;+20 java.base@21.0.11
j  java.lang.invoke.LambdaForm$MH+0x000001898160ec00.guard(Ljava/lang/Object;Ljava/lang/Object;Ljava/lang/Object;)Ljava/lang/Object;+74 java.base@21.0.11
j  java.lang.invoke.LambdaForm$MH+0x000001898160e800.reinvoke(Ljava/lang/Object;Ljava/lang/Object;Ljava/lang/Object;)Ljava/lang/Object;+20 java.base@21.0.11
j  java.lang.invoke.LambdaForm$MH+0x00000189825ac400.invoke(Ljava/lang/Object;Ljava/lang/Object;)Ljava/lang/Object;+132 java.base@21.0.11
J 2545 c1 java.lang.invoke.Invokers$Holder.invokeExact_MT(Ljava/lang/Object;Ljava/lang/Object;Ljava/lang/Object;)Ljava/lang/Object; java.base@21.0.11 (23 bytes) @ 0x00000189dfdfc19c [0x00000189dfdfbd20+0x000000000000047c]
j  org.codehaus.groovy.vmplugin.v8.IndyInterface.fromCache(Ljava/lang/invoke/MutableCallSite;Ljava/lang/Class;Ljava/lang/String;ILjava/lang/Boolean;Ljava/lang/Boolean;Ljava/lang/Boolean;Ljava/lang/Object;[Ljava/lang/Object;)Ljava/lang/Object;+139
j  java.lang.invoke.LambdaForm$DMH+0x0000018981604000.invokeStatic(Ljava/lang/Object;Ljava/lang/Object;Ljava/lang/Object;Ljava/lang/Object;ILjava/lang/Object;Ljava/lang/Object;Ljava/lang/Object;Ljava/lang/Object;Ljava/lang/Object;)Ljava/lang/Object;+26 java.base@21.0.11
j  java.lang.invoke.LambdaForm$MH+0x0000018981609c00.invoke(Ljava/lang/Object;Ljava/lang/Object;Ljava/lang/Object;)Ljava/lang/Object;+98 java.base@21.0.11
j  java.lang.invoke.Invokers$Holder.linkToCallSite(Ljava/lang/Object;Ljava/lang/Object;Ljava/lang/Object;)Ljava/lang/Object;+14 java.base@21.0.11
j  build_bc335gu1xblo692bsqxnez1g3.run()Ljava/lang/Object;+42
j  org.gradle.groovy.scripts.internal.DefaultScriptRunnerFactory$ScriptRunnerImpl.run(Ljava/lang/Object;Lorg/gradle/internal/service/ServiceRegistry;)V+57
j  org.gradle.configuration.DefaultScriptPluginFactory$ScriptPluginImpl.lambda$apply$1(Lorg/gradle/groovy/scripts/ScriptRunner;Ljava/lang/Object;Lorg/gradle/internal/service/CloseableServiceRegistry;)V+3
j  org.gradle.configuration.DefaultScriptPluginFactory$ScriptPluginImpl$$Lambda+0x000001898256eb78.run()V+12
j  org.gradle.configuration.ProjectScriptTarget.addConfiguration(Ljava/lang/Runnable;Z)V+18
j  org.gradle.configuration.DefaultScriptPluginFactory$ScriptPluginImpl.apply(Ljava/lang/Object;)V+342
j  org.gradle.configuration.BuildOperationScriptPlugin$1.run(Lorg/gradle/internal/operations/BuildOperationContext;)V+11
J 16867 c1 org.gradle.internal.operations.DefaultBuildOperationRunner$1.execute(Lorg/gradle/internal/operations/BuildOperation;Lorg/gradle/internal/operations/BuildOperationContext;)V (10 bytes) @ 0x00000189e1efad44 [0x00000189e1efaae0+0x0000000000000264]
J 13961 c1 org.gradle.internal.operations.DefaultBuildOperationRunner$2.execute(Lorg/gradle/internal/operations/BuildOperationDescriptor;Lorg/gradle/internal/operations/BuildOperationState;Lorg/gradle/internal/operations/BuildOperationState;Lorg/gradle/internal/operations/DefaultBuildOperationRunner$ReadableBuildOperationContext;Lorg/gradle/internal/operations/DefaultBuildOperationRunner$BuildOperationExecutionListener;)Lorg/gradle/internal/operations/BuildOperation; (110 bytes) @ 0x00000189e1741cc4 [0x00000189e1741ac0+0x0000000000000204]
J 16453 c1 org.gradle.internal.operations.DefaultBuildOperationRunner$2.execute(Lorg/gradle/internal/operations/BuildOperationDescriptor;Lorg/gradle/internal/operations/BuildOperationState;Lorg/gradle/internal/operations/BuildOperationState;Lorg/gradle/internal/operations/DefaultBuildOperationRunner$ReadableBuildOperationContext;Lorg/gradle/internal/operations/DefaultBuildOperationRunner$BuildOperationExecutionListener;)Ljava/lang/Object; (12 bytes) @ 0x00000189e1e1fc3c [0x00000189e1e1fbc0+0x000000000000007c]
J 25582 c1 org.gradle.internal.operations.DefaultBuildOperationRunner.execute(Lorg/gradle/internal/operations/BuildOperationDescriptor$Builder;Lorg/gradle/internal/operations/DefaultBuildOperationRunner$BuildOperationExecution;)Ljava/lang/Object; (147 bytes) @ 0x00000189e364f13c [0x00000189e364e2c0+0x0000000000000e7c]
J 13970 c1 org.gradle.internal.operations.DefaultBuildOperationRunner.execute(Lorg/gradle/internal/operations/BuildOperation;Lorg/gradle/internal/operations/BuildOperationWorker;)V (22 bytes) @ 0x00000189e1748704 [0x00000189e1748460+0x00000000000002a4]
J 16866 c1 org.gradle.internal.operations.DefaultBuildOperationRunner.run(Lorg/gradle/internal/operations/RunnableBuildOperation;)V (9 bytes) @ 0x00000189e1efa2dc [0x00000189e1efa240+0x000000000000009c]
j  org.gradle.configuration.BuildOperationScriptPlugin.lambda$apply$0(Ljava/lang/Object;Lorg/gradle/internal/code/UserCodeApplicationId;)V+14
j  org.gradle.configuration.BuildOperationScriptPlugin$$Lambda+0x00000189815ae3f8.execute(Ljava/lang/Object;)V+12
j  org.gradle.internal.code.DefaultUserCodeApplicationContext.apply(Lorg/gradle/internal/code/UserCodeSource;Lorg/gradle/api/Action;)V+37
j  org.gradle.configuration.BuildOperationScriptPlugin.apply(Ljava/lang/Object;)V+71
j  org.gradle.configuration.project.BuildScriptProcessor$$Lambda+0x00000189820289d0.accept(Ljava/lang/Object;)V+8
j  org.gradle.api.internal.project.DefaultProjectStateRegistry$ProjectStateImpl.lambda$applyToMutableState$0(Ljava/util/function/Consumer;Lorg/gradle/api/internal/project/ProjectInternal;)Ljava/lang/Object;+2
j  org.gradle.api.internal.project.DefaultProjectStateRegistry$ProjectStateImpl$$Lambda+0x0000018981ffce80.apply(Ljava/lang/Object;)Ljava/lang/Object;+8
J 30483 c1 org.gradle.api.internal.project.DefaultProjectStateRegistry$ProjectStateImpl$$Lambda+0x0000018981ffd0c8.get()Ljava/lang/Object; (12 bytes) @ 0x00000189e3e69a34 [0x00000189e3e69800+0x0000000000000234]
j  org.gradle.api.internal.project.DefaultProjectStateRegistry$ProjectStateImpl.runWithModelLock(Ljava/util/function/Supplier;)Ljava/lang/Object;+89
J 30489 c1 org.gradle.api.internal.project.DefaultProjectStateRegistry$ProjectStateImpl.fromMutableState(Ljava/util/function/Function;)Ljava/lang/Object; (12 bytes) @ 0x00000189e3e6aaac [0x00000189e3e6a620+0x000000000000048c]
j  org.gradle.api.internal.project.DefaultProjectStateRegistry$ProjectStateImpl.applyToMutableState(Ljava/util/function/Consumer;)V+7
j  org.gradle.configuration.project.BuildScriptProcessor.execute(Lorg/gradle/api/internal/project/ProjectInternal;)V+88
j  org.gradle.configuration.project.BuildScriptProcessor.execute(Ljava/lang/Object;)V+5
j  org.gradle.configuration.project.ConfigureActionsProjectEvaluator.evaluate(Lorg/gradle/api/internal/project/ProjectInternal;Lorg/gradle/api/internal/project/ProjectStateInternal;)V+33
j  org.gradle.configuration.project.LifecycleProjectEvaluator$EvaluateProject.lambda$run$0(Lorg/gradle/internal/operations/BuildOperationContext;Lorg/gradle/api/internal/project/ProjectInternal;)V+67
j  org.gradle.configuration.project.LifecycleProjectEvaluator$EvaluateProject$$Lambda+0x0000018981ffcc48.accept(Ljava/lang/Object;)V+12
j  org.gradle.api.internal.project.DefaultProjectStateRegistry$ProjectStateImpl.lambda$applyToMutableState$0(Ljava/util/function/Consumer;Lorg/gradle/api/internal/project/ProjectInternal;)Ljava/lang/Object;+2
j  org.gradle.api.internal.project.DefaultProjectStateRegistry$ProjectStateImpl$$Lambda+0x0000018981ffce80.apply(Ljava/lang/Object;)Ljava/lang/Object;+8
J 30483 c1 org.gradle.api.internal.project.DefaultProjectStateRegistry$ProjectStateImpl$$Lambda+0x0000018981ffd0c8.get()Ljava/lang/Object; (12 bytes) @ 0x00000189e3e69a34 [0x00000189e3e69800+0x0000000000000234]
j  org.gradle.api.internal.project.DefaultProjectStateRegistry$ProjectStateImpl$$Lambda+0x0000018981ffd2f0.create()Ljava/lang/Object;+4
J 27307 c1 org.gradle.internal.work.DefaultWorkerLeaseService$$Lambda+0x0000018981280d48.create()Ljava/lang/Object; (16 bytes) @ 0x00000189dfb53eac [0x00000189dfb53d40+0x000000000000016c]
J 27305 c1 org.gradle.internal.work.DefaultWorkerLeaseService.withLocksAcquired(Ljava/util/Collection;Lorg/gradle/internal/Factory;)Ljava/lang/Object; (27 bytes) @ 0x00000189e033d60c [0x00000189e033ce00+0x000000000000080c]
j  org.gradle.internal.work.DefaultWorkerLeaseService.lambda$withReplacedLocks$3(Lorg/gradle/internal/resources/ResourceLock;Lorg/gradle/internal/Factory;)Ljava/lang/Object;+6
j  org.gradle.internal.work.DefaultWorkerLeaseService$$Lambda+0x0000018981ffd518.create()Ljava/lang/Object;+12
j  org.gradle.internal.work.DefaultWorkerLeaseService.lambda$withoutLocks$2(Lorg/gradle/internal/Factory;Ljava/util/Collection;)Ljava/lang/Object;+1
j  org.gradle.internal.work.DefaultWorkerLeaseService$$Lambda+0x000001898204c000.create()Ljava/lang/Object;+12
j  org.gradle.internal.work.ResourceLockStatistics$1.measure(Ljava/lang/String;Ljava/lang/Iterable;Lorg/gradle/internal/Factory;)Ljava/lang/Object;+1
j  org.gradle.internal.work.DefaultWorkerLeaseService.withoutLocks(Ljava/util/Collection;Lorg/gradle/internal/Factory;)Ljava/lang/Object;+42
j  org.gradle.internal.work.DefaultWorkerLeaseService.withReplacedLocks(Ljava/util/Collection;Lorg/gradle/internal/resources/ResourceLock;Lorg/gradle/internal/Factory;)Ljava/lang/Object;+27
j  org.gradle.api.internal.project.DefaultProjectStateRegistry$ProjectStateImpl.runWithModelLock(Ljava/util/function/Supplier;)Ljava/lang/Object;+129
J 30489 c1 org.gradle.api.internal.project.DefaultProjectStateRegistry$ProjectStateImpl.fromMutableState(Ljava/util/function/Function;)Ljava/lang/Object; (12 bytes) @ 0x00000189e3e6aaac [0x00000189e3e6a620+0x000000000000048c]
j  org.gradle.api.internal.project.DefaultProjectStateRegistry$ProjectStateImpl.applyToMutableState(Ljava/util/function/Consumer;)V+7
j  org.gradle.configuration.project.LifecycleProjectEvaluator$EvaluateProject.run(Lorg/gradle/internal/operations/BuildOperationContext;)V+16
J 16867 c1 org.gradle.internal.operations.DefaultBuildOperationRunner$1.execute(Lorg/gradle/internal/operations/BuildOperation;Lorg/gradle/internal/operations/BuildOperationContext;)V (10 bytes) @ 0x00000189e1efad44 [0x00000189e1efaae0+0x0000000000000264]
J 13961 c1 org.gradle.internal.operations.DefaultBuildOperationRunner$2.execute(Lorg/gradle/internal/operations/BuildOperationDescriptor;Lorg/gradle/internal/operations/BuildOperationState;Lorg/gradle/internal/operations/BuildOperationState;Lorg/gradle/internal/operations/DefaultBuildOperationRunner$ReadableBuildOperationContext;Lorg/gradle/internal/operations/DefaultBuildOperationRunner$BuildOperationExecutionListener;)Lorg/gradle/internal/operations/BuildOperation; (110 bytes) @ 0x00000189e1741cc4 [0x00000189e1741ac0+0x0000000000000204]
J 16453 c1 org.gradle.internal.operations.DefaultBuildOperationRunner$2.execute(Lorg/gradle/internal/operations/BuildOperationDescriptor;Lorg/gradle/internal/operations/BuildOperationState;Lorg/gradle/internal/operations/BuildOperationState;Lorg/gradle/internal/operations/DefaultBuildOperationRunner$ReadableBuildOperationContext;Lorg/gradle/internal/operations/DefaultBuildOperationRunner$BuildOperationExecutionListener;)Ljava/lang/Object; (12 bytes) @ 0x00000189e1e1fc3c [0x00000189e1e1fbc0+0x000000000000007c]
J 25582 c1 org.gradle.internal.operations.DefaultBuildOperationRunner.execute(Lorg/gradle/internal/operations/BuildOperationDescriptor$Builder;Lorg/gradle/internal/operations/DefaultBuildOperationRunner$BuildOperationExecution;)Ljava/lang/Object; (147 bytes) @ 0x00000189e364f13c [0x00000189e364e2c0+0x0000000000000e7c]
J 13970 c1 org.gradle.internal.operations.DefaultBuildOperationRunner.execute(Lorg/gradle/internal/operations/BuildOperation;Lorg/gradle/internal/operations/BuildOperationWorker;)V (22 bytes) @ 0x00000189e1748704 [0x00000189e1748460+0x00000000000002a4]
J 16866 c1 org.gradle.internal.operations.DefaultBuildOperationRunner.run(Lorg/gradle/internal/operations/RunnableBuildOperation;)V (9 bytes) @ 0x00000189e1efa2dc [0x00000189e1efa240+0x000000000000009c]
j  org.gradle.configuration.project.LifecycleProjectEvaluator.evaluate(Lorg/gradle/api/internal/project/ProjectInternal;Lorg/gradle/api/internal/project/ProjectStateInternal;)V+42
j  org.gradle.api.internal.project.DefaultProject.evaluateUnchecked()Lorg/gradle/api/internal/project/ProjectInternal;+20
j  org.gradle.api.internal.project.ProjectLifecycleController.lambda$ensureSelfConfigured$2()V+4
j  org.gradle.api.internal.project.ProjectLifecycleController$$Lambda+0x0000018981ffb1d8.run()V+4
j  org.gradle.internal.model.StateTransitionController.lambda$doTransition$14(Ljava/lang/Runnable;)Lorg/gradle/internal/build/ExecutionResult;+1
j  org.gradle.internal.model.StateTransitionController$$Lambda+0x000001898145e210.get()Ljava/lang/Object;+4
j  org.gradle.internal.model.StateTransitionController.doTransition(Lorg/gradle/internal/model/StateTransitionController$State;Lorg/gradle/internal/model/StateTransitionController$State;Ljava/util/function/Supplier;)Lorg/gradle/internal/build/ExecutionResult;+24
j  org.gradle.internal.model.StateTransitionController.doTransition(Lorg/gradle/internal/model/StateTransitionController$State;Lorg/gradle/internal/model/StateTransitionController$State;Ljava/lang/Runnable;)V+9
j  org.gradle.internal.model.StateTransitionController.lambda$maybeTransitionIfNotCurrentlyTransitioning$10(Lorg/gradle/internal/model/StateTransitionController$State;Lorg/gradle/internal/model/StateTransitionController$State;Ljava/lang/Runnable;)V+16
j  org.gradle.internal.model.StateTransitionController$$Lambda+0x0000018981ffb400.run()V+16
j  org.gradle.internal.work.DefaultSynchronizer.withLock(Ljava/lang/Runnable;)V+6
j  org.gradle.internal.model.StateTransitionController.maybeTransitionIfNotCurrentlyTransitioning(Lorg/gradle/internal/model/StateTransitionController$State;Lorg/gradle/internal/model/StateTransitionController$State;Ljava/lang/Runnable;)V+13
j  org.gradle.api.internal.project.ProjectLifecycleController.ensureSelfConfigured()V+16
j  org.gradle.api.internal.project.DefaultProjectStateRegistry$ProjectStateImpl.ensureConfigured()V+19
j  org.gradle.api.internal.project.DefaultProject.evaluationDependsOn(Lorg/gradle/api/internal/project/ProjectInternal;)Lorg/gradle/api/Project;+40
j  org.gradle.api.internal.project.DefaultProject.evaluationDependsOn(Ljava/lang/String;)Lorg/gradle/api/Project;+26
j  org.gradle.api.internal.project.MutableStateAccessAwareProject.evaluationDependsOn(Ljava/lang/String;)Lorg/gradle/api/Project;+12
j  com.facebook.react.ReactRootProjectPlugin$apply$1.execute(Lorg/gradle/api/Project;)V+23
j  com.facebook.react.ReactRootProjectPlugin$apply$1.execute(Ljava/lang/Object;)V+5
J 20229 c1 org.gradle.api.internal.DefaultMutationGuard$1.execute(Ljava/lang/Object;)V (67 bytes) @ 0x00000189e2b8a62c [0x00000189e2b8a1c0+0x000000000000046c]
j  org.gradle.internal.Actions.with(Ljava/lang/Object;Lorg/gradle/api/Action;)Ljava/lang/Object;+2
j  org.gradle.api.internal.project.BuildOperationCrossProjectConfigurator$1.run(Lorg/gradle/internal/operations/BuildOperationContext;)V+20
J 16867 c1 org.gradle.internal.operations.DefaultBuildOperationRunner$1.execute(Lorg/gradle/internal/operations/BuildOperation;Lorg/gradle/internal/operations/BuildOperationContext;)V (10 bytes) @ 0x00000189e1efad44 [0x00000189e1efaae0+0x0000000000000264]
J 13961 c1 org.gradle.internal.operations.DefaultBuildOperationRunner$2.execute(Lorg/gradle/internal/operations/BuildOperationDescriptor;Lorg/gradle/internal/operations/BuildOperationState;Lorg/gradle/internal/operations/BuildOperationState;Lorg/gradle/internal/operations/DefaultBuildOperationRunner$ReadableBuildOperationContext;Lorg/gradle/internal/operations/DefaultBuildOperationRunner$BuildOperationExecutionListener;)Lorg/gradle/internal/operations/BuildOperation; (110 bytes) @ 0x00000189e1741cc4 [0x00000189e1741ac0+0x0000000000000204]
J 16453 c1 org.gradle.internal.operations.DefaultBuildOperationRunner$2.execute(Lorg/gradle/internal/operations/BuildOperationDescriptor;Lorg/gradle/internal/operations/BuildOperationState;Lorg/gradle/internal/operations/BuildOperationState;Lorg/gradle/internal/operations/DefaultBuildOperationRunner$ReadableBuildOperationContext;Lorg/gradle/internal/operations/DefaultBuildOperationRunner$BuildOperationExecutionListener;)Ljava/lang/Object; (12 bytes) @ 0x00000189e1e1fc3c [0x00000189e1e1fbc0+0x000000000000007c]
J 25582 c1 org.gradle.internal.operations.DefaultBuildOperationRunner.execute(Lorg/gradle/internal/operations/BuildOperationDescriptor$Builder;Lorg/gradle/internal/operations/DefaultBuildOperationRunner$BuildOperationExecution;)Ljava/lang/Object; (147 bytes) @ 0x00000189e364f13c [0x00000189e364e2c0+0x0000000000000e7c]
J 13970 c1 org.gradle.internal.operations.DefaultBuildOperationRunner.execute(Lorg/gradle/internal/operations/BuildOperation;Lorg/gradle/internal/operations/BuildOperationWorker;)V (22 bytes) @ 0x00000189e1748704 [0x00000189e1748460+0x00000000000002a4]
J 16866 c1 org.gradle.internal.operations.DefaultBuildOperationRunner.run(Lorg/gradle/internal/operations/RunnableBuildOperation;)V (9 bytes) @ 0x00000189e1efa2dc [0x00000189e1efa240+0x000000000000009c]
j  org.gradle.api.internal.project.BuildOperationCrossProjectConfigurator.lambda$runProjectConfigureAction$0(Lorg/gradle/api/internal/project/ProjectInternal;Lorg/gradle/api/Action;Lorg/gradle/api/internal/project/ProjectInternal;)V+15
j  org.gradle.api.internal.project.BuildOperationCrossProjectConfigurator$$Lambda+0x00000189820bcd00.accept(Ljava/lang/Object;)V+16
j  org.gradle.api.internal.project.DefaultProjectStateRegistry$ProjectStateImpl.lambda$applyToMutableState$0(Ljava/util/function/Consumer;Lorg/gradle/api/internal/project/ProjectInternal;)Ljava/lang/Object;+2
j  org.gradle.api.internal.project.DefaultProjectStateRegistry$ProjectStateImpl$$Lambda+0x0000018981ffce80.apply(Ljava/lang/Object;)Ljava/lang/Object;+8
J 30483 c1 org.gradle.api.internal.project.DefaultProjectStateRegistry$ProjectStateImpl$$Lambda+0x0000018981ffd0c8.get()Ljava/lang/Object; (12 bytes) @ 0x00000189e3e69a34 [0x00000189e3e69800+0x0000000000000234]
j  org.gradle.api.internal.project.DefaultProjectStateRegistry$ProjectStateImpl$$Lambda+0x0000018981ffd2f0.create()Ljava/lang/Object;+4
J 27307 c1 org.gradle.internal.work.DefaultWorkerLeaseService$$Lambda+0x0000018981280d48.create()Ljava/lang/Object; (16 bytes) @ 0x00000189dfb53eac [0x00000189dfb53d40+0x000000000000016c]
J 27305 c1 org.gradle.internal.work.DefaultWorkerLeaseService.withLocksAcquired(Ljava/util/Collection;Lorg/gradle/internal/Factory;)Ljava/lang/Object; (27 bytes) @ 0x00000189e033d60c [0x00000189e033ce00+0x000000000000080c]
j  org.gradle.internal.work.DefaultWorkerLeaseService.lambda$withReplacedLocks$3(Lorg/gradle/internal/resources/ResourceLock;Lorg/gradle/internal/Factory;)Ljava/lang/Object;+6
j  org.gradle.internal.work.DefaultWorkerLeaseService$$Lambda+0x0000018981ffd518.create()Ljava/lang/Object;+12
j  org.gradle.internal.work.DefaultWorkerLeaseService.lambda$withoutLocks$2(Lorg/gradle/internal/Factory;Ljava/util/Collection;)Ljava/lang/Object;+1
j  org.gradle.internal.work.DefaultWorkerLeaseService$$Lambda+0x000001898204c000.create()Ljava/lang/Object;+12
j  org.gradle.internal.work.ResourceLockStatistics$1.measure(Ljava/lang/String;Ljava/lang/Iterable;Lorg/gradle/internal/Factory;)Ljava/lang/Object;+1
j  org.gradle.internal.work.DefaultWorkerLeaseService.withoutLocks(Ljava/util/Collection;Lorg/gradle/internal/Factory;)Ljava/lang/Object;+42
j  org.gradle.internal.work.DefaultWorkerLeaseService.withReplacedLocks(Ljava/util/Collection;Lorg/gradle/internal/resources/ResourceLock;Lorg/gradle/internal/Factory;)Ljava/lang/Object;+27
j  org.gradle.api.internal.project.DefaultProjectStateRegistry$ProjectStateImpl.runWithModelLock(Ljava/util/function/Supplier;)Ljava/lang/Object;+129
J 30489 c1 org.gradle.api.internal.project.DefaultProjectStateRegistry$ProjectStateImpl.fromMutableState(Ljava/util/function/Function;)Ljava/lang/Object; (12 bytes) @ 0x00000189e3e6aaac [0x00000189e3e6a620+0x000000000000048c]
j  org.gradle.api.internal.project.DefaultProjectStateRegistry$ProjectStateImpl.applyToMutableState(Ljava/util/function/Consumer;)V+7
j  org.gradle.api.internal.project.BuildOperationCrossProjectConfigurator.runProjectConfigureAction(Lorg/gradle/api/internal/project/ProjectInternal;Lorg/gradle/api/Action;)V+14
j  org.gradle.api.internal.project.BuildOperationCrossProjectConfigurator.access$100(Lorg/gradle/api/internal/project/BuildOperationCrossProjectConfigurator;Lorg/gradle/api/internal/project/ProjectInternal;Lorg/gradle/api/Action;)V+3
j  org.gradle.api.internal.project.BuildOperationCrossProjectConfigurator$BlockConfigureBuildOperation.run(Lorg/gradle/internal/operations/BuildOperationContext;)V+38
J 16867 c1 org.gradle.internal.operations.DefaultBuildOperationRunner$1.execute(Lorg/gradle/internal/operations/BuildOperation;Lorg/gradle/internal/operations/BuildOperationContext;)V (10 bytes) @ 0x00000189e1efad44 [0x00000189e1efaae0+0x0000000000000264]
J 13961 c1 org.gradle.internal.operations.DefaultBuildOperationRunner$2.execute(Lorg/gradle/internal/operations/BuildOperationDescriptor;Lorg/gradle/internal/operations/BuildOperationState;Lorg/gradle/internal/operations/BuildOperationState;Lorg/gradle/internal/operations/DefaultBuildOperationRunner$ReadableBuildOperationContext;Lorg/gradle/internal/operations/DefaultBuildOperationRunner$BuildOperationExecutionListener;)Lorg/gradle/internal/operations/BuildOperation; (110 bytes) @ 0x00000189e1741cc4 [0x00000189e1741ac0+0x0000000000000204]
J 16453 c1 org.gradle.internal.operations.DefaultBuildOperationRunner$2.execute(Lorg/gradle/internal/operations/BuildOperationDescriptor;Lorg/gradle/internal/operations/BuildOperationState;Lorg/gradle/internal/operations/BuildOperationState;Lorg/gradle/internal/operations/DefaultBuildOperationRunner$ReadableBuildOperationContext;Lorg/gradle/internal/operations/DefaultBuildOperationRunner$BuildOperationExecutionListener;)Ljava/lang/Object; (12 bytes) @ 0x00000189e1e1fc3c [0x00000189e1e1fbc0+0x000000000000007c]
J 25582 c1 org.gradle.internal.operations.DefaultBuildOperationRunner.execute(Lorg/gradle/internal/operations/BuildOperationDescriptor$Builder;Lorg/gradle/internal/operations/DefaultBuildOperationRunner$BuildOperationExecution;)Ljava/lang/Object; (147 bytes) @ 0x00000189e364f13c [0x00000189e364e2c0+0x0000000000000e7c]
J 13970 c1 org.gradle.internal.operations.DefaultBuildOperationRunner.execute(Lorg/gradle/internal/operations/BuildOperation;Lorg/gradle/internal/operations/BuildOperationWorker;)V (22 bytes) @ 0x00000189e1748704 [0x00000189e1748460+0x00000000000002a4]
J 16866 c1 org.gradle.internal.operations.DefaultBuildOperationRunner.run(Lorg/gradle/internal/operations/RunnableBuildOperation;)V (9 bytes) @ 0x00000189e1efa2dc [0x00000189e1efa240+0x000000000000009c]
j  org.gradle.api.internal.project.BuildOperationCrossProjectConfigurator.runBlockConfigureAction(Lorg/gradle/internal/operations/BuildOperationDescriptor$Builder;Ljava/lang/Iterable;Lorg/gradle/api/Action;)V+16
j  org.gradle.api.internal.project.BuildOperationCrossProjectConfigurator.subprojects(Ljava/lang/Iterable;Lorg/gradle/api/Action;)V+6
j  org.gradle.api.internal.project.DefaultProject.subprojects(Lorg/gradle/api/internal/project/ProjectInternal;Lorg/gradle/api/Action;)V+10
j  org.gradle.api.internal.project.DefaultProject.subprojects(Lorg/gradle/api/Action;)V+3
j  com.facebook.react.ReactRootProjectPlugin.apply(Lorg/gradle/api/Project;)V+18
j  com.facebook.react.ReactRootProjectPlugin.apply(Ljava/lang/Object;)V+5
j  org.gradle.api.internal.plugins.ImperativeOnlyPluginTarget.applyImperative(Ljava/lang/String;Lorg/gradle/api/Plugin;)V+13
j  org.gradle.api.internal.plugins.RuleBasedPluginTarget.applyImperative(Ljava/lang/String;Lorg/gradle/api/Plugin;)V+6
j  org.gradle.api.internal.plugins.DefaultPluginManager.addPlugin(Ljava/lang/Runnable;Lorg/gradle/api/internal/plugins/PluginImplementation;Ljava/lang/String;Ljava/lang/Class;)V+54
j  org.gradle.api.internal.plugins.DefaultPluginManager.access$100(Lorg/gradle/api/internal/plugins/DefaultPluginManager;Ljava/lang/Runnable;Lorg/gradle/api/internal/plugins/PluginImplementation;Ljava/lang/String;Ljava/lang/Class;)V+6
j  org.gradle.api.internal.plugins.DefaultPluginManager$AddPluginBuildOperation.run(Lorg/gradle/internal/operations/BuildOperationContext;)V+20
J 16867 c1 org.gradle.internal.operations.DefaultBuildOperationRunner$1.execute(Lorg/gradle/internal/operations/BuildOperation;Lorg/gradle/internal/operations/BuildOperationContext;)V (10 bytes) @ 0x00000189e1efad44 [0x00000189e1efaae0+0x0000000000000264]
J 13961 c1 org.gradle.internal.operations.DefaultBuildOperationRunner$2.execute(Lorg/gradle/internal/operations/BuildOperationDescriptor;Lorg/gradle/internal/operations/BuildOperationState;Lorg/gradle/internal/operations/BuildOperationState;Lorg/gradle/internal/operations/DefaultBuildOperationRunner$ReadableBuildOperationContext;Lorg/gradle/internal/operations/DefaultBuildOperationRunner$BuildOperationExecutionListener;)Lorg/gradle/internal/operations/BuildOperation; (110 bytes) @ 0x00000189e1741cc4 [0x00000189e1741ac0+0x0000000000000204]
J 16453 c1 org.gradle.internal.operations.DefaultBuildOperationRunner$2.execute(Lorg/gradle/internal/operations/BuildOperationDescriptor;Lorg/gradle/internal/operations/BuildOperationState;Lorg/gradle/internal/operations/BuildOperationState;Lorg/gradle/internal/operations/DefaultBuildOperationRunner$ReadableBuildOperationContext;Lorg/gradle/internal/operations/DefaultBuildOperationRunner$BuildOperationExecutionListener;)Ljava/lang/Object; (12 bytes) @ 0x00000189e1e1fc3c [0x00000189e1e1fbc0+0x000000000000007c]
J 25582 c1 org.gradle.internal.operations.DefaultBuildOperationRunner.execute(Lorg/gradle/internal/operations/BuildOperationDescriptor$Builder;Lorg/gradle/internal/operations/DefaultBuildOperationRunner$BuildOperationExecution;)Ljava/lang/Object; (147 bytes) @ 0x00000189e364f13c [0x00000189e364e2c0+0x0000000000000e7c]
J 13970 c1 org.gradle.internal.operations.DefaultBuildOperationRunner.execute(Lorg/gradle/internal/operations/BuildOperation;Lorg/gradle/internal/operations/BuildOperationWorker;)V (22 bytes) @ 0x00000189e1748704 [0x00000189e1748460+0x00000000000002a4]
J 16866 c1 org.gradle.internal.operations.DefaultBuildOperationRunner.run(Lorg/gradle/internal/operations/RunnableBuildOperation;)V (9 bytes) @ 0x00000189e1efa2dc [0x00000189e1efa240+0x000000000000009c]
j  org.gradle.api.internal.plugins.DefaultPluginManager.lambda$doApply$0(Ljava/lang/Runnable;Lorg/gradle/api/internal/plugins/PluginImplementation;Ljava/lang/String;Ljava/lang/Class;Lorg/gradle/internal/code/UserCodeApplicationId;)V+20
j  org.gradle.api.internal.plugins.DefaultPluginManager$$Lambda+0x0000018981eeb7a0.execute(Ljava/lang/Object;)V+24
j  org.gradle.internal.code.DefaultUserCodeApplicationContext.apply(Lorg/gradle/internal/code/UserCodeSource;Lorg/gradle/api/Action;)V+37
j  org.gradle.api.internal.plugins.DefaultPluginManager.doApply(Lorg/gradle/api/internal/plugins/PluginImplementation;)V+144
j  org.gradle.api.internal.plugins.DefaultPluginManager.apply(Ljava/lang/String;)V+52
j  org.gradle.api.internal.plugins.DefaultObjectConfigurationAction.applyType(Ljava/lang/String;)V+43
j  org.gradle.api.internal.plugins.DefaultObjectConfigurationAction.access$200(Lorg/gradle/api/internal/plugins/DefaultObjectConfigurationAction;Ljava/lang/String;)V+2
j  org.gradle.api.internal.plugins.DefaultObjectConfigurationAction$3.run()V+8
j  org.gradle.api.internal.plugins.DefaultObjectConfigurationAction.execute()V+58
j  org.gradle.api.internal.project.AbstractPluginAware.apply(Ljava/util/Map;)V+12
j  org.gradle.api.internal.project.DefaultProject.apply(Ljava/util/Map;)V+2
j  org.gradle.api.internal.project.ProjectScript.apply(Ljava/util/Map;)V+5
J 9193 c1 java.lang.invoke.LambdaForm$DMH+0x000001898102c000.invokeInterface(Ljava/lang/Object;Ljava/lang/Object;Ljava/lang/Object;)V java.base@21.0.11 (28 bytes) @ 0x00000189e01bbc74 [0x00000189e01bb600+0x0000000000000674]
j  java.lang.invoke.LambdaForm$MH+0x00000189825ef800.invoke(Ljava/lang/Object;Ljava/lang/Object;Ljava/lang/Object;)Ljava/lang/Object;+14 java.base@21.0.11
j  java.lang.invoke.LambdaForm$MH+0x000001898160d000.guardWithCatch(Ljava/lang/Object;Ljava/lang/Object;Ljava/lang/Object;)Ljava/lang/Object;+40 java.base@21.0.11
j  java.lang.invoke.LambdaForm$MH+0x000001898160e800.reinvoke(Ljava/lang/Object;Ljava/lang/Object;Ljava/lang/Object;)Ljava/lang/Object;+20 java.base@21.0.11
j  java.lang.invoke.LambdaForm$MH+0x000001898160ec00.guard(Ljava/lang/Object;Ljava/lang/Object;Ljava/lang/Object;)Ljava/lang/Object;+74 java.base@21.0.11
j  java.lang.invoke.LambdaForm$MH+0x000001898160e800.reinvoke(Ljava/lang/Object;Ljava/lang/Object;Ljava/lang/Object;)Ljava/lang/Object;+20 java.base@21.0.11
j  java.lang.invoke.LambdaForm$MH+0x000001898160ec00.guard(Ljava/lang/Object;Ljava/lang/Object;Ljava/lang/Object;)Ljava/lang/Object;+74 java.base@21.0.11
j  java.lang.invoke.LambdaForm$MH+0x000001898160e800.reinvoke(Ljava/lang/Object;Ljava/lang/Object;Ljava/lang/Object;)Ljava/lang/Object;+20 java.base@21.0.11
j  java.lang.invoke.LambdaForm$MH+0x00000189825ac400.invoke(Ljava/lang/Object;Ljava/lang/Object;)Ljava/lang/Object;+132 java.base@21.0.11
J 2545 c1 java.lang.invoke.Invokers$Holder.invokeExact_MT(Ljava/lang/Object;Ljava/lang/Object;Ljava/lang/Object;)Ljava/lang/Object; java.base@21.0.11 (23 bytes) @ 0x00000189dfdfc19c [0x00000189dfdfbd20+0x000000000000047c]
j  org.codehaus.groovy.vmplugin.v8.IndyInterface.fromCache(Ljava/lang/invoke/MutableCallSite;Ljava/lang/Class;Ljava/lang/String;ILjava/lang/Boolean;Ljava/lang/Boolean;Ljava/lang/Boolean;Ljava/lang/Object;[Ljava/lang/Object;)Ljava/lang/Object;+139
j  java.lang.invoke.LambdaForm$DMH+0x0000018981604000.invokeStatic(Ljava/lang/Object;Ljava/lang/Object;Ljava/lang/Object;Ljava/lang/Object;ILjava/lang/Object;Ljava/lang/Object;Ljava/lang/Object;Ljava/lang/Object;Ljava/lang/Object;)Ljava/lang/Object;+26 java.base@21.0.11
j  java.lang.invoke.LambdaForm$MH+0x0000018981609c00.invoke(Ljava/lang/Object;Ljava/lang/Object;Ljava/lang/Object;)Ljava/lang/Object;+98 java.base@21.0.11
j  java.lang.invoke.Invokers$Holder.linkToCallSite(Ljava/lang/Object;Ljava/lang/Object;Ljava/lang/Object;)Ljava/lang/Object;+14 java.base@21.0.11
j  build_9wssr3fln2y986g6xtvdjo2ju.run()Ljava/lang/Object;+58
j  org.gradle.groovy.scripts.internal.DefaultScriptRunnerFactory$ScriptRunnerImpl.run(Ljava/lang/Object;Lorg/gradle/internal/service/ServiceRegistry;)V+57
j  org.gradle.configuration.DefaultScriptPluginFactory$ScriptPluginImpl.lambda$apply$1(Lorg/gradle/groovy/scripts/ScriptRunner;Ljava/lang/Object;Lorg/gradle/internal/service/CloseableServiceRegistry;)V+3
j  org.gradle.configuration.DefaultScriptPluginFactory$ScriptPluginImpl$$Lambda+0x000001898256eb78.run()V+12
j  org.gradle.configuration.ProjectScriptTarget.addConfiguration(Ljava/lang/Runnable;Z)V+18
j  org.gradle.configuration.DefaultScriptPluginFactory$ScriptPluginImpl.apply(Ljava/lang/Object;)V+342
j  org.gradle.configuration.BuildOperationScriptPlugin$1.run(Lorg/gradle/internal/operations/BuildOperationContext;)V+11
J 16867 c1 org.gradle.internal.operations.DefaultBuildOperationRunner$1.execute(Lorg/gradle/internal/operations/BuildOperation;Lorg/gradle/internal/operations/BuildOperationContext;)V (10 bytes) @ 0x00000189e1efad44 [0x00000189e1efaae0+0x0000000000000264]
J 13961 c1 org.gradle.internal.operations.DefaultBuildOperationRunner$2.execute(Lorg/gradle/internal/operations/BuildOperationDescriptor;Lorg/gradle/internal/operations/BuildOperationState;Lorg/gradle/internal/operations/BuildOperationState;Lorg/gradle/internal/operations/DefaultBuildOperationRunner$ReadableBuildOperationContext;Lorg/gradle/internal/operations/DefaultBuildOperationRunner$BuildOperationExecutionListener;)Lorg/gradle/internal/operations/BuildOperation; (110 bytes) @ 0x00000189e1741cc4 [0x00000189e1741ac0+0x0000000000000204]
J 16453 c1 org.gradle.internal.operations.DefaultBuildOperationRunner$2.execute(Lorg/gradle/internal/operations/BuildOperationDescriptor;Lorg/gradle/internal/operations/BuildOperationState;Lorg/gradle/internal/operations/BuildOperationState;Lorg/gradle/internal/operations/DefaultBuildOperationRunner$ReadableBuildOperationContext;Lorg/gradle/internal/operations/DefaultBuildOperationRunner$BuildOperationExecutionListener;)Ljava/lang/Object; (12 bytes) @ 0x00000189e1e1fc3c [0x00000189e1e1fbc0+0x000000000000007c]
J 25582 c1 org.gradle.internal.operations.DefaultBuildOperationRunner.execute(Lorg/gradle/internal/operations/BuildOperationDescriptor$Builder;Lorg/gradle/internal/operations/DefaultBuildOperationRunner$BuildOperationExecution;)Ljava/lang/Object; (147 bytes) @ 0x00000189e364f13c [0x00000189e364e2c0+0x0000000000000e7c]
J 13970 c1 org.gradle.internal.operations.DefaultBuildOperationRunner.execute(Lorg/gradle/internal/operations/BuildOperation;Lorg/gradle/internal/operations/BuildOperationWorker;)V (22 bytes) @ 0x00000189e1748704 [0x00000189e1748460+0x00000000000002a4]
J 16866 c1 org.gradle.internal.operations.DefaultBuildOperationRunner.run(Lorg/gradle/internal/operations/RunnableBuildOperation;)V (9 bytes) @ 0x00000189e1efa2dc [0x00000189e1efa240+0x000000000000009c]
j  org.gradle.configuration.BuildOperationScriptPlugin.lambda$apply$0(Ljava/lang/Object;Lorg/gradle/internal/code/UserCodeApplicationId;)V+14
j  org.gradle.configuration.BuildOperationScriptPlugin$$Lambda+0x00000189815ae3f8.execute(Ljava/lang/Object;)V+12
j  org.gradle.internal.code.DefaultUserCodeApplicationContext.apply(Lorg/gradle/internal/code/UserCodeSource;Lorg/gradle/api/Action;)V+37
j  org.gradle.configuration.BuildOperationScriptPlugin.apply(Ljava/lang/Object;)V+71
j  org.gradle.configuration.project.BuildScriptProcessor$$Lambda+0x00000189820289d0.accept(Ljava/lang/Object;)V+8
j  org.gradle.api.internal.project.DefaultProjectStateRegistry$ProjectStateImpl.lambda$applyToMutableState$0(Ljava/util/function/Consumer;Lorg/gradle/api/internal/project/ProjectInternal;)Ljava/lang/Object;+2
j  org.gradle.api.internal.project.DefaultProjectStateRegistry$ProjectStateImpl$$Lambda+0x0000018981ffce80.apply(Ljava/lang/Object;)Ljava/lang/Object;+8
j  org.gradle.api.internal.project.DefaultProjectStateRegistry$ProjectStateImpl.lambda$fromMutableState$1(Ljava/util/function/Function;)Ljava/lang/Object;+5
j  org.gradle.api.internal.project.DefaultProjectStateRegistry$ProjectStateImpl$$Lambda+0x0000018981ffd0c8.get()Ljava/lang/Object;+8
j  org.gradle.api.internal.project.DefaultProjectStateRegistry$ProjectStateImpl.runWithModelLock(Ljava/util/function/Supplier;)Ljava/lang/Object;+89
j  org.gradle.api.internal.project.DefaultProjectStateRegistry$ProjectStateImpl.fromMutableState(Ljava/util/function/Function;)Ljava/lang/Object;+8
j  org.gradle.api.internal.project.DefaultProjectStateRegistry$ProjectStateImpl.applyToMutableState(Ljava/util/function/Consumer;)V+7
j  org.gradle.configuration.project.BuildScriptProcessor.execute(Lorg/gradle/api/internal/project/ProjectInternal;)V+88
j  org.gradle.configuration.project.BuildScriptProcessor.execute(Ljava/lang/Object;)V+5
j  org.gradle.configuration.project.ConfigureActionsProjectEvaluator.evaluate(Lorg/gradle/api/internal/project/ProjectInternal;Lorg/gradle/api/internal/project/ProjectStateInternal;)V+33
j  org.gradle.configuration.project.LifecycleProjectEvaluator$EvaluateProject.lambda$run$0(Lorg/gradle/internal/operations/BuildOperationContext;Lorg/gradle/api/internal/project/ProjectInternal;)V+67
j  org.gradle.configuration.project.LifecycleProjectEvaluator$EvaluateProject$$Lambda+0x0000018981ffcc48.accept(Ljava/lang/Object;)V+12
j  org.gradle.api.internal.project.DefaultProjectStateRegistry$ProjectStateImpl.lambda$applyToMutableState$0(Ljava/util/function/Consumer;Lorg/gradle/api/internal/project/ProjectInternal;)Ljava/lang/Object;+2
j  org.gradle.api.internal.project.DefaultProjectStateRegistry$ProjectStateImpl$$Lambda+0x0000018981ffce80.apply(Ljava/lang/Object;)Ljava/lang/Object;+8
j  org.gradle.api.internal.project.DefaultProjectStateRegistry$ProjectStateImpl.lambda$fromMutableState$1(Ljava/util/function/Function;)Ljava/lang/Object;+5
j  org.gradle.api.internal.project.DefaultProjectStateRegistry$ProjectStateImpl$$Lambda+0x0000018981ffd0c8.get()Ljava/lang/Object;+8
j  org.gradle.api.internal.project.DefaultProjectStateRegistry$ProjectStateImpl$$Lambda+0x0000018981ffd2f0.create()Ljava/lang/Object;+4
J 27307 c1 org.gradle.internal.work.DefaultWorkerLeaseService$$Lambda+0x0000018981280d48.create()Ljava/lang/Object; (16 bytes) @ 0x00000189dfb53eac [0x00000189dfb53d40+0x000000000000016c]
J 27305 c1 org.gradle.internal.work.DefaultWorkerLeaseService.withLocksAcquired(Ljava/util/Collection;Lorg/gradle/internal/Factory;)Ljava/lang/Object; (27 bytes) @ 0x00000189e033d60c [0x00000189e033ce00+0x000000000000080c]
j  org.gradle.internal.work.DefaultWorkerLeaseService.lambda$withReplacedLocks$3(Lorg/gradle/internal/resources/ResourceLock;Lorg/gradle/internal/Factory;)Ljava/lang/Object;+6
j  org.gradle.internal.work.DefaultWorkerLeaseService$$Lambda+0x0000018981ffd518.create()Ljava/lang/Object;+12
j  org.gradle.internal.work.DefaultWorkerLeaseService.withoutLocks(Ljava/util/Collection;Lorg/gradle/internal/Factory;)Ljava/lang/Object;+10
j  org.gradle.internal.work.DefaultWorkerLeaseService.withReplacedLocks(Ljava/util/Collection;Lorg/gradle/internal/resources/ResourceLock;Lorg/gradle/internal/Factory;)Ljava/lang/Object;+27
j  org.gradle.api.internal.project.DefaultProjectStateRegistry$ProjectStateImpl.runWithModelLock(Ljava/util/function/Supplier;)Ljava/lang/Object;+129
j  org.gradle.api.internal.project.DefaultProjectStateRegistry$ProjectStateImpl.fromMutableState(Ljava/util/function/Function;)Ljava/lang/Object;+8
j  org.gradle.api.internal.project.DefaultProjectStateRegistry$ProjectStateImpl.applyToMutableState(Ljava/util/function/Consumer;)V+7
j  org.gradle.configuration.project.LifecycleProjectEvaluator$EvaluateProject.run(Lorg/gradle/internal/operations/BuildOperationContext;)V+16
J 16867 c1 org.gradle.internal.operations.DefaultBuildOperationRunner$1.execute(Lorg/gradle/internal/operations/BuildOperation;Lorg/gradle/internal/operations/BuildOperationContext;)V (10 bytes) @ 0x00000189e1efad44 [0x00000189e1efaae0+0x0000000000000264]
J 13961 c1 org.gradle.internal.operations.DefaultBuildOperationRunner$2.execute(Lorg/gradle/internal/operations/BuildOperationDescriptor;Lorg/gradle/internal/operations/BuildOperationState;Lorg/gradle/internal/operations/BuildOperationState;Lorg/gradle/internal/operations/DefaultBuildOperationRunner$ReadableBuildOperationContext;Lorg/gradle/internal/operations/DefaultBuildOperationRunner$BuildOperationExecutionListener;)Lorg/gradle/internal/operations/BuildOperation; (110 bytes) @ 0x00000189e1741cc4 [0x00000189e1741ac0+0x0000000000000204]
J 16453 c1 org.gradle.internal.operations.DefaultBuildOperationRunner$2.execute(Lorg/gradle/internal/operations/BuildOperationDescriptor;Lorg/gradle/internal/operations/BuildOperationState;Lorg/gradle/internal/operations/BuildOperationState;Lorg/gradle/internal/operations/DefaultBuildOperationRunner$ReadableBuildOperationContext;Lorg/gradle/internal/operations/DefaultBuildOperationRunner$BuildOperationExecutionListener;)Ljava/lang/Object; (12 bytes) @ 0x00000189e1e1fc3c [0x00000189e1e1fbc0+0x000000000000007c]
J 25582 c1 org.gradle.internal.operations.DefaultBuildOperationRunner.execute(Lorg/gradle/internal/operations/BuildOperationDescriptor$Builder;Lorg/gradle/internal/operations/DefaultBuildOperationRunner$BuildOperationExecution;)Ljava/lang/Object; (147 bytes) @ 0x00000189e364f13c [0x00000189e364e2c0+0x0000000000000e7c]
J 13970 c1 org.gradle.internal.operations.DefaultBuildOperationRunner.execute(Lorg/gradle/internal/operations/BuildOperation;Lorg/gradle/internal/operations/BuildOperationWorker;)V (22 bytes) @ 0x00000189e1748704 [0x00000189e1748460+0x00000000000002a4]
J 16866 c1 org.gradle.internal.operations.DefaultBuildOperationRunner.run(Lorg/gradle/internal/operations/RunnableBuildOperation;)V (9 bytes) @ 0x00000189e1efa2dc [0x00000189e1efa240+0x000000000000009c]
j  org.gradle.configuration.project.LifecycleProjectEvaluator.evaluate(Lorg/gradle/api/internal/project/ProjectInternal;Lorg/gradle/api/internal/project/ProjectStateInternal;)V+42
j  org.gradle.api.internal.project.DefaultProject.evaluateUnchecked()Lorg/gradle/api/internal/project/ProjectInternal;+20
j  org.gradle.api.internal.project.ProjectLifecycleController.lambda$ensureSelfConfigured$2()V+4
j  org.gradle.api.internal.project.ProjectLifecycleController$$Lambda+0x0000018981ffb1d8.run()V+4
j  org.gradle.internal.model.StateTransitionController.lambda$doTransition$14(Ljava/lang/Runnable;)Lorg/gradle/internal/build/ExecutionResult;+1
j  org.gradle.internal.model.StateTransitionController$$Lambda+0x000001898145e210.get()Ljava/lang/Object;+4
j  org.gradle.internal.model.StateTransitionController.doTransition(Lorg/gradle/internal/model/StateTransitionController$State;Lorg/gradle/internal/model/StateTransitionController$State;Ljava/util/function/Supplier;)Lorg/gradle/internal/build/ExecutionResult;+24
j  org.gradle.internal.model.StateTransitionController.doTransition(Lorg/gradle/internal/model/StateTransitionController$State;Lorg/gradle/internal/model/StateTransitionController$State;Ljava/lang/Runnable;)V+9
j  org.gradle.internal.model.StateTransitionController.lambda$maybeTransitionIfNotCurrentlyTransitioning$10(Lorg/gradle/internal/model/StateTransitionController$State;Lorg/gradle/internal/model/StateTransitionController$State;Ljava/lang/Runnable;)V+16
j  org.gradle.internal.model.StateTransitionController$$Lambda+0x0000018981ffb400.run()V+16
j  org.gradle.internal.work.DefaultSynchronizer.withLock(Ljava/lang/Runnable;)V+6
j  org.gradle.internal.model.StateTransitionController.maybeTransitionIfNotCurrentlyTransitioning(Lorg/gradle/internal/model/StateTransitionController$State;Lorg/gradle/internal/model/StateTransitionController$State;Ljava/lang/Runnable;)V+13
j  org.gradle.api.internal.project.ProjectLifecycleController.ensureSelfConfigured()V+16
j  org.gradle.api.internal.project.DefaultProjectStateRegistry$ProjectStateImpl.ensureConfigured()V+19
j  org.gradle.execution.TaskPathProjectEvaluator.configure(Lorg/gradle/api/internal/project/ProjectInternal;)V+6
j  org.gradle.execution.TaskPathProjectEvaluator.configureHierarchy(Lorg/gradle/api/internal/project/ProjectInternal;)V+2
j  org.gradle.configuration.DefaultProjectsPreparer.prepareProjects(Lorg/gradle/api/internal/GradleInternal;)V+52
j  org.gradle.configuration.BuildTreePreparingProjectsPreparer.prepareProjects(Lorg/gradle/api/internal/GradleInternal;)V+114
j  org.gradle.configuration.BuildOperationFiringProjectsPreparer$ConfigureBuild.run(Lorg/gradle/internal/operations/BuildOperationContext;)V+11
J 16867 c1 org.gradle.internal.operations.DefaultBuildOperationRunner$1.execute(Lorg/gradle/internal/operations/BuildOperation;Lorg/gradle/internal/operations/BuildOperationContext;)V (10 bytes) @ 0x00000189e1efad44 [0x00000189e1efaae0+0x0000000000000264]
J 13961 c1 org.gradle.internal.operations.DefaultBuildOperationRunner$2.execute(Lorg/gradle/internal/operations/BuildOperationDescriptor;Lorg/gradle/internal/operations/BuildOperationState;Lorg/gradle/internal/operations/BuildOperationState;Lorg/gradle/internal/operations/DefaultBuildOperationRunner$ReadableBuildOperationContext;Lorg/gradle/internal/operations/DefaultBuildOperationRunner$BuildOperationExecutionListener;)Lorg/gradle/internal/operations/BuildOperation; (110 bytes) @ 0x00000189e1741cc4 [0x00000189e1741ac0+0x0000000000000204]
J 16453 c1 org.gradle.internal.operations.DefaultBuildOperationRunner$2.execute(Lorg/gradle/internal/operations/BuildOperationDescriptor;Lorg/gradle/internal/operations/BuildOperationState;Lorg/gradle/internal/operations/BuildOperationState;Lorg/gradle/internal/operations/DefaultBuildOperationRunner$ReadableBuildOperationContext;Lorg/gradle/internal/operations/DefaultBuildOperationRunner$BuildOperationExecutionListener;)Ljava/lang/Object; (12 bytes) @ 0x00000189e1e1fc3c [0x00000189e1e1fbc0+0x000000000000007c]
J 25582 c1 org.gradle.internal.operations.DefaultBuildOperationRunner.execute(Lorg/gradle/internal/operations/BuildOperationDescriptor$Builder;Lorg/gradle/internal/operations/DefaultBuildOperationRunner$BuildOperationExecution;)Ljava/lang/Object; (147 bytes) @ 0x00000189e364f13c [0x00000189e364e2c0+0x0000000000000e7c]
J 13970 c1 org.gradle.internal.operations.DefaultBuildOperationRunner.execute(Lorg/gradle/internal/operations/BuildOperation;Lorg/gradle/internal/operations/BuildOperationWorker;)V (22 bytes) @ 0x00000189e1748704 [0x00000189e1748460+0x00000000000002a4]
J 16866 c1 org.gradle.internal.operations.DefaultBuildOperationRunner.run(Lorg/gradle/internal/operations/RunnableBuildOperation;)V (9 bytes) @ 0x00000189e1efa2dc [0x00000189e1efa240+0x000000000000009c]
j  org.gradle.configuration.BuildOperationFiringProjectsPreparer.prepareProjects(Lorg/gradle/api/internal/GradleInternal;)V+13
j  org.gradle.initialization.VintageBuildModelController.lambda$prepareProjects$2()V+8
j  org.gradle.initialization.VintageBuildModelController$$Lambda+0x0000018981f751e0.run()V+4
j  org.gradle.internal.model.StateTransitionController.lambda$doTransition$14(Ljava/lang/Runnable;)Lorg/gradle/internal/build/ExecutionResult;+1
j  org.gradle.internal.model.StateTransitionController$$Lambda+0x000001898145e210.get()Ljava/lang/Object;+4
j  org.gradle.internal.model.StateTransitionController.doTransition(Lorg/gradle/internal/model/StateTransitionController$State;Lorg/gradle/internal/model/StateTransitionController$State;Ljava/util/function/Supplier;)Lorg/gradle/internal/build/ExecutionResult;+24
j  org.gradle.internal.model.StateTransitionController.doTransition(Lorg/gradle/internal/model/StateTransitionController$State;Lorg/gradle/internal/model/StateTransitionController$State;Ljava/lang/Runnable;)V+9
j  org.gradle.internal.model.StateTransitionController.lambda$transitionIfNotPreviously$11(Lorg/gradle/internal/model/StateTransitionController$State;Lorg/gradle/internal/model/StateTransitionController$State;Ljava/lang/Runnable;)V+16
j  org.gradle.internal.model.StateTransitionController$$Lambda+0x000001898145dfe8.run()V+16
j  org.gradle.internal.work.DefaultSynchronizer.withLock(Ljava/lang/Runnable;)V+6
j  org.gradle.internal.model.StateTransitionController.transitionIfNotPreviously(Lorg/gradle/internal/model/StateTransitionController$State;Lorg/gradle/internal/model/StateTransitionController$State;Ljava/lang/Runnable;)V+13
j  org.gradle.initialization.VintageBuildModelController.prepareProjects()V+16
j  org.gradle.initialization.VintageBuildModelController.getConfiguredModel()Lorg/gradle/api/internal/GradleInternal;+5
j  org.gradle.internal.build.DefaultBuildLifecycleController.lambda$withProjectsConfigured$1(Ljava/util/function/Function;)Ljava/lang/Object;+5
j  org.gradle.internal.build.DefaultBuildLifecycleController$$Lambda+0x000001898145d970.get()Ljava/lang/Object;+8
j  org.gradle.internal.model.StateTransitionController.lambda$notInState$3(Lorg/gradle/internal/model/StateTransitionController$State;Ljava/util/function/Supplier;)Ljava/lang/Object;+11
j  org.gradle.internal.model.StateTransitionController$$Lambda+0x000001898145db98.create()Ljava/lang/Object;+12
j  org.gradle.internal.work.DefaultSynchronizer.withLock(Lorg/gradle/internal/Factory;)Ljava/lang/Object;+6
j  org.gradle.internal.model.StateTransitionController.notInState(Lorg/gradle/internal/model/StateTransitionController$State;Ljava/util/function/Supplier;)Ljava/lang/Object;+12
j  org.gradle.internal.build.DefaultBuildLifecycleController.withProjectsConfigured(Ljava/util/function/Function;)Ljava/lang/Object;+14
j  org.gradle.internal.build.DefaultBuildToolingModelController.locateBuilderForTarget(Ljava/lang/String;Z)Lorg/gradle/tooling/provider/model/internal/ToolingModelScope;+38
j  org.gradle.internal.buildtree.DefaultBuildTreeModelCreator$DefaultBuildTreeModelController.lambda$locateBuilderForBuildTarget$0(Ljava/lang/String;ZLorg/gradle/internal/build/BuildToolingModelController;)Lorg/gradle/tooling/provider/model/internal/ToolingModelScope;+3
j  org.gradle.internal.buildtree.DefaultBuildTreeModelCreator$DefaultBuildTreeModelController$$Lambda+0x000001898144b828.apply(Ljava/lang/Object;)Ljava/lang/Object;+12
j  org.gradle.internal.build.DefaultBuildLifecycleController.withToolingModels(Ljava/util/function/Function;)Ljava/lang/Object;+15
j  org.gradle.internal.build.AbstractBuildState.withToolingModels(Ljava/util/function/Function;)Ljava/lang/Object;+5
j  org.gradle.internal.buildtree.DefaultBuildTreeModelCreator$DefaultBuildTreeModelController.locateBuilderForBuildTarget(Lorg/gradle/internal/build/BuildState;Ljava/lang/String;Z)Lorg/gradle/tooling/provider/model/internal/ToolingModelScope;+8
j  org.gradle.internal.buildtree.DefaultBuildTreeModelCreator$DefaultBuildTreeModelController.locateBuilderForDefaultTarget(Ljava/lang/String;Z)Lorg/gradle/tooling/provider/model/internal/ToolingModelScope;+10
j  org.gradle.internal.buildtree.DefaultBuildTreeModelCreator$DefaultBuildTreeModelController.locateBuilderForTarget(Lorg/gradle/internal/buildtree/BuildTreeModelTarget;Ljava/lang/String;Z)Lorg/gradle/tooling/provider/model/internal/ToolingModelScope;+10
j  org.gradle.internal.buildtree.DefaultBuildTreeModelCreator$DefaultBuildTreeModelController.access$200(Lorg/gradle/internal/buildtree/DefaultBuildTreeModelCreator$DefaultBuildTreeModelController;Lorg/gradle/internal/buildtree/BuildTreeModelTarget;Ljava/lang/String;Z)Lorg/gradle/tooling/provider/model/internal/ToolingModelScope;+4
j  org.gradle.internal.buildtree.DefaultBuildTreeModelCreator$DefaultBuildTreeModelController$1.call(Lorg/gradle/internal/operations/BuildOperationContext;)Ljava/lang/Object;+24
j  org.gradle.internal.operations.DefaultBuildOperationRunner$CallableBuildOperationWorker.execute(Lorg/gradle/internal/operations/CallableBuildOperation;Lorg/gradle/internal/operations/BuildOperationContext;)V+3
j  org.gradle.internal.operations.DefaultBuildOperationRunner$CallableBuildOperationWorker.execute(Lorg/gradle/internal/operations/BuildOperation;Lorg/gradle/internal/operations/BuildOperationContext;)V+6
j  org.gradle.internal.operations.DefaultBuildOperationRunner$2.execute(Lorg/gradle/internal/operations/BuildOperationDescriptor;Lorg/gradle/internal/operations/BuildOperationState;Lorg/gradle/internal/operations/BuildOperationState;Lorg/gradle/internal/operations/DefaultBuildOperationRunner$ReadableBuildOperationContext;Lorg/gradle/internal/operations/DefaultBuildOperationRunner$BuildOperationExecutionListener;)Lorg/gradle/internal/operations/BuildOperation;+22
j  org.gradle.internal.operations.DefaultBuildOperationRunner$2.execute(Lorg/gradle/internal/operations/BuildOperationDescriptor;Lorg/gradle/internal/operations/BuildOperationState;Lorg/gradle/internal/operations/BuildOperationState;Lorg/gradle/internal/operations/DefaultBuildOperationRunner$ReadableBuildOperationContext;Lorg/gradle/internal/operations/DefaultBuildOperationRunner$BuildOperationExecutionListener;)Ljava/lang/Object;+8
j  org.gradle.internal.operations.DefaultBuildOperationRunner.execute(Lorg/gradle/internal/operations/BuildOperationDescriptor$Builder;Lorg/gradle/internal/operations/DefaultBuildOperationRunner$BuildOperationExecution;)Ljava/lang/Object;+141
j  org.gradle.internal.operations.DefaultBuildOperationRunner.execute(Lorg/gradle/internal/operations/BuildOperation;Lorg/gradle/internal/operations/BuildOperationWorker;)V+17
j  org.gradle.internal.operations.DefaultBuildOperationRunner.call(Lorg/gradle/internal/operations/CallableBuildOperation;)Ljava/lang/Object;+12
j  org.gradle.internal.buildtree.DefaultBuildTreeModelCreator$DefaultBuildTreeModelController.getModel(Lorg/gradle/internal/buildtree/BuildTreeModelTarget;Ljava/lang/String;Ljava/lang/Object;)Ljava/lang/Object;+18
j  org.gradle.tooling.internal.provider.runner.BuildModelActionRunner$ModelCreateAction.fromBuildModel(Lorg/gradle/internal/buildtree/BuildTreeModelController;)Ljava/lang/Object;+14
j  org.gradle.internal.buildtree.DefaultBuildTreeModelCreator.fromBuildModel(Lorg/gradle/internal/buildtree/BuildTreeModelAction;)Ljava/lang/Object;+10
j  org.gradle.internal.cc.impl.barrier.BarrierAwareBuildTreeModelCreator.fromBuildModel$lambda$0(Lorg/gradle/internal/cc/impl/barrier/BarrierAwareBuildTreeModelCreator;Lorg/gradle/internal/buildtree/BuildTreeModelAction;)Ljava/lang/Object;+5
j  org.gradle.internal.cc.impl.barrier.BarrierAwareBuildTreeModelCreator$$Lambda+0x00000189814333c8.invoke()Ljava/lang/Object;+8
j  org.gradle.internal.cc.impl.barrier.VintageConfigurationTimeActionRunner.runConfigurationTimeAction(Lkotlin/jvm/functions/Function0;)Ljava/lang/Object;+25
j  org.gradle.internal.cc.impl.barrier.BarrierAwareBuildTreeModelCreator.fromBuildModel(Lorg/gradle/internal/buildtree/BuildTreeModelAction;)Ljava/lang/Object;+17
j  org.gradle.internal.buildtree.DefaultBuildTreeLifecycleController.lambda$fromBuildModel$2(Lorg/gradle/internal/buildtree/BuildTreeModelAction;Z)Lorg/gradle/internal/build/ExecutionResult;+57
j  org.gradle.internal.buildtree.DefaultBuildTreeLifecycleController$$Lambda+0x000001898144a000.get()Ljava/lang/Object;+12
j  org.gradle.internal.buildtree.DefaultBuildTreeLifecycleController.lambda$runBuild$4(Ljava/util/function/Supplier;)Ljava/lang/Object;+1
j  org.gradle.internal.buildtree.DefaultBuildTreeLifecycleController$$Lambda+0x000001898144a228.get()Ljava/lang/Object;+8
j  org.gradle.internal.model.StateTransitionController.lambda$transition$6(Ljava/util/function/Supplier;)Lorg/gradle/internal/build/ExecutionResult;+1
j  org.gradle.internal.model.StateTransitionController$$Lambda+0x000001898144a678.get()Ljava/lang/Object;+4
j  org.gradle.internal.model.StateTransitionController.doTransition(Lorg/gradle/internal/model/StateTransitionController$State;Lorg/gradle/internal/model/StateTransitionController$State;Ljava/util/function/Supplier;)Lorg/gradle/internal/build/ExecutionResult;+24
j  org.gradle.internal.model.StateTransitionController.lambda$transition$7(Lorg/gradle/internal/model/StateTransitionController$State;Lorg/gradle/internal/model/StateTransitionController$State;Ljava/util/function/Supplier;)Ljava/lang/Object;+9
j  org.gradle.internal.model.StateTransitionController$$Lambda+0x000001898144a450.create()Ljava/lang/Object;+16
j  org.gradle.internal.work.DefaultSynchronizer.withLock(Lorg/gradle/internal/Factory;)Ljava/lang/Object;+6
j  org.gradle.internal.model.StateTransitionController.transition(Lorg/gradle/internal/model/StateTransitionController$State;Lorg/gradle/internal/model/StateTransitionController$State;Ljava/util/function/Supplier;)Ljava/lang/Object;+13
j  org.gradle.internal.buildtree.DefaultBuildTreeLifecycleController.runBuild(Ljava/util/function/Supplier;)Ljava/lang/Object;+17
j  org.gradle.internal.buildtree.DefaultBuildTreeLifecycleController.fromBuildModel(ZLorg/gradle/internal/buildtree/BuildTreeModelAction;)Ljava/lang/Object;+9
j  org.gradle.tooling.internal.provider.runner.BuildModelActionRunner.run(Lorg/gradle/internal/invocation/BuildAction;Lorg/gradle/internal/buildtree/BuildTreeLifecycleController;)Lorg/gradle/internal/buildtree/BuildActionRunner$Result;+40
j  org.gradle.launcher.exec.ChainingBuildActionRunner.run(Lorg/gradle/internal/invocation/BuildAction;Lorg/gradle/internal/buildtree/BuildTreeLifecycleController;)Lorg/gradle/internal/buildtree/BuildActionRunner$Result;+34
j  org.gradle.internal.buildtree.ProblemReportingBuildActionRunner.run(Lorg/gradle/internal/invocation/BuildAction;Lorg/gradle/internal/buildtree/BuildTreeLifecycleController;)Lorg/gradle/internal/buildtree/BuildActionRunner$Result;+12
j  org.gradle.launcher.exec.BuildOutcomeReportingBuildActionRunner.run(Lorg/gradle/internal/invocation/BuildAction;Lorg/gradle/internal/buildtree/BuildTreeLifecycleController;)Lorg/gradle/internal/buildtree/BuildActionRunner$Result;+69
j  org.gradle.tooling.internal.provider.FileSystemWatchingBuildActionRunner.run(Lorg/gradle/internal/invocation/BuildAction;Lorg/gradle/internal/buildtree/BuildTreeLifecycleController;)Lorg/gradle/internal/buildtree/BuildActionRunner$Result;+317
j  org.gradle.launcher.exec.BuildCompletionNotifyingBuildActionRunner.run(Lorg/gradle/internal/invocation/BuildAction;Lorg/gradle/internal/buildtree/BuildTreeLifecycleController;)Lorg/gradle/internal/buildtree/BuildActionRunner$Result;+6
j  org.gradle.launcher.exec.RootBuildLifecycleBuildActionExecutor.lambda$execute$0(Lorg/gradle/internal/invocation/BuildAction;Lorg/gradle/internal/buildtree/BuildTreeLifecycleController;)Lorg/gradle/internal/buildtree/BuildActionRunner$Result;+6
j  org.gradle.launcher.exec.RootBuildLifecycleBuildActionExecutor$$Lambda+0x0000018981436628.apply(Ljava/lang/Object;)Ljava/lang/Object;+12
j  org.gradle.composite.internal.DefaultRootBuildState.run(Ljava/util/function/Function;)Ljava/lang/Object;+92
j  org.gradle.launcher.exec.RootBuildLifecycleBuildActionExecutor.execute(Lorg/gradle/internal/invocation/BuildAction;)Lorg/gradle/internal/buildtree/BuildActionRunner$Result;+91
j  org.gradle.launcher.exec.BuildTreeLifecycleBuildActionExecutor.runRootBuildAction(Lorg/gradle/internal/invocation/BuildAction;Lorg/gradle/internal/service/ServiceRegistry;Lorg/gradle/internal/buildtree/BuildTreeModelControllerServices$Supplier;)Lorg/gradle/internal/buildtree/BuildActionRunner$Result;+39
j  org.gradle.launcher.exec.BuildTreeLifecycleBuildActionExecutor.execute(Lorg/gradle/internal/invocation/BuildAction;Lorg/gradle/internal/session/BuildSessionContext;)Lorg/gradle/internal/buildtree/BuildActionRunner$Result;+44
j  org.gradle.launcher.exec.RunAsBuildOperationBuildActionExecutor$2.call(Lorg/gradle/internal/operations/BuildOperationContext;)Lorg/gradle/internal/buildtree/BuildActionRunner$Result;+25
j  org.gradle.launcher.exec.RunAsBuildOperationBuildActionExecutor$2.call(Lorg/gradle/internal/operations/BuildOperationContext;)Ljava/lang/Object;+2
j  org.gradle.internal.operations.DefaultBuildOperationRunner$CallableBuildOperationWorker.execute(Lorg/gradle/internal/operations/CallableBuildOperation;Lorg/gradle/internal/operations/BuildOperationContext;)V+3
j  org.gradle.internal.operations.DefaultBuildOperationRunner$CallableBuildOperationWorker.execute(Lorg/gradle/internal/operations/BuildOperation;Lorg/gradle/internal/operations/BuildOperationContext;)V+6
j  org.gradle.internal.operations.DefaultBuildOperationRunner$2.execute(Lorg/gradle/internal/operations/BuildOperationDescriptor;Lorg/gradle/internal/operations/BuildOperationState;Lorg/gradle/internal/operations/BuildOperationState;Lorg/gradle/internal/operations/DefaultBuildOperationRunner$ReadableBuildOperationContext;Lorg/gradle/internal/operations/DefaultBuildOperationRunner$BuildOperationExecutionListener;)Lorg/gradle/internal/operations/BuildOperation;+22
j  org.gradle.internal.operations.DefaultBuildOperationRunner$2.execute(Lorg/gradle/internal/operations/BuildOperationDescriptor;Lorg/gradle/internal/operations/BuildOperationState;Lorg/gradle/internal/operations/BuildOperationState;Lorg/gradle/internal/operations/DefaultBuildOperationRunner$ReadableBuildOperationContext;Lorg/gradle/internal/operations/DefaultBuildOperationRunner$BuildOperationExecutionListener;)Ljava/lang/Object;+8
j  org.gradle.internal.operations.DefaultBuildOperationRunner.execute(Lorg/gradle/internal/operations/BuildOperationDescriptor$Builder;Lorg/gradle/internal/operations/DefaultBuildOperationRunner$BuildOperationExecution;)Ljava/lang/Object;+141
j  org.gradle.internal.operations.DefaultBuildOperationRunner.execute(Lorg/gradle/internal/operations/BuildOperation;Lorg/gradle/internal/operations/BuildOperationWorker;)V+17
j  org.gradle.internal.operations.DefaultBuildOperationRunner.call(Lorg/gradle/internal/operations/CallableBuildOperation;)Ljava/lang/Object;+12
j  org.gradle.launcher.exec.RunAsBuildOperationBuildActionExecutor.execute(Lorg/gradle/internal/invocation/BuildAction;Lorg/gradle/internal/session/BuildSessionContext;)Lorg/gradle/internal/buildtree/BuildActionRunner$Result;+23
j  org.gradle.launcher.exec.RunAsWorkerThreadBuildActionExecutor.lambda$execute$0(Lorg/gradle/internal/invocation/BuildAction;Lorg/gradle/internal/session/BuildSessionContext;)Lorg/gradle/internal/buildtree/BuildActionRunner$Result;+6
j  org.gradle.launcher.exec.RunAsWorkerThreadBuildActionExecutor$$Lambda+0x000001898127fa00.create()Ljava/lang/Object;+12
j  org.gradle.internal.work.DefaultWorkerLeaseService.lambda$withLocksAcquired$0(Lorg/gradle/internal/Factory;Ljava/util/Collection;)Ljava/lang/Object;+1
j  org.gradle.internal.work.DefaultWorkerLeaseService$$Lambda+0x0000018981280d48.create()Ljava/lang/Object;+12
j  org.gradle.internal.work.ResourceLockStatistics$1.measure(Ljava/lang/String;Ljava/lang/Iterable;Lorg/gradle/internal/Factory;)Ljava/lang/Object;+1
j  org.gradle.internal.work.DefaultWorkerLeaseService.withLocksAcquired(Ljava/util/Collection;Lorg/gradle/internal/Factory;)Ljava/lang/Object;+21
j  org.gradle.internal.work.DefaultWorkerLeaseService.withLocks(Ljava/util/Collection;Lorg/gradle/internal/Factory;)Ljava/lang/Object;+25
j  org.gradle.internal.work.DefaultWorkerLeaseService.runAsWorkerThread(Lorg/gradle/internal/Factory;)Ljava/lang/Object;+33
j  org.gradle.launcher.exec.RunAsWorkerThreadBuildActionExecutor.execute(Lorg/gradle/internal/invocation/BuildAction;Lorg/gradle/internal/session/BuildSessionContext;)Lorg/gradle/internal/buildtree/BuildActionRunner$Result;+12
j  org.gradle.tooling.internal.provider.continuous.ContinuousBuildActionExecutor.execute(Lorg/gradle/internal/invocation/BuildAction;Lorg/gradle/internal/session/BuildSessionContext;)Lorg/gradle/internal/buildtree/BuildActionRunner$Result;+58
j  org.gradle.tooling.internal.provider.SubscribableBuildActionExecutor.execute(Lorg/gradle/internal/invocation/BuildAction;Lorg/gradle/internal/session/BuildSessionContext;)Lorg/gradle/internal/buildtree/BuildActionRunner$Result;+30
j  org.gradle.internal.session.DefaultBuildSessionContext.execute(Lorg/gradle/internal/invocation/BuildAction;)Lorg/gradle/internal/buildtree/BuildActionRunner$Result;+64
j  org.gradle.internal.buildprocess.execution.BuildSessionLifecycleBuildActionExecutor$ActionImpl.apply(Lorg/gradle/internal/session/BuildSessionContext;)Lorg/gradle/launcher/exec/BuildActionResult;+6
j  org.gradle.internal.buildprocess.execution.BuildSessionLifecycleBuildActionExecutor$ActionImpl.apply(Ljava/lang/Object;)Ljava/lang/Object;+5
j  org.gradle.internal.session.BuildSessionState.run(Ljava/util/function/Function;)Ljava/lang/Object;+5
j  org.gradle.internal.buildprocess.execution.BuildSessionLifecycleBuildActionExecutor.execute(Lorg/gradle/internal/invocation/BuildAction;Lorg/gradle/launcher/exec/BuildActionParameters;Lorg/gradle/initialization/BuildRequestContext;)Lorg/gradle/launcher/exec/BuildActionResult;+105
j  org.gradle.internal.buildprocess.execution.BuildSessionLifecycleBuildActionExecutor.execute(Lorg/gradle/internal/invocation/BuildAction;Ljava/lang/Object;Ljava/lang/Object;)Lorg/gradle/launcher/exec/BuildActionResult;+10
j  org.gradle.internal.buildprocess.execution.StartParamsValidatingActionExecutor.execute(Lorg/gradle/internal/invocation/BuildAction;Lorg/gradle/launcher/exec/BuildActionParameters;Lorg/gradle/initialization/BuildRequestContext;)Lorg/gradle/launcher/exec/BuildActionResult;+142
j  org.gradle.internal.buildprocess.execution.StartParamsValidatingActionExecutor.execute(Lorg/gradle/internal/invocation/BuildAction;Ljava/lang/Object;Ljava/lang/Object;)Lorg/gradle/launcher/exec/BuildActionResult;+10
j  org.gradle.internal.buildprocess.execution.SessionFailureReportingActionExecutor.execute(Lorg/gradle/internal/invocation/BuildAction;Lorg/gradle/launcher/exec/BuildActionParameters;Lorg/gradle/initialization/BuildRequestContext;)Lorg/gradle/launcher/exec/BuildActionResult;+7
j  org.gradle.internal.buildprocess.execution.SessionFailureReportingActionExecutor.execute(Lorg/gradle/internal/invocation/BuildAction;Ljava/lang/Object;Ljava/lang/Object;)Lorg/gradle/launcher/exec/BuildActionResult;+10
j  org.gradle.internal.buildprocess.execution.SetupLoggingActionExecutor.execute(Lorg/gradle/internal/invocation/BuildAction;Lorg/gradle/launcher/exec/BuildActionParameters;Lorg/gradle/initialization/BuildRequestContext;)Lorg/gradle/launcher/exec/BuildActionResult;+50
j  org.gradle.internal.buildprocess.execution.SetupLoggingActionExecutor.execute(Lorg/gradle/internal/invocation/BuildAction;Ljava/lang/Object;Ljava/lang/Object;)Lorg/gradle/launcher/exec/BuildActionResult;+10
j  org.gradle.launcher.daemon.server.exec.ExecuteBuild.doBuild(Lorg/gradle/launcher/daemon/server/api/DaemonCommandExecution;Lorg/gradle/launcher/daemon/protocol/Build;)V+147
j  org.gradle.launcher.daemon.server.exec.BuildCommandOnly.execute(Lorg/gradle/launcher/daemon/server/api/DaemonCommandExecution;)V+49
j  org.gradle.launcher.daemon.server.api.DaemonCommandExecution.proceed()Z+23
j  org.gradle.launcher.daemon.server.exec.WatchForDisconnection.execute(Lorg/gradle/launcher/daemon/server/api/DaemonCommandExecution;)V+19
j  org.gradle.launcher.daemon.server.api.DaemonCommandExecution.proceed()Z+23
j  org.gradle.launcher.daemon.server.exec.ResetDeprecationLogger.execute(Lorg/gradle/launcher/daemon/server/api/DaemonCommandExecution;)V+7
j  org.gradle.launcher.daemon.server.api.DaemonCommandExecution.proceed()Z+23
j  org.gradle.launcher.daemon.server.exec.RequestStopIfSingleUsedDaemon.execute(Lorg/gradle/launcher/daemon/server/api/DaemonCommandExecution;)V+33
j  org.gradle.launcher.daemon.server.api.DaemonCommandExecution.proceed()Z+23
j  org.gradle.launcher.daemon.server.exec.ForwardClientInput.lambda$execute$0(Lorg/gradle/launcher/daemon/server/api/DaemonCommandExecution;Lorg/gradle/internal/daemon/clientinput/StdinHandler;)Ljava/lang/Object;+11
j  org.gradle.launcher.daemon.server.exec.ForwardClientInput$$Lambda+0x000001898118f470.apply(Ljava/lang/Object;)Ljava/lang/Object;+8
j  org.gradle.internal.daemon.clientinput.ClientInputForwarder.forwardInput(Ljava/util/function/Function;)Ljava/lang/Object;+46
j  org.gradle.launcher.daemon.server.exec.ForwardClientInput.execute(Lorg/gradle/launcher/daemon/server/api/DaemonCommandExecution;)V+10
j  org.gradle.launcher.daemon.server.api.DaemonCommandExecution.proceed()Z+23
j  org.gradle.launcher.daemon.server.exec.LogAndCheckHealth.execute(Lorg/gradle/launcher/daemon/server/api/DaemonCommandExecution;)V+51
j  org.gradle.launcher.daemon.server.api.DaemonCommandExecution.proceed()Z+23
j  org.gradle.launcher.daemon.server.exec.LogToClient.doBuild(Lorg/gradle/launcher/daemon/server/api/DaemonCommandExecution;Lorg/gradle/launcher/daemon/protocol/Build;)V+87
j  org.gradle.launcher.daemon.server.exec.BuildCommandOnly.execute(Lorg/gradle/launcher/daemon/server/api/DaemonCommandExecution;)V+49
j  org.gradle.launcher.daemon.server.api.DaemonCommandExecution.proceed()Z+23
j  org.gradle.launcher.daemon.server.exec.EstablishBuildEnvironment.doBuild(Lorg/gradle/launcher/daemon/server/api/DaemonCommandExecution;Lorg/gradle/launcher/daemon/protocol/Build;)V+356
j  org.gradle.launcher.daemon.server.exec.BuildCommandOnly.execute(Lorg/gradle/launcher/daemon/server/api/DaemonCommandExecution;)V+49
j  org.gradle.launcher.daemon.server.api.DaemonCommandExecution.proceed()Z+23
j  org.gradle.launcher.daemon.server.exec.StartBuildOrRespondWithBusy$1.run()V+44
j  org.gradle.launcher.daemon.server.DaemonStateCoordinator.lambda$runCommand$0(Ljava/lang/Runnable;)V+1
j  org.gradle.launcher.daemon.server.DaemonStateCoordinator$$Lambda+0x000001898118e000.run()V+8
j  org.gradle.internal.concurrent.ExecutorPolicy$CatchAndRecordFailures.onExecute(Ljava/lang/Runnable;)V+1
j  org.gradle.internal.concurrent.AbstractManagedExecutor$1.run()V+25
j  java.util.concurrent.ThreadPoolExecutor.runWorker(Ljava/util/concurrent/ThreadPoolExecutor$Worker;)V+92 java.base@21.0.11
j  java.util.concurrent.ThreadPoolExecutor$Worker.run()V+5 java.base@21.0.11
j  java.lang.Thread.runWith(Ljava/lang/Object;Ljava/lang/Runnable;)V+5 java.base@21.0.11
j  java.lang.Thread.run()V+19 java.base@21.0.11
v  ~StubRoutines::call_stub 0x00000189e6d6100d

Compiled method (n/a) 191475  891     n 0       java.lang.ClassLoader::defineClass1 (native)
 total in heap  [0x00000189e7505d10,0x00000189e75062a8] = 1432
 relocation     [0x00000189e7505e70,0x00000189e7505ea8] = 56
 main code      [0x00000189e7505ec0,0x00000189e75062a1] = 993
 stub code      [0x00000189e75062a1,0x00000189e75062a8] = 7

[Constant Pool (empty)]

[MachCode]
[Entry Point]
  # {method} {0x0000018980434a48} 'defineClass1' '(Ljava/lang/ClassLoader;Ljava/lang/String;[BIILjava/security/ProtectionDomain;Ljava/lang/String;)Ljava/lang/Class;' in 'java/lang/ClassLoader'
  # parm0:    rdx:rdx   = 'java/lang/ClassLoader'
  # parm1:    r8:r8     = 'java/lang/String'
  # parm2:    r9:r9     = '[B'
  # parm3:    rdi       = int
  # parm4:    rsi       = int
  # parm5:    rcx:rcx   = 'java/security/ProtectionDomain'
  # parm6:    [sp+0xa0]   = 'java/lang/String'  (sp of caller)
  0x00000189e7505ec0: 448b 5208 | 49bb 0000 | 0080 8901 | 0000 4d03 | d349 3bc2 | 0f84 0600 

  0x00000189e7505ed8: ;   {runtime_call ic_miss_stub}
  0x00000189e7505ed8: 0000 e9a1 | 888a ff90 
[Verified Entry Point]
  0x00000189e7505ee0: 8984 2400 | 80ff ff55 | 488b ec48 | 81ec 9000 | 0000 6690 | 4181 7f20 | 2500 0000 

  0x00000189e7505efc: ;   {runtime_call StubRoutines (final stubs)}
  0x00000189e7505efc: 7405 e89d | 0589 ff48 | 837d 1000 | 488d 4510 | 480f 4445 | 1048 8944 | 2440 4889 | 4c24 7048 
  0x00000189e7505f1c: 83f9 0048 | 8d44 2470 | 480f 4444 | 2470 4889 | 4424 3848 | 8974 2430 | 4889 7c24 | 284c 894c 
  0x00000189e7505f3c: 2458 4983 | f900 488d | 4424 5848 | 0f44 4424 | 5848 8944 | 2420 4c89 | 4424 5049 | 83f8 004c 
  0x00000189e7505f5c: 8d4c 2450 | 4c0f 444c | 2450 4889 | 5424 4848 | 83fa 004c | 8d44 2448 | 4c0f 4444 

  0x00000189e7505f78: ;   {oop(a 'java/lang/Class'{0x00000000806dc600} = 'java/lang/ClassLoader')}
  0x00000189e7505f78: 2448 49be | 00c6 6d80 | 0000 0000 | 4c89 7424 | 784c 8d74 | 2478 498b | d6c5 f877 

  0x00000189e7505f94: ;   {internal_word}
  0x00000189e7505f94: 49ba 915f | 50e7 8901 | 0000 4d89 | 97a8 0300 | 0049 89a7 | a003 0000 

  0x00000189e7505fac: ;   {external_word}
  0x00000189e7505fac: 49ba c66c | b42a fe7f | 0000 4180 | 3a00 0f84 | 4e00 0000 | 5241 5041 

  0x00000189e7505fc4: ;   {metadata({method} {0x0000018980434a48} 'defineClass1' '(Ljava/lang/ClassLoader;Ljava/lang/String;[BIILjava/security/ProtectionDomain;Ljava/lang/String;)Ljava/lang/Class;' in 'java/lang/ClassLoader')}
  0x00000189e7505fc4: 5148 ba40 | 4a43 8089 | 0100 0049 | 8bcf 4883 | ec20 40f6 | c40f 0f84 | 1900 0000 | 4883 ec08 
  0x00000189e7505fe4: ;   {runtime_call}
  0x00000189e7505fe4: 48b8 20e5 | 5d2a fe7f | 0000 ffd0 | 4883 c408 | e90c 0000 

  0x00000189e7505ff8: ;   {runtime_call}
  0x00000189e7505ff8: 0048 b820 | e55d 2afe | 7f00 00ff | d048 83c4 | 2041 5941 | 585a 498d | 8fc0 0300 | 0041 c787 
  0x00000189e7506018: 4c04 0000 | 0400 0000 

  0x00000189e7506020: ;   {runtime_call}
  0x00000189e7506020: 48b8 ac16 | e582 fe7f | 0000 ffd0 | c5f8 7741 | c787 4c04 | 0000 0500 | 0000 f083 | 4424 c000 
  0x00000189e7506040: 493b af50 | 0400 000f | 870e 0000 | 0041 83bf | 4804 0000 | 000f 842b | 0000 00c5 | f877 4889 
  0x00000189e7506060: 45f8 498b | cf4c 8be4 | 4883 ec20 | 4883 e4f0 

  0x00000189e7506070: ;   {runtime_call}
  0x00000189e7506070: 48b8 e053 | 292a fe7f | 0000 ffd0 | 498b e44d | 33e4 488b | 45f8 41c7 | 874c 0400 | 0008 0000 
  0x00000189e7506090: 0041 83bf | c804 0000 | 020f 84d5 

  0x00000189e750609c: ;   {external_word}
  0x00000189e750609c: 0100 0049 | bac6 6cb4 | 2afe 7f00 | 0041 803a | 000f 844c | 0000 0048 

  0x00000189e75060b4: ;   {metadata({method} {0x0000018980434a48} 'defineClass1' '(Ljava/lang/ClassLoader;Ljava/lang/String;[BIILjava/security/ProtectionDomain;Ljava/lang/String;)Ljava/lang/Class;' in 'java/lang/ClassLoader')}
  0x00000189e75060b4: 8945 f848 | ba40 4a43 | 8089 0100 | 0049 8bcf | 4883 ec20 | 40f6 c40f | 0f84 1900 | 0000 4883 
  0x00000189e75060d4: ;   {runtime_call}
  0x00000189e75060d4: ec08 48b8 | 20e5 5d2a | fe7f 0000 | ffd0 4883 | c408 e90c 

  0x00000189e75060e8: ;   {runtime_call}
  0x00000189e75060e8: 0000 0048 | b820 e55d | 2afe 7f00 | 00ff d048 | 83c4 2048 | 8b45 f849 | c787 a003 | 0000 0000 
  0x00000189e7506108: 0000 49c7 | 87a8 0300 | 0000 0000 | 00c5 f877 | 4885 c00f | 8430 0100 | 00a8 030f | 8508 0000 
  0x00000189e7506128: 0048 8b00 | e920 0100 | 00a8 010f | 8509 0000 | 0048 8b40 | fee9 0f01 | 0000 488b | 40ff 4180 
  0x00000189e7506148: 7f40 000f | 8400 0100 | 0048 83f8 | 000f 84f6 | 0000 0049 | 8b4f 2848 | 83f9 000f | 8414 0000 
  0x00000189e7506168: 0048 83e9 | 0849 894f | 2849 034f | 3848 8901 | e9d4 0000 | 0048 83ec | 7048 8904 | 2448 894c 
  0x00000189e7506188: 2408 4889 | 5424 104c | 8944 2418 | 4c89 4c24 | 204c 8954 | 2428 4c89 | 5c24 30c5 | fb11 4424 
  0x00000189e75061a8: 40c5 fb11 | 4c24 48c5 | fb11 5424 | 50c5 fb11 | 5c24 58c5 | fb11 6424 | 60c5 fb11 | 6c24 6849 
  0x00000189e75061c8: 8bd7 488b | c848 83ec | 2040 f6c4 | 0f0f 8419 | 0000 0048 

  0x00000189e75061dc: ;   {runtime_call}
  0x00000189e75061dc: 83ec 0848 | b860 a31c | 2afe 7f00 | 00ff d048 | 83c4 08e9 | 0c00 0000 

  0x00000189e75061f4: ;   {runtime_call}
  0x00000189e75061f4: 48b8 60a3 | 1c2a fe7f | 0000 ffd0 | 4883 c420 | c5fb 106c | 2468 c5fb | 1064 2460 | c5fb 105c 
  0x00000189e7506214: 2458 c5fb | 1054 2450 | c5fb 104c | 2448 c5fb | 1044 2440 | 4c8b 5c24 | 304c 8b54 | 2428 4c8b 
  0x00000189e7506234: 4c24 204c | 8b44 2418 | 488b 5424 | 1048 8b4c | 2408 488b | 0424 4883 | c470 c5f8 | 7749 8b8f 
  0x00000189e7506254: 3004 0000 | c781 0001 | 0000 0000 | 0000 c949 | 837f 0800 | 0f85 0100 

  0x00000189e750626c: ;   {runtime_call StubRoutines (initial stubs)}
  0x00000189e750626c: 0000 c3e9 | 8cac 85ff | c5f8 7748 | 8945 f84c | 8be4 4883 | ec20 4883 

  0x00000189e7506284: ;   {runtime_call}
  0x00000189e7506284: e4f0 48b8 | 701c 5e2a | fe7f 0000 | ffd0 498b | e44d 33e4 | 488b 45f8 | e9fe fdff | fff4 f4f4 
  0x00000189e75062a4: f4f4 f4f4 
[/MachCode]


Compiled method (c2) 191485 30739       4       java.lang.ClassLoader::defineClass (43 bytes)
 total in heap  [0x00000189e8483a90,0x00000189e8489448] = 22968
 relocation     [0x00000189e8483bf0,0x00000189e8483f78] = 904
 main code      [0x00000189e8483f80,0x00000189e84872d8] = 13144
 stub code      [0x00000189e84872d8,0x00000189e8487438] = 352
 oops           [0x00000189e8487438,0x00000189e8487450] = 24
 metadata       [0x00000189e8487450,0x00000189e8487610] = 448
 scopes data    [0x00000189e8487610,0x00000189e8488808] = 4600
 scopes pcs     [0x00000189e8488808,0x00000189e8488fa8] = 1952
 dependencies   [0x00000189e8488fa8,0x00000189e8488fc8] = 32
 handler table  [0x00000189e8488fc8,0x00000189e8489388] = 960
 nul chk table  [0x00000189e8489388,0x00000189e8489448] = 192

[Constant Pool (empty)]

[MachCode]
[Entry Point]
  # {method} {0x0000018980434dc8} 'defineClass' '(Ljava/lang/String;[BIILjava/security/ProtectionDomain;)Ljava/lang/Class;' in 'java/lang/ClassLoader'
  # this:     rdx:rdx   = 'java/lang/ClassLoader'
  # parm0:    r8:r8     = 'java/lang/String'
  # parm1:    r9:r9     = '[B'
  # parm2:    rdi       = int
  # parm3:    rsi       = int
  # parm4:    rcx:rcx   = 'java/security/ProtectionDomain'
  #           [sp+0xd0]  (sp of caller)
  0x00000189e8483f80: 448b 5208 | 49bb 0000 | 0080 8901 | 0000 4d03 | d349 3bc2 

  0x00000189e8483f94: ;   {runtime_call ic_miss_stub}
  0x00000189e8483f94: 0f85 e6a7 | 92fe 6690 | 0f1f 4000 
[Verified Entry Point]
  0x00000189e8483fa0: 8984 2400 | 80ff ff55 | 4881 ecc0 | 0000 0090 | 4181 7f20 | 2500 0000 | 0f85 0a33 | 0000 4889 
  0x00000189e8483fc0: 4c24 4089 | 7424 3c89 | 7c24 384c | 894c 2430 | 4889 5424 | 284d 8bf0 

  0x00000189e8483fd8: ; implicit exception: dispatches to 0x00000189e8486e68
  0x00000189e8483fd8: 458b 5814 | c4c1 796e | cb45 8b5b | 0c45 85db | 0f86 ea20 | 0000 450f | be40 1045 | 85c0 0f85 
  0x00000189e8483ff8: 0822 0000 | c442 3af7 | cb45 3bcb | 458b d145 | 0f4f d3c4 | c179 7ec8 | c5f9 7ec9 | 4c8d 6910 
  0x00000189e8484018: 4585 d20f | 8ed0 0000 | 0045 3bda | 0f82 ce20 | 0000 b82f | 0000 0049 | 8bfd 418b | d248 8bdf 
  0x00000189e8484038: 83fa 100f | 8c79 0000 | 0083 fa20 | 0f8c 3600 | 0000 c5f9 | 6ec0 c4e2 | 7d78 c0c5 | edef d28b 
  0x00000189e8484058: ca83 e1e0 | 83e2 1fc5 | fe6f 1bc5 | e574 d8c4 | e27d 17d3 | 0f83 6900 | 0000 4883 | c320 83e9 
  0x00000189e8484078: 2075 e4e9 | 0d00 0000 | c5f9 6ec0 | c5e9 efd2 | c4e2 7900 | c283 fa10 

  0x00000189e8484090: ;   {no_reloc}
  0x00000189e8484090: 0f8c 2400 | 0000 8bca | 83e1 f083 | e20f c5fa | 6f1b c5e1 | 74d8 c4e2 | 7917 d30f | 832a 0000 
  0x00000189e84840b0: 0048 83c3 | 1083 e910 | 75e4 85d2 | 0f84 1200 | 0000 0fb6 | 0b3b c174 | 1c48 83c3 | 0183 ea01 
  0x00000189e84840d0: 7402 ebee | bbff ffff | ffeb 0dc5 | fdd7 cb0f | bcc1 4803 | d848 2bdf | 83fb ff0f | 857b 2100 
  0x00000189e84840f0: 0041 0fb6 | 6d00 83fd | 5b0f 8491 | 2100 0041 | 8d49 fb85 | c97c 5545 | 0fbe 5500 | 4183 fa6a 
  0x00000189e8484110: 754a 4183 | fb04 0f86 | 6424 0000 | c5f9 7ec9 | 8079 1161 | 7536 8079 | 1276 7530 | 8079 1361 
  0x00000189e8484130: 752a 8079 | 142e 7524 

  0x00000189e8484138: ;   {oop(a 'jdk/internal/loader/ClassLoaders$PlatformClassLoader'{0x00000000806bcaa0})}
  0x00000189e8484138: 49ba a0ca | 6b80 0000 | 0000 488b | 4c24 2849 | 3bca 0f85 | 642a 0000 

  0x00000189e8484150: ;   {oop(a 'jdk/internal/loader/ClassLoaders$PlatformClassLoader'{0x00000000806bcaa0})}
  0x00000189e8484150: 48bb a0ca | 6b80 0000 | 0000 eb05 | 488b 5c24 | 284c 8b54 | 2440 458b | 5210 4489 | 5424 4841 
  0x00000189e8484170: 8d7b ff45 | 8d51 ff44 | 3bd7 440f | 4fd7 4585 | d20f 8c7c | 0c00 0033 | c989 8c24 | 8800 0000 
  0x00000189e8484190: 453b d30f | 83f1 1c00 | 00c5 f97e | c942 807c | 1110 2e74 | 1a49 8bbf | 5804 0000 | 41ff ca49 
  0x00000189e84841b0: ; ImmutableOopMap {r8=Oop r13=Derived_oop_r8 rcx=Oop rbx=Oop r14=Oop xmm1=NarrowOop [40]=Oop [48]=Oop [64]=Oop [72]=NarrowOop }
                      ;*goto {reexecute=1 rethrow=0 return_oop=0}
                      ; - (reexecute) java.lang.StringLatin1::lastIndexOf@35
                      ; - java.lang.String::lastIndexOf@13
                      ; - java.lang.String::lastIndexOf@8
                      ; - java.lang.ClassLoader::checkCerts@3
                      ; - java.lang.ClassLoader::preDefineClass@113
                      ; - java.lang.ClassLoader::defineClass@4
                      ;   {poll}
  0x00000189e84841b0: 8bce 8507 | 4585 d27d | d741 baff | ffff ff41 | 83fa ff0f | 84dd 0c00 | 0045 85d2 | 0f8c 6620 
  0x00000189e84841d0: 0000 453b | d10f 8fd1 | 2000 0045 | 3bd1 7508 | 498b f6e9 | 0202 0000 | 4585 d20f | 8403 0c00 
  0x00000189e84841f0: 0049 8bb7 | b801 0000 | 4c8b ce49 | 83c1 184d | 3b8f c801 | 0000 0f83 | 7c1a 0000 | 4d89 8fb8 
  0x00000189e8484210: 0100 0041 | 0f18 8100 | 0100 0048 | c706 0100 

  0x00000189e8484220: ;   {metadata('java/lang/String')}
  0x00000189e8484220: 0000 c746 | 0878 e800 | 0044 8966 | 0c4c 8966 | 1045 3bd3 | 0f85 9500 | 0000 4d63 | d341 81fb 
  0x00000189e8484240: 0000 1000 | 0f87 941c | 0000 498b | bfb8 0100 | 004d 8d4a | 1749 83e1 | f848 8bcf | 4903 c949 
  0x00000189e8484260: 3b8f c801 | 0000 0f83 | 721c 0000 | 4989 8fb8 | 0100 000f | 1881 0001 | 0000 48c7 | 0701 0000 
  0x00000189e8484280: 000f 1881 | 4001 0000 

  0x00000189e8484288: ;   {metadata({type array byte})}
  0x00000189e8484288: c747 0818 | 2300 0044 | 895f 0c0f | 1881 8001 | 0000 488b | d748 83c2 | 1049 83c2 | 0749 c1ea 
  0x00000189e84842a8: 0349 8bcd | 4d8b c2c5 | f877 49ba | 604b d9e6 | 8901 0000 

  0x00000189e84842bc: ;   {other}
  0x00000189e84842bc: 41ff d20f | 1f84 0000 | 0000 004c | 8bef e9d9 | 0000 0041 | 81fa 0000 | 1000 0f87 | 641e 0000 
  0x00000189e84842dc: 4d63 ca49 | 8bd5 453b | da41 8beb | 410f 4fea | 443b dd0f | 82bf 1e00 | 0044 3bd5 | 0f82 b61e 
  0x00000189e84842fc: 0000 4983 | c117 498b | f948 83e7 | f841 81fa | 0000 1000 | 0f87 031a | 0000 4d8b | afb8 0100 
  0x00000189e848431c: 004d 8bdd | 4c03 df4d | 3b9f c801 | 0000 0f83 | e919 0000 | 4d89 9fb8 | 0100 0041 | 0f18 8300 
  0x00000189e848433c: 0100 0049 | c745 0001 | 0000 0041 | 0f18 8340 

  0x00000189e848434c: ;   {metadata({type array byte})}
  0x00000189e848434c: 0100 0041 | c745 0818 | 2300 0045 | 8955 0c41 | 0f18 8380 | 0100 004d | 8bdd 4983 | c310 49c1 
  0x00000189e848436c: e903 85ed | 0f84 d21d | 0000 413b | ea0f 8c51 | 0f00 0048 | 83c7 f048 | c1ef 0348 | 8bca 498b 
  0x00000189e848438c: d34c 8bc7 | c5f8 7749 | ba60 4bd9 | e689 0100 | 0041 ffd2 

  0x00000189e84843a0: ;   {other}
  0x00000189e84843a0: 0f1f 8400 | 0000 0000 | 4180 7f40 | 000f 856f | 0a00 004c | 8bd6 4d8b | c544 8946 | 144d 8bdd 
  0x00000189e84843c0: 4d33 da49 | c1eb 144d | 85db 741a | 49c1 ea09 | 48b9 0000 | 1aef 8901 | 0000 4903 | ca80 3902 
  0x00000189e84843e0: 0f85 6f0a | 0000 4488 | 6610 488b | fe44 8b5c | 2448 458b | 4314 4585 | c00f 85b6 | 0a00 0045 
  0x00000189e8484400: 8b5b 1045 | 85db 0f85 | 5c0b 0000 

  0x00000189e848440c: ;   {oop(""{0x0000000080659398})}
  0x00000189e848440c: 49b9 9893 | 6580 0000 | 0000 49b8 | 0000 1aef | 8901 0000 

  0x00000189e8484420: ;   {oop(a 'java/security/cert/Certificate'[0] {0x00000000806dfc38})}
  0x00000189e8484420: 49ba 38fc | 6d80 0000 | 0000 448b | 5b2c 4585 | db0f 8451 | 1c00 004c | 8954 2460 | 4c8b d74c 
  0x00000189e8484440: 8944 2458 | 4c89 4c24 | 5048 895c | 2448 4c89 | 7424 2049 | 8bd3 bf01 | 0000 004d | 8bc2 4c8b 
  0x00000189e8484460: 4c24 6049 | 8bee 6690 

  0x00000189e8484468: ;   {optimized virtual_call}
  0x00000189e8484468: c5f8 77e8 

  0x00000189e848446c: ; ImmutableOopMap {rbp=Oop [32]=Oop [40]=Oop [48]=Oop [64]=Oop [72]=Oop [80]=Oop [96]=Oop }
                      ;*invokevirtual putVal {reexecute=0 rethrow=0 return_oop=1}
                      ; - java.util.concurrent.ConcurrentHashMap::putIfAbsent@4
                      ; - java.lang.ClassLoader::checkCerts@62
                      ; - java.lang.ClassLoader::preDefineClass@113
                      ; - java.lang.ClassLoader::defineClass@4
  0x00000189e848446c: b094 c0ff 

  0x00000189e8484470: ;   {other}
  0x00000189e8484470: 0f1f 8400 | e009 0001 | 4885 c074 | 3144 8b50 

  0x00000189e8484480: ;   {metadata('java/security/cert/Certificate'[])}
  0x00000189e8484480: 0841 81fa | 2029 1000 | 0f85 d628 | 0000 488b | d848 8b74 | 2460 448b | 5e0c 8b7b | 0c45 85db 
  0x00000189e84844a0: 0f87 e615 | 0000 85ff | 0f87 361e | 0000 4c8b | 5424 4045 | 8b5a 1041 | 8b6b 0c44 | 8b55 3845 
  0x00000189e84844c0: 85d2 0f84 | e01b 0000 | 498b d24c | 8bc5 6690 

  0x00000189e84844d0: ;   {optimized virtual_call}
  0x00000189e84844d0: c5f8 77e8 

  0x00000189e84844d4: ; ImmutableOopMap {[32]=Oop [40]=Oop [48]=Oop [64]=Oop [80]=Oop }
                      ;*invokevirtual toExternalForm {reexecute=0 rethrow=0 return_oop=1}
                      ; - java.net.URL::toExternalForm@5
                      ; - java.net.URL::toString@1
                      ; - java.lang.ClassLoader::defineClassSourceLocation@22
                      ; - java.lang.ClassLoader::defineClass@12
  0x00000189e84844d4: 48ab 25ff 

  0x00000189e84844d8: ;   {other}
  0x00000189e84844d8: 0f1f 8400 | 480a 0002 | 488b 5424 | 284c 8b44 | 2420 4c8b | 4c24 308b | 7c24 388b | 7424 3c48 
  0x00000189e84844f8: 8b4c 2440 | 4889 0424 

  0x00000189e8484500: ;   {static_call}
  0x00000189e8484500: c5f8 77e8 

  0x00000189e8484504: ; ImmutableOopMap {[40]=Oop [64]=Oop [80]=Oop }
                      ;*invokestatic defineClass1 {reexecute=0 rethrow=0 return_oop=1}
                      ; - java.lang.ClassLoader::defineClass@27
  0x00000189e8484504: d819 08ff 

  0x00000189e8484508: ;   {other}
  0x00000189e8484508: 0f1f 8400 | 780a 0003 | 4889 4424 | 2044 8b50 | 3c45 85d2 | 0f85 5d03 | 0000 4c8b | 5010 458b 
  0x00000189e8484528: 5a08 4585 | db0f 8c5d | 1e00 0044 | 8b50 2c45 | 85d2 0f84 | 7d08 0000 | 4d8b c241 | 8b58 148b 
  0x00000189e8484548: 4b0c 450f | be48 10c4 | 6232 f7d9 | 458d 53ff | 4585 c90f | 8583 1f00 | 004c 8bcb | 4c89 8c24 
  0x00000189e8484568: 9000 0000 | 448d 49ff | 453b ca45 | 0f4f ca45 | 85c9 7c2b | 0f1f 4000 | 443b c90f | 8378 1a00 
  0x00000189e8484588: 0042 807c | 0b10 2e74 | 1c49 8bbf | 5804 0000 | 41ff c94c 

  0x00000189e848459c: ; ImmutableOopMap {r10=Oop r8=Oop rbx=NarrowOop [32]=Oop [40]=Oop [64]=Oop [80]=Oop [144]=Oop }
                      ;*goto {reexecute=1 rethrow=0 return_oop=0}
                      ; - (reexecute) java.lang.StringLatin1::lastIndexOf@35
                      ; - java.lang.String::lastIndexOf@13
                      ; - java.lang.String::lastIndexOf@8
                      ; - java.lang.Class::getPackageName@47
                      ; - java.lang.ClassLoader::postDefineClass@2
                      ; - java.lang.ClassLoader::defineClass@37
  0x00000189e848459c: 8b54 2420 

  0x00000189e84845a0: ;   {poll}
  0x00000189e84845a0: 8507 4585 | c97d d941 | b9ff ffff | ff41 83f9 | ff0f 8436 | 0200 0045 | 85c9 0f8c | 881f 0000 
  0x00000189e84845c0: 453b cb0f | 8fdf 1f00 | 0045 3bcb | 7508 498b | f0e9 fd01 | 0000 4585 | c90f 8434 | 0800 0049 
  0x00000189e84845e0: 8bb7 b801 | 0000 4c8b | d649 83c2 | 184d 3b97 | c801 0000 | 0f83 4718 | 0000 4d89 | 97b8 0100 
  0x00000189e8484600: 0041 0f18 | 8200 0100 | 0048 c706 | 0100 0000 

  0x00000189e8484610: ;   {metadata('java/lang/String')}
  0x00000189e8484610: c746 0878 | e800 0044 | 8966 0c4c | 8966 104c | 8d53 1044 | 3bc9 0f85 | 9600 0000 | 4c63 c981 
  0x00000189e8484630: f900 0010 | 000f 87f9 | 1900 0049 | 8bbf b801 | 0000 4d8d | 5917 4983 | e3f8 4c8b | c74d 03c3 
  0x00000189e8484650: 4d3b 87c8 | 0100 000f | 83d7 1900 | 004d 8987 | b801 0000 | 410f 1880 | 0001 0000 | 48c7 0701 
  0x00000189e8484670: 0000 0041 | 0f18 8040 

  0x00000189e8484678: ;   {metadata({type array byte})}
  0x00000189e8484678: 0100 00c7 | 4708 1823 | 0000 894f | 0c41 0f18 | 8080 0100 | 0048 8bd7 | 4883 c210 | 4983 c107 
  0x00000189e8484698: 49c1 e903 | 498b ca4d | 8bc1 c5f8 | 7749 ba60 | 4bd9 e689 | 0100 0041 

  0x00000189e84846b0: ;   {other}
  0x00000189e84846b0: ffd2 0f1f | 8400 0000 | 0000 488b | dfe9 cf00 | 0000 4181 | f900 0010 | 000f 876d | 1d00 004d 
  0x00000189e84846d0: 63d9 413b | c98b e941 | 0f4f e93b | cd0f 82cd | 1d00 0044 | 3bcd 0f82 | c41d 0000 | 4983 c317 
  0x00000189e84846f0: 498b fb48 | 83e7 f841 | 81f9 0000 | 1000 0f87 | 7c18 0000 | 498b 9fb8 | 0100 004c | 8bc3 4c03 
  0x00000189e8484710: c74d 3b87 | c801 0000 | 0f83 6218 | 0000 4d89 | 87b8 0100 | 0041 0f18 | 8000 0100 | 0048 c703 
  0x00000189e8484730: 0100 0000 | 410f 1880 | 4001 0000 

  0x00000189e848473c: ;   {metadata({type array byte})}
  0x00000189e848473c: c743 0818 | 2300 0044 | 894b 0c41 | 0f18 8080 | 0100 0048 | 8bd3 4883 | c210 49c1 | eb03 85ed 
  0x00000189e848475c: 0f84 e21c | 0000 413b | e90f 8c86 | 1200 0048 | 83c7 f048 | c1ef 0349 | 8bca 4c8b | c7c5 f877 
  0x00000189e848477c: 49ba 604b | d9e6 8901 | 0000 41ff 

  0x00000189e8484788: ;   {other}
  0x00000189e8484788: d20f 1f84 | 0000 0000 | 0041 807f | 4000 0f85 | 5110 0000 | 4c8b d64c | 8bc3 4489 | 4614 4c8b 
  0x00000189e84847a8: db4d 33da | 49c1 eb14 | 4d85 db74 | 1a49 c1ea | 0948 b900 | 001a ef89 | 0100 0049 | 03ca 8039 
  0x00000189e84847c8: 020f 8551 | 1000 0044 | 8866 1048 | 8bd6 6690 

  0x00000189e84847d8: ;   {optimized virtual_call}
  0x00000189e84847d8: c5f8 77e8 

  0x00000189e84847dc: ; ImmutableOopMap {[32]=Oop [40]=Oop [64]=Oop }
                      ;*invokevirtual intern {reexecute=0 rethrow=0 return_oop=1}
                      ; - java.lang.Class::getPackageName@65
                      ; - java.lang.ClassLoader::postDefineClass@2
                      ; - java.lang.ClassLoader::defineClass@37
  0x00000189e84847dc: 003c 04ff 

  0x00000189e84847e0: ;   {other}
  0x00000189e84847e0: 0f1f 8400 | 500d 0005 | 4889 4424 | 5041 807f | 4000 0f85 | 8d0c 0000 | 4c8b 5424 | 2048 8b5c 
  0x00000189e8484800: 2450 4c8b | c34c 8b5c | 2420 4589 | 433c 4c8b | db4d 33da | 49c1 eb14 | 4d85 db74 | 6548 85db 
  0x00000189e8484820: 7460 49c1 | ea09 48b9 | 0000 1aef | 8901 0000 | 4903 ca80 | 3902 744a | 4d8b 5748 | 4d8b 5f58 
  0x00000189e8484840: f083 4424 | c000 8039 | 0074 3744 | 8821 4d85 | d275 1d49 | 8bd7 c5f8 | 7749 ba40 | a31c 2afe 
  0x00000189e8484860: 7f00 0041 

  0x00000189e8484864: ;   {other}
  0x00000189e8484864: ffd2 0f1f | 8400 0000 | 0000 eb12 | 4b89 4c13 | f849 83c2 | f84d 8957 | 48eb 0349 | 8bda 4c8b 
  0x00000189e8484884: 6c24 2845 | 8b45 3845 | 85c0 0f84 | 2c18 0000 | 4c8b db8b | 430c 4c8b | 5424 2045 | 8b4a 3085 
  0x00000189e84848a4: c00f 84a9 | 0400 0045 | 8b40 2845 | 85c0 0f84 | 1203 0000 | 418b 680c | 85ed 0f86 | 681a 0000 
  0x00000189e84848c4: 448b d041 | c1ea 1044 | 33d0 ffcd | 4181 e2ff | ffff 7f41 | 23ea 4863 | cd45 8b44 | 8810 4585 
  0x00000189e84848e4: c00f 84df | 0200 0041 | 8b58 0c49 | 8bd0 413b | da0f 8410 | 0100 0085 | db0f 8c36 | 0200 008b 
  0x00000189e8484904: 4a18 85c9 | 0f84 bc02 | 0000 488b | f949 8b97 | 5804 0000 

  0x00000189e8484918: ; ImmutableOopMap {r11=Oop r9=NarrowOop rdi=Oop r13=Oop [32]=Oop [64]=Oop }
                      ;*if_icmpne {reexecute=1 rethrow=0 return_oop=0}
                      ; - (reexecute) java.util.concurrent.ConcurrentHashMap::get@127
                      ; - java.lang.ClassLoader::getNamedPackage@5
                      ; - java.lang.ClassLoader::postDefineClass@9
                      ; - java.lang.ClassLoader::defineClass@37
                      ;   {poll}
  0x00000189e8484918: 8b4f 0c85 | 0241 3bca | 7412 448b | 4718 4585 | c00f 849b | 0200 0049 | 8bf8 ebdd | 8b6f 104c 
  0x00000189e8484938: 8bc5 4d3b | c374 5985 | ed0f 8471 | 1e00 0048 | 897c 2448 | 4489 5424 | 3c44 894c | 2438 4c89 
  0x00000189e8484958: 6c24 284c | 8bc5 498b | d349 8beb 

  0x00000189e8484964: ;   {optimized virtual_call}
  0x00000189e8484964: c5f8 77e8 

  0x00000189e8484968: ; ImmutableOopMap {rbp=Oop [32]=Oop [40]=Oop [56]=NarrowOop [64]=Oop [72]=Oop }
                      ;*invokevirtual equals {reexecute=0 rethrow=0 return_oop=0}
                      ; - java.util.concurrent.ConcurrentHashMap::get@149
                      ; - java.lang.ClassLoader::getNamedPackage@5
                      ; - java.lang.ClassLoader::postDefineClass@9
                      ; - java.lang.ClassLoader::defineClass@37
  0x00000189e8484968: 5488 0bff 

  0x00000189e848496c: ;   {other}
  0x00000189e848496c: 0f1f 8400 | dc0e 0007 | 4d8b 9758 

  0x00000189e8484978: ; ImmutableOopMap {rbp=Oop [32]=Oop [40]=Oop [56]=NarrowOop [64]=Oop [72]=Oop }
                      ;*ifeq {reexecute=1 rethrow=0 return_oop=0}
                      ; - (reexecute) java.util.concurrent.ConcurrentHashMap::get@152
                      ; - java.lang.ClassLoader::getNamedPackage@5
                      ; - java.lang.ClassLoader::postDefineClass@9
                      ; - java.lang.ClassLoader::defineClass@37
                      ;   {poll}
  0x00000189e8484978: 0400 0041 | 8502 85c0 | 0f84 e612 | 0000 4c8b | 6c24 284c | 8bdd 448b | 4c24 3848 | 8b7c 2448 
  0x00000189e8484998: 8b6f 1485 | ed0f 8427 | 0200 0044 | 8b5d 0849 | ba00 0000 | 8089 0100 | 004d 03d3 | 4d8b 5238 
  0x00000189e84849b8: ;   {metadata('java/lang/NamedPackage')}
  0x00000189e84849b8: 49bb e8c0 | 0180 8901 | 0000 4d3b | d30f 855d | 1700 004c | 8b54 2440 | 458b 4210 

  0x00000189e84849d4: ; implicit exception: dispatches to 0x00000189e8486fe4
  0x00000189e84849d4: 418b 4814 | 85c9 0f85 | e40a 0000 | 458b 5010 | 4585 d20f | 8576 0b00 | 0048 8b44 | 2420 c5f8 
  0x00000189e84849f4: 7748 81c4 | c000 0000 

  0x00000189e84849fc: ;   {poll_return}
  0x00000189e84849fc: 5d49 3ba7 | 5004 0000 | 0f87 a828 | 0000 c341 | 8b68 1048 | 8bcd 493b | cb0f 840d | 0100 008b 
  0x00000189e8484a1c: 4d08 488b | fd4c 3bdf | 0f84 fe00 

  0x00000189e8484a28: ;   {metadata('java/lang/String')}
  0x00000189e8484a28: 0000 81f9 | 78e8 0000 | 0f85 cdfe | ffff 410f | be5b 100f | be6f 103b | dd0f 8552 | 1c00 008b 
  0x00000189e8484a48: 5f14 418b | 4314 8b7b | 0c8b 480c | 3bcf 0f85 | a7fe ffff | 488b fb48 | 8d73 1048 | 8bd8 488d 
  0x00000189e8484a68: 7810 85c9 | 0f84 9d00 | 0000 8bc1 | 83e0 1f83 | e1e0 0f84 | 4b00 0000 | 488d 3c0f | 488d 340e 
  0x00000189e8484a88: 48f7 d9c5 | fe6f 040f | c5fe 6f0c | 0ec5 fdef | c1c4 e27d | 17c0 0f85 | 7200 0000 | 4883 c120 
  0x00000189e8484aa8: 75e1 85c0 | 0f84 5d00 | 0000 c5fe | 6f44 07e0 | c5fe 6f4c | 06e0 c5fd | efc1 c4e2 | 7d17 c075 
  0x00000189e8484ac8: 4deb 448b | c883 e1fc | 7419 488d | 3c0f 488d | 340e 48f7 | d98b 1c0f | 3b1c 0e75 | 3148 83c1 
  0x00000189e8484ae8: 0475 f2a8 | 0274 120f | b71f 0fb7 | 0e3b d975 | 1d48 8d7f | 0248 8d76 | 02a8 0174 | 0a0f b61f 
  0x00000189e8484b08: 0fb6 0e3b | d975 07b8 | 0100 0000 | eb02 33c0 | c5fd efc0 | c5f5 efc9 | 85c0 0f84 | dbfd ffff 
  0x00000189e8484b28: ;   {no_reloc}
  0x00000189e8484b28: 418b 6814 | 85ed 0f84 | 9600 0000 | e96a feff | ff41 8b58 

  0x00000189e8484b3c: ;   {metadata('java/util/concurrent/ConcurrentHashMap$ReservationNode')}
  0x00000189e8484b3c: 0881 fb48 | 6917 000f | 8481 0000 

  0x00000189e8484b48: ;   {metadata('java/util/concurrent/ConcurrentHashMap$ForwardingNode')}
  0x00000189e8484b48: 0081 fb60 | 0318 000f | 85c7 2000 | 0044 894c | 2448 4c89 | 5c24 384c | 8b5c 2420 | 4c89 5c24 
  0x00000189e8484b68: 304c 8b5c | 2440 4c89 | 5c24 284c | 896c 2420 | 458b c24c | 8b4c 2438 | 488b 6c24 | 3066 6690 
  0x00000189e8484b88: ;   {optimized virtual_call}
  0x00000189e8484b88: c5f8 77e8 

  0x00000189e8484b8c: ; ImmutableOopMap {rbp=Oop [32]=Oop [40]=Oop [48]=Oop [56]=Oop [72]=NarrowOop }
                      ;*invokevirtual find {reexecute=0 rethrow=0 return_oop=1}
                      ; - java.util.concurrent.ConcurrentHashMap::get@93
                      ; - java.lang.ClassLoader::getNamedPackage@5
                      ; - java.lang.ClassLoader::postDefineClass@9
                      ; - java.lang.ClassLoader::defineClass@37
  0x00000189e8484b8c: f09e 92fe 

  0x00000189e8484b90: ;   {other}
  0x00000189e8484b90: 0f1f 8400 | 0011 0009 | 4885 c00f | 847d 1200 | 008b 6814 | 85ed 0f84 | 0818 0000 | 4c8b 6c24 
  0x00000189e8484bb0: 204c 8b54 | 2428 4c89 | 5424 404c | 8b54 2430 | 4c89 5424 | 20e9 d9fd | ffff 498b | 87b8 0100 
  0x00000189e8484bd0: 004c 8bd0 | 4983 c218 | 4d3b 97c8 | 0100 000f | 83d8 1100 | 004d 8997 | b801 0000 | 410f 1882 
  0x00000189e8484bf0: 0001 0000 | 48c7 0001 

  0x00000189e8484bf8: ;   {metadata('java/lang/NamedPackage')}
  0x00000189e8484bf8: 0000 00c7 | 4008 e8c0 | 0100 4489 | 600c 4c89 | 6010 458b | 4314 458b | 500c 4585 | d20f 8656 
  0x00000189e8484c18: 0c00 004c | 896c 2428 | 4c89 5c24 | 3048 8944 | 2448 498b | e944 894c | 2438 488b | 5424 3090 
  0x00000189e8484c38: ;   {optimized virtual_call}
  0x00000189e8484c38: c5f8 77e8 

  0x00000189e8484c3c: ; ImmutableOopMap {rbp=Oop [32]=Oop [40]=Oop [48]=Oop [56]=NarrowOop [64]=Oop [72]=Oop }
                      ;*invokevirtual intern {reexecute=0 rethrow=0 return_oop=1}
                      ; - java.lang.NamedPackage::<init>@47
                      ; - java.lang.ClassLoader::getNamedPackage@22
                      ; - java.lang.ClassLoader::postDefineClass@9
                      ; - java.lang.ClassLoader::defineClass@37
  0x00000189e8484c3c: 409e 92fe 

  0x00000189e8484c40: ;   {other}
  0x00000189e8484c40: 0f1f 8400 | b011 000a | 488b d841 | 807f 4000 | 0f85 4b07 | 0000 488b | 7424 484c | 8bdb 4489 
  0x00000189e8484c60: 5e0c 4c8b | d64c 8bdb | 4d33 da49 | c1eb 144d | 85db 741f | 4885 db74 | 1a49 c1ea | 0948 b900 
  0x00000189e8484c80: 001a ef89 | 0100 0049 | 03ca 8039 | 020f 8550 | 0700 0041 | 807f 4000 | 0f85 d006 | 0000 8b7c 
  0x00000189e8484ca0: 2438 897e | 104c 8bd5 | 4c8b de4d | 33d3 49c1 | ea14 4d85 | d274 1e85 | ff74 1a49 | c1eb 0948 
  0x00000189e8484cc0: b900 001a | ef89 0100 | 0049 03cb | 8039 020f | 855f 0700 | 004c 8b54 | 2428 458b | 5a38 4585 
  0x00000189e8484ce0: db0f 8475 | 1600 0048 | 8974 2448 | 498b d34c | 8b44 2430 | 4c8b ce90 

  0x00000189e8484cf8: ;   {optimized virtual_call}
  0x00000189e8484cf8: c5f8 77e8 

  0x00000189e8484cfc: ; ImmutableOopMap {[32]=Oop [40]=Oop [56]=NarrowOop [64]=Oop [72]=Oop }
                      ;*invokevirtual putIfAbsent {reexecute=0 rethrow=0 return_oop=1}
                      ; - java.lang.ClassLoader::getNamedPackage@32
                      ; - java.lang.ClassLoader::postDefineClass@9
                      ; - java.lang.ClassLoader::defineClass@37
  0x00000189e8484cfc: 809d 92fe 

  0x00000189e8484d00: ;   {other}
  0x00000189e8484d00: 0f1f 8400 | 7012 000b | 4885 c00f | 84c8 0600 | 0044 8b58 | 0849 ba00 | 0000 8089 | 0100 004d 
  0x00000189e8484d20: 03d3 4d8b 

  0x00000189e8484d24: ;   {metadata('java/lang/NamedPackage')}
  0x00000189e8484d24: 5238 49bb | e8c0 0180 | 8901 0000 | 4d3b d30f | 853f 1600 | 0048 8be8 | ba54 ffff | ff66 6690 
  0x00000189e8484d44: ;   {runtime_call UncommonTrapBlob}
  0x00000189e8484d44: c5f8 77e8 

  0x00000189e8484d48: ; ImmutableOopMap {rbp=Oop [32]=Oop [40]=Oop [56]=NarrowOop [64]=Oop [72]=Oop }
                      ;*ifnull {reexecute=1 rethrow=0 return_oop=0}
                      ; - (reexecute) java.lang.ClassLoader::getNamedPackage@42
                      ; - java.lang.ClassLoader::postDefineClass@9
                      ; - java.lang.ClassLoader::defineClass@37
  0x00000189e8484d48: 34f6 92fe 

  0x00000189e8484d4c: ;   {other}
  0x00000189e8484d4c: 0f1f 8400 | bc12 000c | 440f b653 | 1145 85d2 | 0f85 5b07 | 0000 0fbe | 4b10 85c9 | 0f85 021a 
  0x00000189e8484d6c: 0000 4489 | 4c24 3c48 | 895c 2430 | 448b 5b14 | 498b e844 | 8944 2438 | 498b d390 

  0x00000189e8484d88: ;   {static_call}
  0x00000189e8484d88: c5f8 77e8 

  0x00000189e8484d8c: ; ImmutableOopMap {rbp=Oop [32]=Oop [40]=Oop [48]=Oop [56]=NarrowOop [60]=NarrowOop [64]=Oop }
                      ;*invokestatic hashCode {reexecute=0 rethrow=0 return_oop=0}
                      ; - java.lang.String::hashCode@27
                      ; - java.util.concurrent.ConcurrentHashMap::get@1
                      ; - java.lang.ClassLoader::getNamedPackage@5
                      ; - java.lang.ClassLoader::postDefineClass@9
                      ; - java.lang.ClassLoader::defineClass@37
  0x00000189e8484d8c: f0a2 92fe 

  0x00000189e8484d90: ;   {other}
  0x00000189e8484d90: 0f1f 8400 | 0013 000d | 85c0 0f84 | ac0e 0000 | 4c8b 5c24 | 3041 8943 | 0c4c 8b6c | 2428 448b 
  0x00000189e8484db0: 4424 3844 | 8b4c 243c | e9ee faff | ff48 8bd0 

  0x00000189e8484dc0: ;   {optimized virtual_call}
  0x00000189e8484dc0: c5f8 77e8 

  0x00000189e8484dc4: ; ImmutableOopMap {[32]=Oop [40]=Oop [64]=Oop [80]=Oop }
                      ;*invokevirtual initClassName {reexecute=0 rethrow=0 return_oop=1}
                      ; - java.lang.Class::getName@14
                      ; - java.lang.Class::getPackageName@40
                      ; - java.lang.ClassLoader::postDefineClass@2
                      ; - java.lang.ClassLoader::defineClass@37
  0x00000189e8484dc4: 1857 06ff 

  0x00000189e8484dc8: ;   {other}
  0x00000189e8484dc8: 0f1f 8400 | 3813 000e | 4c8b c048 | 85c0 0f85 | 67f7 ffff | baf6 ffff | ff66 6690 

  0x00000189e8484de4: ;   {runtime_call UncommonTrapBlob}
  0x00000189e8484de4: c5f8 77e8 

  0x00000189e8484de8: ; ImmutableOopMap {}
                      ;*invokevirtual lastIndexOf {reexecute=0 rethrow=0 return_oop=0}
                      ; - java.lang.Class::getPackageName@47
                      ; - java.lang.ClassLoader::postDefineClass@2
                      ; - java.lang.ClassLoader::defineClass@37
  0x00000189e8484de8: 94f5 92fe 

  0x00000189e8484dec: ;   {other}
  0x00000189e8484dec: 0f1f 8400 | 5c13 000f 

  0x00000189e8484df4: ;   {oop(""{0x0000000080659398})}
  0x00000189e8484df4: 48be 9893 | 6580 0000 | 0000 e9e7 | f5ff ff45 | 33d2 4489 | 9424 8800 | 0000 e9a6 

  0x00000189e8484e10: ;   {oop(""{0x0000000080659398})}
  0x00000189e8484e10: f3ff ff48 | be98 9365 | 8000 0000 | 00e9 b1f9 | ffff 448b | 5614 4585 | d20f 8484 | f5ff ff4d 
  0x00000189e8484e30: 8b5f 2849 | 8bca 4d85 | db0f 849d | 1500 004d | 8b57 384b | 894c 1af8 | 4983 c3f8 | 4d89 5f28 
  0x00000189e8484e50: e95e f5ff | ff4d 8b57 | 484d 8b5f | 58f0 8344 | 24c0 0080 | 3900 0f84 | 7af5 ffff | 4488 214d 
  0x00000189e8484e70: 85d2 7520 | 498b d7c5 | f877 49ba | 40a3 1c2a | fe7f 0000 

  0x00000189e8484e84: ;   {other}
  0x00000189e8484e84: 41ff d20f | 1f84 0000 | 0000 00e9 | 52f5 ffff | 4b89 4c13 | f849 83c2 | f84d 8957 | 48e9 40f5 
  0x00000189e8484ea4: ;   {oop(""{0x0000000080659398})}
  0x00000189e8484ea4: ffff 48bf | 9893 6580 | 0000 0000 | e938 f5ff | ff45 8b58 | 0c45 8b50 | 0849 8be8 | 4d63 cb49 
  0x00000189e8484ec4: c1e1 0241 | 81fb 0000 | 0400 0f87 | 1c19 0000 | 498b b7b8 | 0100 0049 | 8d49 1748 | 83e1 f848 
  0x00000189e8484ee4: 8bd6 4803 | d149 3b97 | c801 0000 | 0f83 fa18 | 0000 4989 | 97b8 0100 | 000f 1882 | 0001 0000 
  0x00000189e8484f04: 48c7 0601 | 0000 0044 | 8956 0844 | 895e 0c0f | 1882 4001 | 0000 0f18 | 8280 0100 | 0049 8d48 
  0x00000189e8484f24: 1048 8bd6 | 4883 c210 | 4983 c107 | 49c1 e903 | 4d8b c1c5 | f877 49ba | 604b d9e6 | 8901 0000 
  0x00000189e8484f44: ;   {other}
  0x00000189e8484f44: 41ff d20f | 1f84 0000 

  0x00000189e8484f4c: ;   {oop(""{0x0000000080659398})}
  0x00000189e8484f4c: 0000 0049 | b998 9365 | 8000 0000 | 0049 b800 | 001a ef89 | 0100 00e9 | 6003 0000 | 498b 87b8 
  0x00000189e8484f6c: 0100 004c | 8bd0 4983 | c218 448b | 4c24 4849 | 8bc9 4d3b | 97c8 0100 | 000f 8356 | 1900 004d 
  0x00000189e8484f8c: 8997 b801 | 0000 410f | 1882 0001 | 0000 48c7 | 0001 0000 

  0x00000189e8484fa0: ;   {metadata('java/util/ArrayList')}
  0x00000189e8484fa0: 00c7 4008 | d089 0b00 | 4489 600c | 4489 6010 | 458b 530c 

  0x00000189e8484fb4: ;   {oop(a 'java/lang/Object'[0] {0x00000000806dae40})}
  0x00000189e8484fb4: c740 1440 | ae6d 804c | 8bc8 4585 

  0x00000189e8484fc0: ;   {oop(""{0x0000000080659398})}
  0x00000189e8484fc0: d276 1948 | be98 9365 | 8000 0000 | 0048 b800 | 001a ef89 | 0100 0045 | 33c0 eb5c 

  0x00000189e8484fdc: ;   {oop(""{0x0000000080659398})}
  0x00000189e8484fdc: 49ba 9893 | 6580 0000 | 0000 49b8 | 0000 1aef | 8901 0000 | e916 0100 | 0066 6666 | 0f1f 8400 
  0x00000189e8484ffc: 0000 0000 | 4c8b f54c | 8b54 2420 | 4c89 5424 | 2844 8b4c | 244c 4489 | 8c24 8800 | 0000 488b 
  0x00000189e848501c: 5c24 5048 | 8b74 2458 | 488b 4424 | 6048 8b7c | 2468 488b | 4c24 704c | 8b4c 2478 

  0x00000189e8485038: ; implicit exception: dispatches to 0x00000189e848703c
  0x00000189e8485038: 418b 530c | 443b c20f | 830f 1b00 | 0047 8b5c | 8310 458b | 5310 458b | 5a10 4489 | 8424 8000 
  0x00000189e8485058: 0000 4c89 | 4c24 7848 | 894c 2470 | 4889 7c24 | 6848 8944 | 2460 4889 | 7424 5848 | 895c 2450 
  0x00000189e8485078: 448b 8424 | 8800 0000 | 4489 4424 | 4c4c 8b54 | 2428 4c89 | 5424 2049 | 8bee 4d8b | c349 8bd1 
  0x00000189e8485098: ;   {optimized virtual_call}
  0x00000189e8485098: c5f8 77e8 

  0x00000189e848509c: ; ImmutableOopMap {rbp=Oop [32]=Oop [48]=Oop [64]=Oop [72]=NarrowOop [80]=Oop [88]=Oop [104]=Oop [112]=Oop [120]=Oop }
                      ;*invokevirtual addAll {reexecute=0 rethrow=0 return_oop=0}
                      ; - java.security.CodeSource::getCertificates@57
                      ; - java.lang.ClassLoader::checkCerts@34
                      ; - java.lang.ClassLoader::preDefineClass@113
                      ; - java.lang.ClassLoader::defineClass@4
  0x00000189e848509c: e099 92fe 

  0x00000189e84850a0: ;   {other}
  0x00000189e84850a0: 0f1f 8400 | 1016 0010 | 4d8b 9758 | 0400 0044 | 8b5c 2448 | 458b 5b10 | 448b 8424 | 8000 0000 
  0x00000189e84850c0: ; ImmutableOopMap {r11=NarrowOop rbp=Oop [32]=Oop [48]=Oop [64]=Oop [72]=NarrowOop [80]=Oop [88]=Oop [104]=Oop [112]=Oop [120]=Oop }
                      ;*goto {reexecute=1 rethrow=0 return_oop=0}
                      ; - (reexecute) java.security.CodeSource::getCertificates@64
                      ; - java.lang.ClassLoader::checkCerts@34
                      ; - java.lang.ClassLoader::preDefineClass@113
                      ; - java.lang.ClassLoader::defineClass@4
                      ;   {poll}
  0x00000189e84850c0: 41ff c041 | 8502 458b | 530c 453b | c20f 8c2d | ffff ff4c | 8bf5 4c8b | 5424 204c | 8954 2428 
  0x00000189e84850e0: 448b 5424 | 4c44 8994 | 2488 0000 | 0048 8b5c | 2450 4c8b | 5424 584c | 8b44 2460 | 488b 7c24 
  0x00000189e8485100: 6848 8b4c | 2470 4c8b | 4c24 7849 | 8b87 b801 | 0000 4c8b | d849 83c3 | 104d 3b9f | c801 0000 
  0x00000189e8485120: 0f83 2e18 | 0000 4d89 | 9fb8 0100 | 0041 0f18 | 8300 0100 | 0048 c700 | 0100 0000 | 410f 1883 
  0x00000189e8485140: 4001 0000 

  0x00000189e8485144: ;   {metadata('java/security/cert/Certificate'[])}
  0x00000189e8485144: c740 0820 | 2910 0041 | 0f18 8380 | 0100 0044 | 8960 0c49 | 8bee 4c8b | 5c24 284c | 895c 2420 
  0x00000189e8485164: 448b 9c24 | 8800 0000 | 4489 5c24 | 4c48 895c | 2450 4c89 | 5424 584c | 8944 2460 | 4889 7c24 
  0x00000189e8485184: 6848 894c | 2470 4c89 | 4c24 784c | 8bc0 488b | 5424 7890 

  0x00000189e8485198: ;   {optimized virtual_call}
  0x00000189e8485198: c5f8 77e8 

  0x00000189e848519c: ; ImmutableOopMap {rbp=Oop [32]=Oop [48]=Oop [64]=Oop [72]=NarrowOop [80]=Oop [88]=Oop [104]=Oop [112]=Oop }
                      ;*invokevirtual toArray {reexecute=0 rethrow=0 return_oop=1}
                      ; - java.security.CodeSource::getCertificates@73
                      ; - java.lang.ClassLoader::checkCerts@34
                      ; - java.lang.ClassLoader::preDefineClass@113
                      ; - java.lang.ClassLoader::defineClass@4
  0x00000189e848519c: e098 92fe 

  0x00000189e84851a0: ;   {other}
  0x00000189e84851a0: 0f1f 8400 | 1017 0012 | 488b d844 

  0x00000189e84851ac: ;   {metadata('java/security/cert/Certificate'[])}
  0x00000189e84851ac: 8b50 0841 | 81fa 2029 | 1000 0f85 | fc1b 0000 | 4180 7f40 | 000f 8521 | 1400 008b | 7c24 484c 
  0x00000189e84851cc: 8b54 2470 | 4d8b da4c | 8bd3 4489 | 5714 4c8b | d34d 33d3 | 49c1 ea14 | 4d85 d274 | 1a49 c1eb 
  0x00000189e84851ec: 0948 b900 | 001a ef89 | 0100 0049 | 03cb 8039 | 020f 851c | 1400 0044 | 8b5b 0c44 | 8b53 084d 
  0x00000189e848520c: 63c3 49c1 | e002 4181 | fb00 0004 | 000f 8796 | 1700 0049 | 8bb7 b801 | 0000 4d8d | 4817 4983 
  0x00000189e848522c: e1f8 488b | ce49 03c9 | 493b 8fc8 | 0100 000f | 8374 1700 | 0049 898f | b801 0000 | 0f18 8100 
  0x00000189e848524c: 0100 0048 | c706 0100 | 0000 4489 | 5608 4489 | 5e0c 0f18 | 8140 0100 | 000f 1881 | 8001 0000 
  0x00000189e848526c: 488b cb48 | 83c1 1048 | 8bd6 4883 | c210 4983 | c007 49c1 | e803 c5f8 | 7749 ba60 | 4bd9 e689 
  0x00000189e848528c: 0100 0041 

  0x00000189e8485290: ;   {other}
  0x00000189e8485290: ffd2 0f1f | 8400 0000 | 0000 4c8b | f54c 8b54 | 2420 4c89 | 5424 2844 | 8b5c 244c | 4489 9c24 
  0x00000189e84852b0: 8800 0000 | 488b 5c24 | 504c 8b4c | 2458 4c8b | 4424 6048 | 8b7c 2468 | 4c8b d6e9 | 5af1 ffff 
  0x00000189e84852d0: 4c63 c54d | 8d50 1049 | 8bca 4883 | e1f8 498b | fd48 03f9 | 49c1 ea03 | 4d2b ca49 | 8bc9 4833 
  0x00000189e84852f0: c048 83f9 | 087f 1048 | ffc9 784f | 4889 04cf | 48ff c97d | f7eb 44c5 | fdef c0e9 | 0d00 0000 
  0x00000189e8485310: c5fe 7f07 | c5fe 7f47 | 2048 83c7 | 4048 83e9 | 087d ed48 | 83c1 047c | 0cc5 fe7f | 0748 83c7 
  0x00000189e8485330: 2048 83e9 | 0448 83c1 | 047e 1048 | ffc9 c5f9 | d607 4883 | c708 48ff | c97d f348 | 8bca 498b 
  0x00000189e8485350: d3c5 f877 | 49ba c044 | d9e6 8901 | 0000 41ff 

  0x00000189e8485360: ;   {other}
  0x00000189e8485360: d20f 1f84 | 0000 0000 | 00e9 3af0 | ffff 448b | 5e10 4585 | db0f 8423 | f9ff ff4d | 8b57 2849 
  0x00000189e8485380: 8bcb 4d85 | d20f 8491 | 1000 004d | 8b5f 384b | 894c 13f8 | 4983 c2f8 | 4d89 5728 | e9fd f8ff 
  0x00000189e84853a0: ff48 8b74 | 2448 448b | 560c 4585 | d20f 84a8 | f8ff ff4d | 8b5f 2849 | 8bca 4d85 | db0f 8439 
  0x00000189e84853c0: 1000 004d | 8b57 384b | 894c 1af8 | 4983 c3f8 | 4d89 5f28 | e982 f8ff | ff4c 8b6c | 2428 e9e8 
  0x00000189e84853e0: f5ff ff4d | 8b57 584d | 8b5f 48f0 | 8344 24c0 | 0080 3900 | 0f84 99f8 | ffff 4488 | 214d 85db 
  0x00000189e8485400: 7520 498b | d7c5 f877 | 49ba 40a3 | 1c2a fe7f | 0000 41ff 

  0x00000189e8485414: ;   {other}
  0x00000189e8485414: d20f 1f84 | 0000 0000 | 00e9 71f8 | ffff 4b89 | 4c1a f849 | 83c3 f84d | 895f 48e9 | 5ff8 ffff 
  0x00000189e8485434: 4d8b 5748 | 4d8b 5f58 | f083 4424 | c000 8039 | 000f 848a | f8ff ff44 | 8821 4d85 | d275 2049 
  0x00000189e8485454: 8bd7 c5f8 | 7749 ba40 | a31c 2afe | 7f00 0041 

  0x00000189e8485464: ;   {other}
  0x00000189e8485464: ffd2 0f1f | 8400 0000 | 0000 e962 | f8ff ff4b | 894c 13f8 | 4983 c2f8 | 4d89 5748 | e950 f8ff 
  0x00000189e8485484: ff4c 8b54 | 2420 458b | 523c 4585 | d20f 8461 | f3ff ff4d | 8b5f 2849 | 8bca 4d85 | db0f 8481 
  0x00000189e84854a4: 1000 004d | 8b57 384b | 894c 1af8 | 4983 c3f8 | 4d89 5f28 | e93b f3ff | ff33 c0e9 | e7f3 ffff 
  0x00000189e84854c4: 8b59 0c44 | 8b51 0848 | 8be9 4c63 | c349 c1e0 | 0281 fb00 | 0004 000f | 876c 1300 | 0049 8b87 
  0x00000189e84854e4: b801 0000 | 4d8d 5817 | 4983 e3f8 | 4c8b c84d | 03cb 4d3b | 8fc8 0100 | 000f 834a | 1300 004d 
  0x00000189e8485504: 898f b801 | 0000 410f | 1881 0001 | 0000 48c7 | 0001 0000 | 0044 8950 | 0889 580c | 410f 1881 
  0x00000189e8485524: 4001 0000 | 410f 1881 | 8001 0000 | 488b d848 | 8d49 1048 | 8bd3 4883 | c210 4983 | c007 49c1 
  0x00000189e8485544: e803 c5f8 | 7749 ba60 | 4bd9 e689 | 0100 0041 

  0x00000189e8485554: ;   {other}
  0x00000189e8485554: ffd2 0f1f | 8400 0000 | 0000 e96c | 0200 0049 | 8b87 b801 | 0000 4c8b | d849 83c3 | 1849 8bc8 
  0x00000189e8485574: 4d3b 9fc8 | 0100 000f | 8371 1400 | 004d 899f | b801 0000 | 410f 1883 | 0001 0000 | 48c7 0001 
  0x00000189e8485594: ;   {metadata('java/util/ArrayList')}
  0x00000189e8485594: 0000 00c7 | 4008 d089 | 0b00 4489 | 600c 4489 | 6010 418b 

  0x00000189e84855a8: ;   {oop(a 'java/lang/Object'[0] {0x00000000806dae40})}
  0x00000189e84855a8: 7a0c c740 | 1440 ae6d | 804c 8bc8 | 85ff 0f86 | 9800 0000 | 4533 dbeb | 1c0f 1f84 | 0000 0000 
  0x00000189e84855c8: 000f 1f80 | 0000 0000 | 4c8b ed48 | 8b4c 2430 | 4c8b 4c24 | 3841 8b7a | 0c44 3bdf | 0f83 0216 
  0x00000189e84855e8: 0000 438b | 5c9a 1044 | 8b53 1045 | 8b52 1044 | 895c 242c | 4c89 4c24 | 3848 894c | 2430 4489 
  0x00000189e8485608: 4424 2849 | 8bed 4d8b | c249 8bd1 

  0x00000189e8485614: ;   {optimized virtual_call}
  0x00000189e8485614: c5f8 77e8 

  0x00000189e8485618: ; ImmutableOopMap {rbp=Oop [32]=Oop [40]=NarrowOop [48]=Oop [56]=Oop }
                      ;*invokevirtual addAll {reexecute=0 rethrow=0 return_oop=0}
                      ; - java.security.CodeSource::getCertificates@57
                      ; - java.lang.ClassLoader::postDefineClass@24
                      ; - java.lang.ClassLoader::defineClass@37
  0x00000189e8485618: 6494 92fe 

  0x00000189e848561c: ;   {other}
  0x00000189e848561c: 0f1f 8400 | 8c1b 0013 | 498b 8f58 | 0400 0044 | 8b44 2428 | 458b 5010 | 448b 5c24 

  0x00000189e8485638: ; ImmutableOopMap {r10=NarrowOop r8=NarrowOop rbp=Oop [32]=Oop [48]=Oop [56]=Oop }
                      ;*goto {reexecute=1 rethrow=0 return_oop=0}
                      ; - (reexecute) java.security.CodeSource::getCertificates@64
                      ; - java.lang.ClassLoader::postDefineClass@24
                      ; - java.lang.ClassLoader::defineClass@37
  0x00000189e8485638: 2c41 ffc3 

  0x00000189e848563c: ;   {poll}
  0x00000189e848563c: 8501 458b | 4a0c 453b | d97c 894c | 8bed 488b | 4c24 304c | 8b4c 2438 | 498b 87b8 | 0100 004c 
  0x00000189e848565c: 8bd0 4983 | c210 4d3b | 97c8 0100 | 000f 83c8 | 1300 004d | 8997 b801 | 0000 410f | 1882 0001 
  0x00000189e848567c: 0000 48c7 | 0001 0000 | 0041 0f18 | 8240 0100 

  0x00000189e848568c: ;   {metadata('java/security/cert/Certificate'[])}
  0x00000189e848568c: 00c7 4008 | 2029 1000 | 410f 1882 | 8001 0000 | 4489 600c | 4c89 6c24 | 2841 8be8 | 4889 4c24 
  0x00000189e84856ac: 304c 894c | 2438 4c8b | c048 8b54 | 2438 6690 

  0x00000189e84856bc: ;   {optimized virtual_call}
  0x00000189e84856bc: c5f8 77e8 

  0x00000189e84856c0: ; ImmutableOopMap {rbp=NarrowOop [32]=Oop [40]=Oop [48]=Oop }
                      ;*invokevirtual toArray {reexecute=0 rethrow=0 return_oop=1}
                      ; - java.security.CodeSource::getCertificates@73
                      ; - java.lang.ClassLoader::postDefineClass@24
                      ; - java.lang.ClassLoader::defineClass@37
  0x00000189e84856c0: bc93 92fe 

  0x00000189e84856c4: ;   {other}
  0x00000189e84856c4: 0f1f 8400 | 341c 0015 | 488b d844 

  0x00000189e84856d0: ;   {metadata('java/security/cert/Certificate'[])}
  0x00000189e84856d0: 8b58 0841 | 81fb 2029 | 1000 0f85 | 2417 0000 | 4180 7f40 | 000f 85ed | 0f00 008b | fd4c 8bd3 
  0x00000189e84856f0: 4c89 5424 | 384c 8b54 | 2430 4c8b | 5c24 384d | 8bc3 4489 | 4714 4d33 | da49 c1eb | 144d 85db 
  0x00000189e8485710: 7416 49c1 | ea09 4c8b | 4424 584d | 03c2 4180 | 3802 0f85 | e50f 0000 | 4c8b 5424 | 3845 8b5a 
  0x00000189e8485730: 0c45 8b52 | 0849 63eb | 48c1 e502 | 4181 fb00 | 0004 000f | 8728 1300 | 0049 8b87 | b801 0000 
  0x00000189e8485750: 4c8d 4517 | 4983 e0f8 | 4c8b c84d | 03c8 4d3b | 8fc8 0100 | 000f 8306 | 1300 004d | 898f b801 
  0x00000189e8485770: 0000 410f | 1881 0001 | 0000 48c7 | 0001 0000 | 0044 8950 | 0844 8958 | 0c41 0f18 | 8140 0100 
  0x00000189e8485790: 0041 0f18 | 8180 0100 | 0048 8bd8 | 488b 4c24 | 3848 83c1 | 1048 8bd3 | 4883 c210 | 4883 c507 
  0x00000189e84857b0: 48c1 ed03 | 4c8b c5c5 | f877 49ba | 604b d9e6 | 8901 0000 

  0x00000189e84857c4: ;   {other}
  0x00000189e84857c4: 41ff d20f | 1f84 0000 | 0000 0048 | 8b54 2420 | 4c8b c390 

  0x00000189e84857d8: ;   {optimized virtual_call}
  0x00000189e84857d8: c5f8 77e8 

  0x00000189e84857dc: ; ImmutableOopMap {[32]=Oop }
                      ;*invokevirtual setSigners {reexecute=0 rethrow=0 return_oop=0}
                      ; - java.lang.ClassLoader::setSigners@2
                      ; - java.lang.ClassLoader::postDefineClass@35
                      ; - java.lang.ClassLoader::defineClass@37
  0x00000189e84857dc: a092 92fe 

  0x00000189e84857e0: ;   {other}
  0x00000189e84857e0: 0f1f 8400 | 501d 0016 | e900 f2ff | ff44 8b56 | 1445 85d2 | 0f84 a2ef | ffff 4d8b | 5f28 498b 
  0x00000189e8485800: ca4d 85db | 0f84 6f0e | 0000 4d8b | 5738 4b89 | 4c1a f849 | 83c3 f84d | 895f 28e9 | 7cef ffff 
  0x00000189e8485820: 4d8b 5748 | 4d8b 5f58 | f083 4424 | c000 8039 | 000f 8498 | efff ff44 | 8821 4d85 | d275 2049 
  0x00000189e8485840: 8bd7 c5f8 | 7749 ba40 | a31c 2afe | 7f00 0041 

  0x00000189e8485850: ;   {other}
  0x00000189e8485850: ffd2 0f1f | 8400 0000 | 0000 e970 | efff ff4b | 894c 13f8 | 4983 c2f8 | 4d89 5748 | e95e efff 
  0x00000189e8485870: ff45 85c9 | 0f84 da13 | 0000 4889 | 4424 484c | 895c 2430 | 4c89 6c24 | 284d 8bd1 | 4c89 5424 
  0x00000189e8485890: 5044 894c | 2438 498b | d266 6690 

  0x00000189e848589c: ;   {optimized virtual_call}
  0x00000189e848589c: c5f8 77e8 

  0x00000189e84858a0: ; ImmutableOopMap {[32]=Oop [40]=Oop [48]=Oop [56]=NarrowOop [64]=Oop [72]=Oop [80]=Oop }
                      ;*invokevirtual isNamed {reexecute=0 rethrow=0 return_oop=0}
                      ; - java.lang.NamedPackage::<init>@12
                      ; - java.lang.ClassLoader::getNamedPackage@22
                      ; - java.lang.ClassLoader::postDefineClass@9
                      ; - java.lang.ClassLoader::defineClass@37
  0x00000189e84858a0: dc91 92fe 

  0x00000189e84858a4: ;   {other}
  0x00000189e84858a4: 0f1f 8400 | 141e 0017 | 85c0 0f84 | 2006 0000 | 498b 87b8 | 0100 004c | 8bd0 4983 | c228 4d3b 
  0x00000189e84858c4: 97c8 0100 | 000f 83f2 | 0f00 004d | 8997 b801 | 0000 410f | 1882 0001 | 0000 48c7 | 0001 0000 
  0x00000189e84858e4: ;   {metadata('java/lang/InternalError')}
  0x00000189e84858e4: 00c7 4008 | 3807 0100 | 4489 600c | 4c89 6010 | 4c89 6018 | 4c89 6020 | 4c8b d04c | 8954 2468 
  0x00000189e8485904: 498b 87b8 | 0100 004c | 8bd0 4983 | c218 4d3b | 97c8 0100 | 000f 8381 | 0f00 004d | 8997 b801 
  0x00000189e8485924: 0000 410f | 1882 0001 | 0000 48c7 | 0001 0000 

  0x00000189e8485934: ;   {metadata('java/lang/StringBuilder')}
  0x00000189e8485934: 00c7 4008 | 4080 0000 | 4489 600c | 4c89 6010 | 488b e848 | 8bd5 6690 

  0x00000189e848594c: ;   {optimized virtual_call}
  0x00000189e848594c: c5f8 77e8 

  0x00000189e8485950: ; ImmutableOopMap {rbp=Oop [32]=Oop [40]=Oop [48]=Oop [56]=NarrowOop [64]=Oop [72]=Oop [80]=Oop [104]=Oop }
                      ;*invokespecial <init> {reexecute=0 rethrow=0 return_oop=0}
                      ; - java.lang.NamedPackage::<init>@26
                      ; - java.lang.ClassLoader::getNamedPackage@22
                      ; - java.lang.ClassLoader::postDefineClass@9
                      ; - java.lang.ClassLoader::defineClass@37
  0x00000189e8485950: 2c91 92fe 

  0x00000189e8485954: ;   {other}
  0x00000189e8485954: 0f1f 8400 | c41e 0018 

  0x00000189e848595c: ;   {oop("unnamed package in  "{0x00000000805ef158})}
  0x00000189e848595c: 49b8 58f1 | 5e80 0000 | 0000 488b | d566 6690 

  0x00000189e848596c: ;   {optimized virtual_call}
  0x00000189e848596c: c5f8 77e8 

  0x00000189e8485970: ; ImmutableOopMap {[32]=Oop [40]=Oop [48]=Oop [56]=NarrowOop [64]=Oop [72]=Oop [80]=Oop [104]=Oop }
                      ;*invokevirtual append {reexecute=0 rethrow=0 return_oop=1}
                      ; - java.lang.NamedPackage::<init>@31
                      ; - java.lang.ClassLoader::getNamedPackage@22
                      ; - java.lang.ClassLoader::postDefineClass@9
                      ; - java.lang.ClassLoader::defineClass@37
  0x00000189e8485970: 0c91 92fe 

  0x00000189e8485974: ;   {other}
  0x00000189e8485974: 0f1f 8400 | e41e 0019 | 4885 c00f | 84e7 1200 | 0048 8bd0 | 4c8b 4424 | 504c 8b54 | 2468 4c89 
  0x00000189e8485994: 5424 6090 

  0x00000189e8485998: ;   {optimized virtual_call}
  0x00000189e8485998: c5f8 77e8 

  0x00000189e848599c: ; ImmutableOopMap {[32]=Oop [40]=Oop [48]=Oop [56]=NarrowOop [64]=Oop [72]=Oop [96]=Oop [104]=Oop }
                      ;*invokevirtual append {reexecute=0 rethrow=0 return_oop=1}
                      ; - java.lang.NamedPackage::<init>@35
                      ; - java.lang.ClassLoader::getNamedPackage@22
                      ; - java.lang.ClassLoader::postDefineClass@9
                      ; - java.lang.ClassLoader::defineClass@37
  0x00000189e848599c: e090 92fe 

  0x00000189e84859a0: ;   {other}
  0x00000189e84859a0: 0f1f 8400 | 101f 001a | 4885 c00f | 84d7 1200 | 0048 8bd0 

  0x00000189e84859b4: ;   {optimized virtual_call}
  0x00000189e84859b4: c5f8 77e8 

  0x00000189e84859b8: ; ImmutableOopMap {[32]=Oop [40]=Oop [48]=Oop [56]=NarrowOop [64]=Oop [72]=Oop [96]=Oop }
                      ;*invokevirtual toString {reexecute=0 rethrow=0 return_oop=1}
                      ; - java.lang.NamedPackage::<init>@38
                      ; - java.lang.ClassLoader::getNamedPackage@22
                      ; - java.lang.ClassLoader::postDefineClass@9
                      ; - java.lang.ClassLoader::defineClass@37
  0x00000189e84859b8: c490 92fe 

  0x00000189e84859bc: ;   {other}
  0x00000189e84859bc: 0f1f 8400 | 2c1f 001b | 488b 5424 | 604c 8bc0 

  0x00000189e84859cc: ;   {optimized virtual_call}
  0x00000189e84859cc: c5f8 77e8 

  0x00000189e84859d0: ; ImmutableOopMap {[32]=Oop [40]=Oop [48]=Oop [56]=NarrowOop [64]=Oop [72]=Oop [96]=Oop }
                      ;*invokespecial <init> {reexecute=0 rethrow=0 return_oop=0}
                      ; - java.lang.NamedPackage::<init>@41
                      ; - java.lang.ClassLoader::getNamedPackage@22
                      ; - java.lang.ClassLoader::postDefineClass@9
                      ; - java.lang.ClassLoader::defineClass@37
  0x00000189e84859d0: ac90 92fe 

  0x00000189e84859d4: ;   {other}
  0x00000189e84859d4: 0f1f 8400 | 441f 001c | 488b 5424 | 60c5 f877 | 4881 c4c0 | 0000 005d 

  0x00000189e84859ec: ;   {runtime_call _rethrow_Java}
  0x00000189e84859ec: e90f 5a9f | fe4c 63c5 | 4d8d 4810 | 498b c948 | 83e1 f848 | 8bfb 4803 | f949 c1e9 | 034d 2bd9 
  0x00000189e8485a0c: 498b cb48 | 33c0 4883 | f908 7f10 | 48ff c978 | 4f48 8904 | cf48 ffc9 | 7df7 eb44 | c5fd efc0 
  0x00000189e8485a2c: e90d 0000 | 00c5 fe7f | 07c5 fe7f | 4720 4883 | c740 4883 | e908 7ded | 4883 c104 | 7c0c c5fe 
  0x00000189e8485a4c: 7f07 4883 | c720 4883 | e904 4883 | c104 7e10 | 48ff c9c5 | f9d6 0748 | 83c7 0848 | ffc9 7df3 
  0x00000189e8485a6c: 498b cac5 | f877 49ba | c044 d9e6 | 8901 0000 

  0x00000189e8485a7c: ;   {other}
  0x00000189e8485a7c: 41ff d20f | 1f84 0000 | 0000 00e9 | 05ed ffff | 443b df0f | 85ea 0000 | 0045 8d4b | ff45 3bcb 
  0x00000189e8485a9c: 0f83 fe11 | 0000 85ff | 0f86 f611 | 0000 8d57 | ff45 33d2 | eb36 448b | 5424 7c41 | ffc2 443b 
  0x00000189e8485abc: 9424 8c00 | 0000 0f8d | fc00 0000 | 488b 7424 | 6848 8b5c | 2448 448b | 9c24 8c00 | 0000 8bbc 
  0x00000189e8485adc: 2498 0000 | 008b 9424 | 9c00 0000 | 468b 4c96 | 103b d70f | 83a4 0f00 | 0045 85c9 | 0f84 9b0f 
  0x00000189e8485afc: 0000 4d8b | c133 ed48 | 8974 2468 | 4489 9c24 | 8c00 0000 | 89bc 2498 | 0000 0089 | 9424 9c00 
  0x00000189e8485b1c: 0000 4489 | 5424 7c44 | 898c 2480 | 0000 004c | 8984 24a0 | 0000 00eb | 1066 6666 | 0f1f 8400 
  0x00000189e8485b3c: 0000 0000 | 488b 5c24 | 4844 8b5c | ab10 4889 | 5c24 484d | 8bc3 488b | 9424 a000 | 0000 6690 
  0x00000189e8485b5c: ;   {optimized virtual_call}
  0x00000189e8485b5c: c5f8 77e8 

  0x00000189e8485b60: ; ImmutableOopMap {[32]=Oop [40]=Oop [48]=Oop [64]=Oop [72]=Oop [80]=Oop [104]=Oop [128]=NarrowOop [160]=Oop }
                      ;*invokevirtual equals {reexecute=0 rethrow=0 return_oop=0}
                      ; - java.lang.ClassLoader::compareCerts@81
                      ; - java.lang.ClassLoader::checkCerts@80
                      ; - java.lang.ClassLoader::preDefineClass@113
                      ; - java.lang.ClassLoader::defineClass@4
  0x00000189e8485b60: 1c8f 92fe 

  0x00000189e8485b64: ;   {other}
  0x00000189e8485b64: 0f1f 8400 | d420 001d | 85c0 0f85 | 3eff ffff | ffc5 3bac | 2498 0000 | 007c c1ba | 45ff ffff 
  0x00000189e8485b84: 488b 6c24 | 284c 8b54 | 2430 4c89 | 5424 2844 | 8b54 2438 | 4489 5424 | 3044 8b5c | 243c 4489 
  0x00000189e8485ba4: 5c24 344c | 8b54 2440 | 4c89 5424 | 3866 6690 

  0x00000189e8485bb4: ;   {runtime_call UncommonTrapBlob}
  0x00000189e8485bb4: c5f8 77e8 

  0x00000189e8485bb8: ; ImmutableOopMap {rbp=Oop [32]=Oop [40]=Oop [56]=Oop }
                      ;*ifne {reexecute=1 rethrow=0 return_oop=0}
                      ; - (reexecute) java.lang.ClassLoader::checkCerts@83
                      ; - java.lang.ClassLoader::preDefineClass@113
                      ; - java.lang.ClassLoader::defineClass@4
  0x00000189e8485bb8: c4e7 92fe 

  0x00000189e8485bbc: ;   {other}
  0x00000189e8485bbc: 0f1f 8400 | 2c21 001e | 4533 c0eb | 1644 8b44 | 2474 41ff | c044 3b84 | 2498 0000 | 000f 8dcf 
  0x00000189e8485bdc: e8ff ff4c | 8b54 2448 | 478b 5c82 | 1045 85db | 0f84 060f | 0000 4d8b | cb33 ed44 | 8944 2474 
  0x00000189e8485bfc: 4489 5c24 | 784c 898c | 2490 0000 | 000f 1f80 | 0000 0000 | 4c8b 5424 | 6845 8b54 | aa10 4d8b 
  0x00000189e8485c1c: c248 8b94 | 2490 0000 | 0066 6690 

  0x00000189e8485c28: ;   {optimized virtual_call}
  0x00000189e8485c28: c5f8 77e8 

  0x00000189e8485c2c: ; ImmutableOopMap {[32]=Oop [40]=Oop [48]=Oop [64]=Oop [72]=Oop [80]=Oop [104]=Oop [120]=NarrowOop [144]=Oop }
                      ;*invokevirtual equals {reexecute=0 rethrow=0 return_oop=0}
                      ; - java.lang.ClassLoader::compareCerts@166
                      ; - java.lang.ClassLoader::checkCerts@80
                      ; - java.lang.ClassLoader::preDefineClass@113
                      ; - java.lang.ClassLoader::defineClass@4
  0x00000189e8485c2c: 508e 92fe 

  0x00000189e8485c30: ;   {other}
  0x00000189e8485c30: 0f1f 8400 | a021 001f | 85c0 758d | ffc5 3bac | 248c 0000 | 007c c9e9 | 33ff ffff | 4c8b 5c24 
  0x00000189e8485c50: 3041 c643 | 1101 33c0 | 4c8b 6c24 | 2844 8b44 | 2438 448b | 4c24 3ce9 | 3fec ffff | 4c8b 6c24 
  0x00000189e8485c70: 284c 8bdd | 448b 4c24 | 3844 8b54 | 243c 488b | 5424 48e9 | 7bec ffff | 4489 5424 | 7044 8b4c 
  0x00000189e8485c90: 2448 4489 | 4c24 5448 | 895c 2468 | 4c89 6c24 | 604c 8944 | 2458 4489 | 5c24 4cc5 | fa11 4c24 
  0x00000189e8485cb0: 484c 8b54 | 2428 4c89 | 5424 2049 

  0x00000189e8485cbc: ;   {metadata('java/lang/String')}
  0x00000189e8485cbc: 8bee 48ba | 78e8 0080 | 8901 0000 

  0x00000189e8485cc8: ;   {runtime_call _new_instance_Java}
  0x00000189e8485cc8: c5f8 77e8 

  0x00000189e8485ccc: ; ImmutableOopMap {rbp=Oop [32]=Oop [48]=Oop [64]=Oop [72]=NarrowOop [84]=NarrowOop [88]=Oop [96]=Derived_oop_[88] [104]=Oop }
                      ;*new {reexecute=0 rethrow=0 return_oop=1}
                      ; - java.lang.StringLatin1::newString@7
                      ; - java.lang.String::substring@41
                      ; - java.lang.ClassLoader::checkCerts@21
                      ; - java.lang.ClassLoader::preDefineClass@113
                      ; - java.lang.ClassLoader::defineClass@4
  0x00000189e8485ccc: 30de 9efe 

  0x00000189e8485cd0: ;   {other}
  0x00000189e8485cd0: 0f1f 8400 | 4022 0020 | 4c8b f54c | 8b54 2420 | 4c89 5424 | 28c5 fa10 | 4c24 4844 | 8b5c 244c 
  0x00000189e8485cf0: 4c8b 4424 | 5848 8b4c | 2460 488b | 5c24 6844 | 8b54 2454 | 4489 5424 | 4844 8b54 | 2470 488b 
  0x00000189e8485d10: f04c 8be9 | e918 e5ff | ff48 89bc | 2480 0000 | 004c 894c | 2478 4889 | 7424 7044 | 8954 2468 
  0x00000189e8485d30: 448b 5c24 | 4844 895c | 244c 4889 | 5c24 6048 | 8954 2458 | 4c89 4424 | 5044 8b9c | 2488 0000 
  0x00000189e8485d50: 0044 895c | 2448 4c89 

  0x00000189e8485d58: ;   {metadata({type array byte})}
  0x00000189e8485d58: 7424 2048 | ba18 2300 | 8089 0100 | 0045 8bc2 

  0x00000189e8485d68: ;   {runtime_call _new_array_nozero_Java}
  0x00000189e8485d68: c5f8 77e8 

  0x00000189e8485d6c: ; ImmutableOopMap {[32]=Oop [40]=Oop [48]=Oop [64]=Oop [76]=NarrowOop [80]=Oop [88]=Derived_oop_[80] [96]=Oop [112]=Oop }
                      ;*newarray {reexecute=0 rethrow=0 return_oop=1}
                      ; - java.util.Arrays::copyOfRangeByte@10
                      ; - java.util.Arrays::copyOfRange@13
                      ; - java.lang.StringLatin1::newString@16
                      ; - java.lang.String::substring@41
                      ; - java.lang.ClassLoader::checkCerts@21
                      ; - java.lang.ClassLoader::preDefineClass@113
                      ; - java.lang.ClassLoader::defineClass@4
  0x00000189e8485d6c: 90f7 9efe 

  0x00000189e8485d70: ;   {other}
  0x00000189e8485d70: 0f1f 8400 | e022 0021 | 4c8b 7424 | 2044 8b54 | 2448 4489 | 9424 8800 | 0000 488b | 5424 5848 
  0x00000189e8485d90: 8b5c 2460 | 448b 5424 | 4c44 8954 | 2448 448b | 5424 6848 | 8b74 2470 | 4c8b 4c24 | 7848 8bbc 
  0x00000189e8485db0: 2480 0000 | 004c 8be8 | e9a6 e5ff | ff44 894c | 2438 4c89 | 5c24 304c | 8b54 2420 | 4c89 5424 
  0x00000189e8485dd0: 284c 8b54 | 2440 4c89 | 5424 2049 

  0x00000189e8485ddc: ;   {metadata('java/lang/NamedPackage')}
  0x00000189e8485ddc: 8bed 48ba | e8c0 0180 | 8901 0000 

  0x00000189e8485de8: ;   {runtime_call _new_instance_Java}
  0x00000189e8485de8: c5f8 77e8 

  0x00000189e8485dec: ; ImmutableOopMap {rbp=Oop [32]=Oop [40]=Oop [48]=Oop [56]=NarrowOop }
                      ;*new {reexecute=0 rethrow=0 return_oop=1}
                      ; - java.lang.ClassLoader::getNamedPackage@16
                      ; - java.lang.ClassLoader::postDefineClass@9
                      ; - java.lang.ClassLoader::defineClass@37
  0x00000189e8485dec: 10dd 9efe 

  0x00000189e8485df0: ;   {other}
  0x00000189e8485df0: 0f1f 8400 | 6023 0022 | 4c8b ed4c | 8b54 2420 | 4c89 5424 | 404c 8b54 | 2428 4c89 | 5424 204c 
  0x00000189e8485e10: 8b5c 2430 | 448b 4c24 | 38e9 eced | ffff 4c8b | 6c24 204c | 8b54 2428 | 4c89 5424 | 4048 896c 
  0x00000189e8485e30: 2420 4c8b | 5c24 3844 | 8b4c 2448 | e989 edff | ff44 894c | 2438 894c | 2434 895c | 2430 488b 
  0x00000189e8485e50: ;   {metadata('java/lang/String')}
  0x00000189e8485e50: 6c24 4048 | ba78 e800 | 8089 0100 | 0066 6690 

  0x00000189e8485e60: ;   {runtime_call _new_instance_Java}
  0x00000189e8485e60: c5f8 77e8 

  0x00000189e8485e64: ; ImmutableOopMap {rbp=Oop [32]=Oop [40]=Oop [48]=NarrowOop [144]=Oop }
                      ;*new {reexecute=0 rethrow=0 return_oop=1}
                      ; - java.lang.StringLatin1::newString@7
                      ; - java.lang.String::substring@41
                      ; - java.lang.Class::getPackageName@62
                      ; - java.lang.ClassLoader::postDefineClass@2
                      ; - java.lang.ClassLoader::defineClass@37
  0x00000189e8485e64: 98dc 9efe 

  0x00000189e8485e68: ;   {other}
  0x00000189e8485e68: 0f1f 8400 | d823 0023 | 4889 6c24 | 408b 5c24 | 308b 4c24 | 3444 8b4c | 2438 488b | f0e9 95e7 
  0x00000189e8485e88: ffff bae4 | ffff ff44 | 8954 2420 | 448b 5c24 | 3844 895c | 2424 448b | 5424 3c44 | 8954 2438 
  0x00000189e8485ea8: 4889 5c24 | 584c 8974 | 2460 448b | 5c24 4844 | 895c 243c | c5fa 114c | 244c 6690 

  0x00000189e8485ec4: ;   {runtime_call UncommonTrapBlob}
  0x00000189e8485ec4: c5f8 77e8 

  0x00000189e8485ec8: ; ImmutableOopMap {[40]=Oop [48]=Oop [60]=NarrowOop [64]=Oop [76]=NarrowOop [88]=Oop [96]=Oop }
                      ;*baload {reexecute=0 rethrow=0 return_oop=0}
                      ; - java.lang.StringLatin1::lastIndexOf@24
                      ; - java.lang.String::lastIndexOf@13
                      ; - java.lang.String::lastIndexOf@8
                      ; - java.lang.ClassLoader::checkCerts@3
                      ; - java.lang.ClassLoader::preDefineClass@113
                      ; - java.lang.ClassLoader::defineClass@4
  0x00000189e8485ec8: b4e4 92fe 

  0x00000189e8485ecc: ;   {other}
  0x00000189e8485ecc: 0f1f 8400 | 3c24 0024 | 448b 4c24 | 38e9 4ced | ffff 4c89 | 5424 7848 | 8974 2470 | 448b 4c24 
  0x00000189e8485eec: 4844 894c | 2468 4889 | 5c24 604c | 896c 2458 | 4c89 4424 | 5044 8b94 | 2488 0000 | 0044 8954 
  0x00000189e8485f0c: 244c c5fa | 114c 2448 | 4c8b 5424 | 284c 8954 | 2420 498b 

  0x00000189e8485f20: ;   {metadata({type array byte})}
  0x00000189e8485f20: ee48 ba18 | 2300 8089 | 0100 0045 | 8bc3 6690 

  0x00000189e8485f30: ;   {runtime_call _new_array_nozero_Java}
  0x00000189e8485f30: c5f8 77e8 

  0x00000189e8485f34: ; ImmutableOopMap {rbp=Oop [32]=Oop [48]=Oop [64]=Oop [72]=NarrowOop [80]=Oop [88]=Derived_oop_[80] [96]=Oop [104]=NarrowOop [112]=Oop }
                      ;*invokevirtual clone {reexecute=1 rethrow=0 return_oop=1}
                      ; - (reexecute) java.util.Arrays::copyOfRange@18
                      ; - java.lang.StringLatin1::newString@16
                      ; - java.lang.String::substring@41
                      ; - java.lang.ClassLoader::checkCerts@21
                      ; - java.lang.ClassLoader::preDefineClass@113
                      ; - java.lang.ClassLoader::defineClass@4
  0x00000189e8485f34: c8f5 9efe 

  0x00000189e8485f38: ;   {other}
  0x00000189e8485f38: 0f1f 8400 | a824 0025 | 4c8b f54c | 8b54 2420 | 4c89 5424 | 2844 8b54 | 244c 4489 | 9424 8800 
  0x00000189e8485f58: 0000 4c8b | 6c24 5848 | 8b5c 2460 | 448b 5c24 | 6844 895c | 2448 488b | 7424 704c | 8b54 2478 
  0x00000189e8485f78: 488b f8e9 | 1ae3 ffff | 4889 7c24 | 684c 895c | 2460 4c89 | 5424 5048 | 8974 2448 | 4489 4c24 
  0x00000189e8485f98: 384c 8b54 | 2420 4c89 | 5424 304c | 8b54 2440 | 4c89 5424 

  0x00000189e8485fac: ;   {metadata({type array byte})}
  0x00000189e8485fac: 2048 ba18 | 2300 8089 | 0100 0045 | 8bc1 6690 

  0x00000189e8485fbc: ;   {runtime_call _new_array_nozero_Java}
  0x00000189e8485fbc: c5f8 77e8 

  0x00000189e8485fc0: ; ImmutableOopMap {[32]=Oop [40]=Oop [48]=Oop [72]=Oop [144]=Oop [80]=Derived_oop_[144] }
                      ;*newarray {reexecute=0 rethrow=0 return_oop=1}
                      ; - java.util.Arrays::copyOfRangeByte@10
                      ; - java.util.Arrays::copyOfRange@13
                      ; - java.lang.StringLatin1::newString@16
                      ; - java.lang.String::substring@41
                      ; - java.lang.Class::getPackageName@62
                      ; - java.lang.ClassLoader::postDefineClass@2
                      ; - java.lang.ClassLoader::defineClass@37
  0x00000189e8485fc0: 3cf5 9efe 

  0x00000189e8485fc4: ;   {other}
  0x00000189e8485fc4: 0f1f 8400 | 3425 0026 | 4c8b 5424 | 204c 8954 | 2440 4c8b | 5424 304c | 8954 2420 | 448b 4c24 
  0x00000189e8485fe4: 3848 8b74 | 2448 4c8b | 5424 504c | 8b5c 2460 | 488b 7c24 | 6848 8bd8 | e94e e7ff | ffba e4ff 
  0x00000189e8486004: ffff 488b | 6c24 204c | 8b54 2440 | 4c89 5424 | 384c 8944 | 2448 895c | 2458 4489 | 4c24 5c90 
  0x00000189e8486024: ;   {runtime_call UncommonTrapBlob}
  0x00000189e8486024: c5f8 77e8 

  0x00000189e8486028: ; ImmutableOopMap {rbp=Oop [40]=Oop [56]=Oop [72]=Oop [88]=NarrowOop }
                      ;*baload {reexecute=0 rethrow=0 return_oop=0}
                      ; - java.lang.StringLatin1::lastIndexOf@24
                      ; - java.lang.String::lastIndexOf@13
                      ; - java.lang.String::lastIndexOf@8
                      ; - java.lang.Class::getPackageName@47
                      ; - java.lang.ClassLoader::postDefineClass@2
                      ; - java.lang.ClassLoader::defineClass@37
  0x00000189e8486028: 54e3 92fe 

  0x00000189e848602c: ;   {other}
  0x00000189e848602c: 0f1f 8400 | 9c25 0027 | 4c89 4c24 | 504c 8954 | 2448 4889 | 7424 3889 | 5c24 3048 | 8b6c 2440 
  0x00000189e848604c: ;   {metadata({type array byte})}
  0x00000189e848604c: 48ba 1823 | 0080 8901 | 0000 448b | c166 6690 

  0x00000189e848605c: ;   {runtime_call _new_array_nozero_Java}
  0x00000189e848605c: c5f8 77e8 

  0x00000189e8486060: ; ImmutableOopMap {rbp=Oop [32]=Oop [40]=Oop [48]=NarrowOop [56]=Oop [144]=Oop [72]=Derived_oop_[144] }
                      ;*invokevirtual clone {reexecute=1 rethrow=0 return_oop=1}
                      ; - (reexecute) java.util.Arrays::copyOfRange@18
                      ; - java.lang.StringLatin1::newString@16
                      ; - java.lang.String::substring@41
                      ; - java.lang.Class::getPackageName@62
                      ; - java.lang.ClassLoader::postDefineClass@2
                      ; - java.lang.ClassLoader::defineClass@37
  0x00000189e8486060: 9cf4 9efe 

  0x00000189e8486064: ;   {other}
  0x00000189e8486064: 0f1f 8400 | d425 0028 | 4889 6c24 | 4048 8b74 | 2438 4c8b | 5424 484c | 8b4c 2450 | 488b f8e9 
  0x00000189e8486084: 05e6 ffff | baf6 ffff | ff48 8bef | 4c89 5424 | 2066 6690 

  0x00000189e8486098: ;   {runtime_call UncommonTrapBlob}
  0x00000189e8486098: c5f8 77e8 

  0x00000189e848609c: ; ImmutableOopMap {rbp=Oop [32]=Oop }
                      ;*invokevirtual putIfAbsent {reexecute=0 rethrow=0 return_oop=0}
                      ; - java.lang.ClassLoader::checkCerts@62
                      ; - java.lang.ClassLoader::preDefineClass@113
                      ; - java.lang.ClassLoader::defineClass@4
  0x00000189e848609c: e0e2 92fe 

  0x00000189e84860a0: ;   {other}
  0x00000189e84860a0: 0f1f 8400 | 1026 0029 | baf6 ffff | ff66 6690 

  0x00000189e84860b0: ;   {runtime_call UncommonTrapBlob}
  0x00000189e84860b0: c5f8 77e8 

  0x00000189e84860b4: ; ImmutableOopMap {rbp=NarrowOop }
                      ;*invokevirtual toExternalForm {reexecute=0 rethrow=0 return_oop=0}
                      ; - java.net.URL::toExternalForm@5
                      ; - java.net.URL::toString@1
                      ; - java.lang.ClassLoader::defineClassSourceLocation@22
                      ; - java.lang.ClassLoader::defineClass@12
  0x00000189e84860b4: c8e2 92fe 

  0x00000189e84860b8: ;   {other}
  0x00000189e84860b8: 0f1f 8400 | 2826 002a | baf6 ffff | ff48 8beb 

  0x00000189e84860c8: ;   {runtime_call UncommonTrapBlob}
  0x00000189e84860c8: c5f8 77e8 

  0x00000189e84860cc: ; ImmutableOopMap {rbp=Oop }
                      ;*invokevirtual get {reexecute=0 rethrow=0 return_oop=0}
                      ; - java.lang.ClassLoader::getNamedPackage@5
                      ; - java.lang.ClassLoader::postDefineClass@9
                      ; - java.lang.ClassLoader::defineClass@37
  0x00000189e84860cc: b0e2 92fe 

  0x00000189e84860d0: ;   {other}
  0x00000189e84860d0: 0f1f 8400 | 4026 002b | ba45 ffff | ff48 8b6c | 2428 4c89 | 4424 4890 

  0x00000189e84860e8: ;   {runtime_call UncommonTrapBlob}
  0x00000189e84860e8: c5f8 77e8 

  0x00000189e84860ec: ; ImmutableOopMap {rbp=Oop [48]=Oop [64]=Oop [72]=Oop }
                      ;*ifeq {reexecute=1 rethrow=0 return_oop=0}
                      ; - (reexecute) java.lang.ClassLoader::checkName@8
                      ; - java.lang.ClassLoader::preDefineClass@1
                      ; - java.lang.ClassLoader::defineClass@4
  0x00000189e84860ec: 90e2 92fe 

  0x00000189e84860f0: ;   {other}
  0x00000189e84860f0: 0f1f 8400 | 6026 002c | bace ffff | ff48 8b6c | 2428 4c89 | 7424 484c | 8974 2450 | 894c 2458 
  0x00000189e8486110: 4489 5424 | 5c66 6690 

  0x00000189e8486118: ;   {runtime_call UncommonTrapBlob}
  0x00000189e8486118: c5f8 77e8 

  0x00000189e848611c: ; ImmutableOopMap {rbp=Oop [48]=Oop [64]=Oop [72]=Oop [80]=Oop [88]=NarrowOop }
                      ;*invokestatic indexOfChar {reexecute=0 rethrow=0 return_oop=0}
                      ; - java.lang.StringLatin1::indexOf@33
                      ; - java.lang.String::indexOf@17
                      ; - java.lang.String::indexOf@3
                      ; - java.lang.ClassLoader::checkName@16
                      ; - java.lang.ClassLoader::preDefineClass@1
                      ; - java.lang.ClassLoader::defineClass@4
  0x00000189e848611c: 60e2 92fe 

  0x00000189e8486120: ;   {other}
  0x00000189e8486120: 0f1f 8400 | 9026 002d | bade ffff | ff66 6690 

  0x00000189e8486130: ;   {runtime_call UncommonTrapBlob}
  0x00000189e8486130: c5f8 77e8 

  0x00000189e8486134: ; ImmutableOopMap {rbp=NarrowOop }
                      ;*checkcast {reexecute=0 rethrow=0 return_oop=0}
                      ; - java.lang.ClassLoader::getNamedPackage@8
                      ; - java.lang.ClassLoader::postDefineClass@9
                      ; - java.lang.ClassLoader::defineClass@37
  0x00000189e8486134: 48e2 92fe 

  0x00000189e8486138: ;   {other}
  0x00000189e8486138: 0f1f 8400 | a826 002e | 4d63 cae9 | 97e1 ffff | 4983 c1fe | 498b c949 | 8bfb 4833 | c048 83f9 
  0x00000189e8486158: 087f 1048 | ffc9 784f | 4889 04cf | 48ff c97d | f7eb 44c5 | fdef c0e9 | 0d00 0000 | c5fe 7f07 
  0x00000189e8486178: c5fe 7f47 | 2048 83c7 | 4048 83e9 | 087d ed48 | 83c1 047c | 0cc5 fe7f | 0748 83c7 | 2048 83e9 
  0x00000189e8486198: 0448 83c1 | 047e 1048 | ffc9 c5f9 | d607 4883 | c708 48ff | c97d f3e9 | f4e1 ffff | bacc ffff 
  0x00000189e84861b8: ff44 8954 | 2420 448b | 5c24 3844 | 895c 2424 | 448b 5424 | 3c44 8954 | 2438 4889 | 5c24 584c 
  0x00000189e84861d8: 8974 2460 | 448b 5424 | 4844 8954 | 243c 4889 | 7424 68c5 | fa11 4c24 | 7066 6690 

  0x00000189e84861f4: ;   {runtime_call UncommonTrapBlob}
  0x00000189e84861f4: c5f8 77e8 

  0x00000189e84861f8: ; ImmutableOopMap {[40]=Oop [48]=Oop [60]=NarrowOop [64]=Oop [88]=Oop [96]=Oop [104]=Oop [112]=NarrowOop }
                      ;*newarray {reexecute=1 rethrow=0 return_oop=0}
                      ; - (reexecute) java.util.Arrays::copyOfRangeByte@10
                      ; - java.util.Arrays::copyOfRange@13
                      ; - java.lang.StringLatin1::newString@16
                      ; - java.lang.String::substring@41
                      ; - java.lang.ClassLoader::checkCerts@21
                      ; - java.lang.ClassLoader::preDefineClass@113
                      ; - java.lang.ClassLoader::defineClass@4
  0x00000189e84861f8: 84e1 92fe 

  0x00000189e84861fc: ;   {other}
  0x00000189e84861fc: 0f1f 8400 | 6c27 002f | 4533 db45 | 85c0 410f | 94c3 ba45 | ffff ff48 | 8b6c 2428 | 4c89 7424 
  0x00000189e848621c: 484c 8974 | 2450 4489 | 5c24 6090 

  0x00000189e8486228: ;   {runtime_call UncommonTrapBlob}
  0x00000189e8486228: c5f8 77e8 

  0x00000189e848622c: ; ImmutableOopMap {rbp=Oop [48]=Oop [64]=Oop [72]=Oop [80]=Oop }
                      ;*ifeq {reexecute=1 rethrow=0 return_oop=0}
                      ; - (reexecute) java.lang.String::indexOf@4
                      ; - java.lang.String::indexOf@3
                      ; - java.lang.ClassLoader::checkName@16
                      ; - java.lang.ClassLoader::preDefineClass@1
                      ; - java.lang.ClassLoader::defineClass@4
  0x00000189e848622c: 50e1 92fe 

  0x00000189e8486230: ;   {other}
  0x00000189e8486230: 0f1f 8400 | a027 0030 | ba45 ffff | ff44 8954 | 2420 4489 | 5424 2448 | 895c 2458 | 4c89 7424 
  0x00000189e8486250: 604c 8974 | 2468 4489 | 4c24 7090 

  0x00000189e848625c: ;   {runtime_call UncommonTrapBlob}
  0x00000189e848625c: c5f8 77e8 

  0x00000189e8486260: ; ImmutableOopMap {[40]=Oop [48]=Oop [64]=Oop [72]=NarrowOop [88]=Oop [96]=Oop [104]=Oop }
                      ;*if_icmpgt {reexecute=1 rethrow=0 return_oop=0}
                      ; - (reexecute) jdk.internal.util.Preconditions::checkFromToIndex@6
                      ; - java.lang.String::checkBoundsBeginEnd@6
                      ; - java.lang.String::substring@8
                      ; - java.lang.ClassLoader::checkCerts@21
                      ; - java.lang.ClassLoader::preDefineClass@113
                      ; - java.lang.ClassLoader::defineClass@4
  0x00000189e8486260: 1ce1 92fe 

  0x00000189e8486264: ;   {other}
  0x00000189e8486264: 0f1f 8400 | d427 0031 | ba45 ffff | ff48 8b6c | 2428 4c89 | 7424 4889 | 5c24 5090 

  0x00000189e8486280: ;   {runtime_call UncommonTrapBlob}
  0x00000189e8486280: c5f8 77e8 

  0x00000189e8486284: ; ImmutableOopMap {rbp=Oop [48]=Oop [64]=Oop [72]=Oop }
                      ;*if_icmpne {reexecute=1 rethrow=0 return_oop=0}
                      ; - (reexecute) java.lang.ClassLoader::checkName@20
                      ; - java.lang.ClassLoader::preDefineClass@1
                      ; - java.lang.ClassLoader::defineClass@4
  0x00000189e8486284: f8e0 92fe 

  0x00000189e8486288: ;   {other}
  0x00000189e8486288: 0f1f 8400 | f827 0032 | ba45 ffff | ff4c 8974 | 2450 6690 

  0x00000189e848629c: ;   {runtime_call UncommonTrapBlob}
  0x00000189e848629c: c5f8 77e8 

  0x00000189e84862a0: ; ImmutableOopMap {[40]=Oop [48]=Oop [64]=Oop [80]=Oop }
                      ;*if_icmpne {reexecute=1 rethrow=0 return_oop=0}
                      ; - (reexecute) java.lang.ClassLoader::checkName@30
                      ; - java.lang.ClassLoader::preDefineClass@1
                      ; - java.lang.ClassLoader::defineClass@4
  0x00000189e84862a0: dce0 92fe 

  0x00000189e84862a4: ;   {other}
  0x00000189e84862a4: 0f1f 8400 | 1428 0033 | ba45 ffff | ff44 8954 | 2420 4489 | 5424 2448 | 895c 2458 | 4c89 7424 
  0x00000189e84862c4: 604c 8974 | 2468 4489 | 4c24 7044 | 894c 2474 

  0x00000189e84862d4: ;   {runtime_call UncommonTrapBlob}
  0x00000189e84862d4: c5f8 77e8 

  0x00000189e84862d8: ; ImmutableOopMap {[40]=Oop [48]=Oop [64]=Oop [72]=NarrowOop [88]=Oop [96]=Oop [104]=Oop }
                      ;*if_icmple {reexecute=1 rethrow=0 return_oop=0}
                      ; - (reexecute) jdk.internal.util.Preconditions::checkFromToIndex@11
                      ; - java.lang.String::checkBoundsBeginEnd@6
                      ; - java.lang.String::substring@8
                      ; - java.lang.ClassLoader::checkCerts@21
                      ; - java.lang.ClassLoader::preDefineClass@113
                      ; - java.lang.ClassLoader::defineClass@4
  0x00000189e84862d8: a4e0 92fe 

  0x00000189e84862dc: ;   {other}
  0x00000189e84862dc: 0f1f 8400 | 4c28 0034 | ba45 ffff | ff48 8b6c | 2428 4c8b | 5424 304c | 8954 2428 | 448b 5424 
  0x00000189e84862fc: 3844 8954 | 2430 448b | 5c24 3c44 | 895c 2434 | 4c8b 5424 | 404c 8954 | 2438 897c | 2448 6690 
  0x00000189e848631c: ;   {runtime_call UncommonTrapBlob}
  0x00000189e848631c: c5f8 77e8 

  0x00000189e8486320: ; ImmutableOopMap {rbp=Oop [32]=Oop [40]=Oop [56]=Oop }
                      ;*ifne {reexecute=1 rethrow=0 return_oop=0}
                      ; - (reexecute) java.lang.ClassLoader::compareCerts@7
                      ; - java.lang.ClassLoader::checkCerts@80
                      ; - java.lang.ClassLoader::preDefineClass@113
                      ; - java.lang.ClassLoader::defineClass@4
  0x00000189e8486320: 5ce0 92fe 

  0x00000189e8486324: ;   {other}
  0x00000189e8486324: 0f1f 8400 | 9428 0035 | ba45 ffff | ff4c 8b54 | 2440 4c89 | 5424 384c | 896c 2440 | 4c89 5c24 
  0x00000189e8486344: 4844 894c | 2450 6690 

  0x00000189e848634c: ;   {runtime_call UncommonTrapBlob}
  0x00000189e848634c: c5f8 77e8 

  0x00000189e8486350: ; ImmutableOopMap {[32]=Oop [56]=Oop [64]=Oop [72]=Oop [80]=NarrowOop }
                      ;*ifle {reexecute=1 rethrow=0 return_oop=0}
                      ; - (reexecute) java.util.concurrent.ConcurrentHashMap::get@23
                      ; - java.lang.ClassLoader::getNamedPackage@5
                      ; - java.lang.ClassLoader::postDefineClass@9
                      ; - java.lang.ClassLoader::defineClass@37
  0x00000189e8486350: 2ce0 92fe 

  0x00000189e8486354: ;   {other}
  0x00000189e8486354: 0f1f 8400 | c428 0036 | baf6 ffff | ff48 8974 | 2420 6690 

  0x00000189e8486368: ;   {runtime_call UncommonTrapBlob}
  0x00000189e8486368: c5f8 77e8 

  0x00000189e848636c: ; ImmutableOopMap {[32]=Oop [48]=Oop }
                      ;*invokevirtual putIfAbsent {reexecute=0 rethrow=0 return_oop=0}
                      ; - java.lang.ClassLoader::getNamedPackage@32
                      ; - java.lang.ClassLoader::postDefineClass@9
                      ; - java.lang.ClassLoader::defineClass@37
  0x00000189e848636c: 10e0 92fe 

  0x00000189e8486370: ;   {other}
  0x00000189e8486370: 0f1f 8400 | e028 0037 | bade ffff | ff48 8be8 

  0x00000189e8486380: ;   {runtime_call UncommonTrapBlob}
  0x00000189e8486380: c5f8 77e8 

  0x00000189e8486384: ; ImmutableOopMap {rbp=Oop }
                      ;*checkcast {reexecute=0 rethrow=0 return_oop=0}
                      ; - java.lang.ClassLoader::getNamedPackage@35
                      ; - java.lang.ClassLoader::postDefineClass@9
                      ; - java.lang.ClassLoader::defineClass@37
  0x00000189e8486384: f8df 92fe 

  0x00000189e8486388: ;   {other}
  0x00000189e8486388: 0f1f 8400 | f828 0038 | ba45 ffff | ff4c 8b54 | 2440 4c89 | 5424 3848 | 8944 2440 

  0x00000189e84863a4: ;   {runtime_call UncommonTrapBlob}
  0x00000189e84863a4: c5f8 77e8 

  0x00000189e84863a8: ; ImmutableOopMap {[32]=Oop [40]=Oop [56]=Oop [64]=Oop }
                      ;*ifeq {reexecute=1 rethrow=0 return_oop=0}
                      ; - (reexecute) java.lang.Class::getPackageName@13
                      ; - java.lang.ClassLoader::postDefineClass@2
                      ; - java.lang.ClassLoader::defineClass@37
  0x00000189e84863a8: d4df 92fe 

  0x00000189e84863ac: ;   {other}
  0x00000189e84863ac: 0f1f 8400 | 1c29 0039 | 4c8b 6c24 | 204c 8b54 | 2428 4c89 | 5424 404c | 8b54 2430 | 4c89 5424 
  0x00000189e84863cc: 204c 8b5c | 2438 448b | 4c24 48e9 | eee7 ffff | 498b d7c5 | f877 49ba | 60a3 1c2a | fe7f 0000 
  0x00000189e84863ec: ;   {other}
  0x00000189e84863ec: 41ff d20f | 1f84 0000 | 0000 00e9 | b7df ffff | 498b d7c5 | f877 49ba | 60a3 1c2a | fe7f 0000 
  0x00000189e848640c: ;   {other}
  0x00000189e848640c: 41ff d20f | 1f84 0000 | 0000 00e9 | 3fe8 ffff | 498b d7c5 | f877 49ba | 60a3 1c2a | fe7f 0000 
  0x00000189e848642c: ;   {other}
  0x00000189e848642c: 41ff d20f | 1f84 0000 | 0000 00e9 | 62e8 ffff | 4d63 d9e9 | 8ee2 ffff | 4983 c3fe | 498b cb48 
  0x00000189e848644c: 8bfa 4833 | c048 83f9 | 087f 1048 | ffc9 784f | 4889 04cf | 48ff c97d | f7eb 44c5 | fdef c0e9 
  0x00000189e848646c: 0d00 0000 | c5fe 7f07 | c5fe 7f47 | 2048 83c7 | 4048 83e9 | 087d ed48 | 83c1 047c | 0cc5 fe7f 
  0x00000189e848648c: 0748 83c7 | 2048 83e9 | 0448 83c1 | 047e 1048 | ffc9 c5f9 | d607 4883 | c708 48ff | c97d f3e9 
  0x00000189e84864ac: e1e2 ffff | bacc ffff | ff48 8b6c | 2420 4c8b | 5424 404c | 8954 2438 | 4889 7424 | 5089 5c24 
  0x00000189e84864cc: 5844 894c | 2460 6690 

  0x00000189e84864d4: ;   {runtime_call UncommonTrapBlob}
  0x00000189e84864d4: c5f8 77e8 

  0x00000189e84864d8: ; ImmutableOopMap {rbp=Oop [40]=Oop [56]=Oop [80]=Oop [88]=NarrowOop }
                      ;*newarray {reexecute=1 rethrow=0 return_oop=0}
                      ; - (reexecute) java.util.Arrays::copyOfRangeByte@10
                      ; - java.util.Arrays::copyOfRange@13
                      ; - java.lang.StringLatin1::newString@16
                      ; - java.lang.String::substring@41
                      ; - java.lang.Class::getPackageName@62
                      ; - java.lang.ClassLoader::postDefineClass@2
                      ; - java.lang.ClassLoader::defineClass@37
  0x00000189e84864d8: a4de 92fe 

  0x00000189e84864dc: ;   {other}
  0x00000189e84864dc: 0f1f 8400 | 4c2a 003a | 4585 c944 | 8b9c 2488 | 0000 0041 | 0f94 c3ba | 45ff ffff | 488b 6c24 
  0x00000189e84864fc: 204c 8b4c | 2440 4c89 | 4c24 384c | 8944 2450 | 4489 5424 | 5844 895c | 245c 6690 

  0x00000189e8486518: ;   {runtime_call UncommonTrapBlob}
  0x00000189e8486518: c5f8 77e8 

  0x00000189e848651c: ; ImmutableOopMap {rbp=Oop [40]=Oop [56]=Oop [80]=Oop }
                      ;*ifeq {reexecute=1 rethrow=0 return_oop=0}
                      ; - (reexecute) java.lang.String::lastIndexOf@4
                      ; - java.lang.String::lastIndexOf@8
                      ; - java.lang.Class::getPackageName@47
                      ; - java.lang.ClassLoader::postDefineClass@2
                      ; - java.lang.ClassLoader::defineClass@37
  0x00000189e848651c: 60de 92fe 

  0x00000189e8486520: ;   {other}
  0x00000189e8486520: 0f1f 8400 | 902a 003b | 498b d7c5 | f877 49ba | 60a3 1c2a | fe7f 0000 

  0x00000189e8486538: ;   {other}
  0x00000189e8486538: 41ff d20f | 1f84 0000 | 0000 00e9 | b0e2 ffff | ba45 ffff | ff48 8b6c | 2420 4c8b | 5424 404c 
  0x00000189e8486558: 8954 2438 | 4c89 4424 | 4844 894c | 2458 4489 | 5c24 5c44 | 894c 2460 

  0x00000189e8486570: ;   {runtime_call UncommonTrapBlob}
  0x00000189e8486570: c5f8 77e8 

  0x00000189e8486574: ; ImmutableOopMap {rbp=Oop [40]=Oop [56]=Oop [72]=Oop }
                      ;*if_icmpgt {reexecute=1 rethrow=0 return_oop=0}
                      ; - (reexecute) jdk.internal.util.Preconditions::checkFromToIndex@6
                      ; - java.lang.String::checkBoundsBeginEnd@6
                      ; - java.lang.String::substring@8
                      ; - java.lang.Class::getPackageName@62
                      ; - java.lang.ClassLoader::postDefineClass@2
                      ; - java.lang.ClassLoader::defineClass@37
  0x00000189e8486574: 08de 92fe 

  0x00000189e8486578: ;   {other}
  0x00000189e8486578: 0f1f 8400 | e82a 003c | bae4 ffff | ff48 8b6c | 2428 4c89 | 7424 48c5 | fa11 4c24 | 5466 6690 
  0x00000189e8486598: ;   {runtime_call UncommonTrapBlob}
  0x00000189e8486598: c5f8 77e8 

  0x00000189e848659c: ; ImmutableOopMap {rbp=Oop [48]=Oop [64]=Oop [72]=Oop [84]=NarrowOop }
                      ;*baload {reexecute=0 rethrow=0 return_oop=0}
                      ; - jdk.internal.util.ArraysSupport::mismatch@82
                      ; - java.lang.String::startsWith@70
                      ; - java.lang.String::startsWith@3
                      ; - java.lang.ClassLoader::preDefineClass@43
                      ; - java.lang.ClassLoader::defineClass@4
  0x00000189e848659c: e0dd 92fe 

  0x00000189e84865a0: ;   {other}
  0x00000189e84865a0: 0f1f 8400 | 102b 003d | ba45 ffff | ff48 8b6c | 2420 4c8b | 5424 404c | 8954 2438 | 4c89 4424 
  0x00000189e84865c0: 4844 894c | 2458 4489 | 5c24 5c44 | 894c 2460 | 4489 5c24 | 6466 6690 

  0x00000189e84865d8: ;   {runtime_call UncommonTrapBlob}
  0x00000189e84865d8: c5f8 77e8 

  0x00000189e84865dc: ; ImmutableOopMap {rbp=Oop [40]=Oop [56]=Oop [72]=Oop }
                      ;*if_icmple {reexecute=1 rethrow=0 return_oop=0}
                      ; - (reexecute) jdk.internal.util.Preconditions::checkFromToIndex@11
                      ; - java.lang.String::checkBoundsBeginEnd@6
                      ; - java.lang.String::substring@8
                      ; - java.lang.Class::getPackageName@62
                      ; - java.lang.ClassLoader::postDefineClass@2
                      ; - java.lang.ClassLoader::defineClass@37
  0x00000189e84865dc: a0dd 92fe 

  0x00000189e84865e0: ;   {other}
  0x00000189e84865e0: 0f1f 8400 | 502b 003e | 8b7c 2448 | 448b 5f14 | 4585 db0f | 84d2 ebff | ff4d 8b57 | 2849 8bcb 
  0x00000189e8486600: 4d85 d20f | 84eb 0600 | 004d 8b5f | 384b 894c | 13f8 4983 | c2f8 4d89 | 5728 e9ac | ebff ff4d 
  0x00000189e8486620: 8b57 484d | 8b5f 58f0 | 8344 24c0 | 0080 3900 | 7432 4488 | 214d 85d2 | 740f 4b89 | 4c13 f849 
  0x00000189e8486640: 83c2 f84d | 8957 48eb | 1b49 8bd7 | c5f8 7749 | ba40 a31c | 2afe 7f00 | 0041 ffd2 

  0x00000189e848665c: ;   {other}
  0x00000189e848665c: 0f1f 8400 | 0000 0000 | 448b 5714 | 4585 d20f | 84c3 0600 | 0049 8bda | e98a ebff | ff49 8bd7 
  0x00000189e848667c: c5f8 7749 | ba60 a31c | 2afe 7f00 | 0041 ffd2 

  0x00000189e848668c: ;   {other}
  0x00000189e848668c: 0f1f 8400 | 0000 0000 | e903 e1ff | ffba 45ff | ffff 488b | 4c24 4048 | 894c 2438 | 4c89 6c24 
  0x00000189e84866ac: 4044 894c | 2450 4c89 | 5c24 5844 | 8944 2454 | 4489 5424 | 6089 5c24 | 6466 6690 

  0x00000189e84866c8: ;   {runtime_call UncommonTrapBlob}
  0x00000189e84866c8: c5f8 77e8 

  0x00000189e84866cc: ; ImmutableOopMap {[32]=Oop [56]=Oop [64]=Oop [80]=NarrowOop [84]=NarrowOop [88]=Oop }
                      ;*if_icmpne {reexecute=1 rethrow=0 return_oop=0}
                      ; - (reexecute) java.lang.String::equals@33
                      ; - java.util.concurrent.ConcurrentHashMap::get@73
                      ; - java.lang.ClassLoader::getNamedPackage@5
                      ; - java.lang.ClassLoader::postDefineClass@9
                      ; - java.lang.ClassLoader::defineClass@37
  0x00000189e84866cc: b0dc 92fe 

  0x00000189e84866d0: ;   {other}
  0x00000189e84866d0: 0f1f 8400 | 402c 003f | 8bfd 448b | 5514 4585 | d20f 8406 | f0ff ff4d | 8b5f 2849 | 8bca 4d85 
  0x00000189e84866f0: db0f 841d | 0600 004d | 8b57 384b | 894c 1af8 | 4983 c3f8 | 4d89 5f28 | e9e0 efff | ff4d 8b57 
  0x00000189e8486710: 484d 8b5f | 58f0 8344 | 24c0 0041 | 8038 0074 | 3545 8820 | 4d85 d274 | 0f4f 8944 | 13f8 4983 
  0x00000189e8486730: c2f8 4d89 | 5748 eb1e | 498b c849 | 8bd7 c5f8 | 7749 ba40 | a31c 2afe | 7f00 0041 

  0x00000189e848674c: ;   {other}
  0x00000189e848674c: ffd2 0f1f | 8400 0000 | 0000 448b | 5f14 4585 | db0f 84e9 | 0500 004d | 8bd3 4c89 | 5424 38e9 
  0x00000189e848676c: b8ef ffff | 85c9 448b | 9424 8800 | 0000 410f | 94c2 ba45 | ffff ff48 | 8b4c 2440 | 4889 4c24 
  0x00000189e848678c: 3044 894c | 2448 4489 | 4424 4c48 | 895c 2450 | 4889 5c24 | 5844 8954 | 2460 6690 

  0x00000189e84867a8: ;   {runtime_call UncommonTrapBlob}
  0x00000189e84867a8: c5f8 77e8 

  0x00000189e84867ac: ; ImmutableOopMap {[32]=Oop [40]=Oop [48]=Oop [72]=NarrowOop [76]=NarrowOop [80]=Oop [88]=Oop }
                      ;*ifeq {reexecute=1 rethrow=0 return_oop=0}
                      ; - (reexecute) java.lang.String::hashCode@20
                      ; - java.util.concurrent.ConcurrentHashMap::get@1
                      ; - java.lang.ClassLoader::getNamedPackage@5
                      ; - java.lang.ClassLoader::postDefineClass@9
                      ; - java.lang.ClassLoader::defineClass@37
  0x00000189e84867ac: d0db 92fe 

  0x00000189e84867b0: ;   {other}
  0x00000189e84867b0: 0f1f 8400 | 202d 0040 | ba45 ffff | ff4c 8b44 | 2440 4c89 | 4424 384c | 896c 2440 | 4489 4c24 
  0x00000189e84867d0: 504c 895c | 2458 4889 | 7c24 6044 | 8954 2454 

  0x00000189e84867e0: ;   {runtime_call UncommonTrapBlob}
  0x00000189e84867e0: c5f8 77e8 

  0x00000189e84867e4: ; ImmutableOopMap {rbp=NarrowOop [32]=Oop [56]=Oop [64]=Oop [80]=NarrowOop [88]=Oop [96]=Oop }
                      ;*ifnull {reexecute=1 rethrow=0 return_oop=0}
                      ; - (reexecute) java.util.concurrent.ConcurrentHashMap::get@143
                      ; - java.lang.ClassLoader::getNamedPackage@5
                      ; - java.lang.ClassLoader::postDefineClass@9
                      ; - java.lang.ClassLoader::defineClass@37
  0x00000189e84867e4: 98db 92fe 

  0x00000189e84867e8: ;   {other}
  0x00000189e84867e8: 0f1f 8400 | 582d 0041 | 4c89 4c24 | 6044 8944 | 244c 4889 | 7c24 5848 | 895c 2450 | 4c89 7424 
  0x00000189e8486808: 2048 ba00 | 0000 8089 | 0100 0049 | 03d2 458b | c366 6690 

  0x00000189e848681c: ;   {runtime_call _new_array_Java}
  0x00000189e848681c: c5f8 77e8 

  0x00000189e8486820: ; ImmutableOopMap {rbp=Oop [32]=Oop [40]=Oop [48]=Oop [64]=Oop [76]=NarrowOop [80]=Oop [88]=Oop }
                      ;*invokevirtual clone {reexecute=1 rethrow=0 return_oop=1}
                      ; - (reexecute) java.security.CodeSource::getCertificates@11
                      ; - java.lang.ClassLoader::checkCerts@34
                      ; - java.lang.ClassLoader::preDefineClass@113
                      ; - java.lang.ClassLoader::defineClass@4
  0x00000189e8486820: 5c15 9ffe 

  0x00000189e8486824: ;   {other}
  0x00000189e8486824: 0f1f 8400 | 942d 0042 | 4c8b 7424 | 2048 8b5c | 2450 488b | 7c24 5844 | 8b44 244c | 4c8b 4c24 
  0x00000189e8486844: 6048 8bf0 | e9d4 e6ff | ff4c 8944 | 2438 894c | 2430 4c8b | 5c24 204c | 895c 2428 | 4c89 6c24 
  0x00000189e8486864: 2048 ba00 | 0000 8089 | 0100 0049 | 03d2 448b | c366 6690 

  0x00000189e8486878: ;   {runtime_call _new_array_Java}
  0x00000189e8486878: c5f8 77e8 

  0x00000189e848687c: ; ImmutableOopMap {rbp=Oop [32]=Oop [40]=Oop [48]=NarrowOop }
                      ;*invokevirtual clone {reexecute=1 rethrow=0 return_oop=1}
                      ; - (reexecute) java.security.CodeSource::getCertificates@11
                      ; - java.lang.ClassLoader::postDefineClass@24
                      ; - java.lang.ClassLoader::defineClass@37
  0x00000189e848687c: 0015 9ffe 

  0x00000189e8486880: ;   {other}
  0x00000189e8486880: 0f1f 8400 | f02d 0043 | 4c8b 5424 | 284c 8954 | 2420 8b4c | 2430 4c8b | 4424 38e9 | 90ec ffff 
  0x00000189e84868a0: ;   {metadata('java/lang/StringBuilder')}
  0x00000189e84868a0: 48ba 4080 | 0080 8901 | 0000 6690 

  0x00000189e84868ac: ;   {runtime_call _new_instance_Java}
  0x00000189e84868ac: c5f8 77e8 

  0x00000189e84868b0: ; ImmutableOopMap {[32]=Oop [40]=Oop [48]=Oop [56]=NarrowOop [64]=Oop [72]=Oop [80]=Oop [104]=Oop }
                      ;*new {reexecute=0 rethrow=0 return_oop=1}
                      ; - java.lang.NamedPackage::<init>@22
                      ; - java.lang.ClassLoader::getNamedPackage@22
                      ; - java.lang.ClassLoader::postDefineClass@9
                      ; - java.lang.ClassLoader::defineClass@37
  0x00000189e84868b0: 4cd2 9efe 

  0x00000189e84868b4: ;   {other}
  0x00000189e84868b4: 0f1f 8400 | 242e 0044 | e983 f0ff 

  0x00000189e84868c0: ;   {metadata('java/lang/InternalError')}
  0x00000189e84868c0: ff48 ba38 | 0701 8089 | 0100 0090 

  0x00000189e84868cc: ;   {runtime_call _new_instance_Java}
  0x00000189e84868cc: c5f8 77e8 

  0x00000189e84868d0: ; ImmutableOopMap {[32]=Oop [40]=Oop [48]=Oop [56]=NarrowOop [64]=Oop [72]=Oop [80]=Oop }
                      ;*new {reexecute=0 rethrow=0 return_oop=1}
                      ; - java.lang.NamedPackage::<init>@18
                      ; - java.lang.ClassLoader::getNamedPackage@22
                      ; - java.lang.ClassLoader::postDefineClass@9
                      ; - java.lang.ClassLoader::defineClass@37
  0x00000189e84868d0: 2cd2 9efe 

  0x00000189e84868d4: ;   {other}
  0x00000189e84868d4: 0f1f 8400 | 442e 0045 | e91b f0ff | ff48 894c | 2468 4489 | 5c24 6048 | 897c 2458 | 4489 4c24 
  0x00000189e84868f4: 4c48 895c | 2450 4c8b | 5424 284c | 8954 2420 

  0x00000189e8486904: ;   {metadata('java/util/ArrayList')}
  0x00000189e8486904: 498b ee48 | bad0 890b | 8089 0100 | 0066 6690 

  0x00000189e8486914: ;   {runtime_call _new_instance_Java}
  0x00000189e8486914: c5f8 77e8 

  0x00000189e8486918: ; ImmutableOopMap {rbp=Oop [32]=Oop [48]=Oop [64]=Oop [76]=NarrowOop [80]=Oop [88]=Oop [96]=NarrowOop [104]=Oop }
                      ;*new {reexecute=0 rethrow=0 return_oop=1}
                      ; - java.security.CodeSource::getCertificates@25
                      ; - java.lang.ClassLoader::checkCerts@34
                      ; - java.lang.ClassLoader::preDefineClass@113
                      ; - java.lang.ClassLoader::defineClass@4
  0x00000189e8486918: e4d1 9efe 

  0x00000189e848691c: ;   {other}
  0x00000189e848691c: 0f1f 8400 | 8c2e 0046 | 4c8b f54c | 8b54 2420 | 4c89 5424 | 2848 8b5c | 2450 448b | 5424 4c44 
  0x00000189e848693c: 8954 2448 | 488b 7c24 | 5844 8b5c | 2460 488b | 4c24 68e9 | 5ce6 ffff | 4c89 4c24 | 7848 894c 
  0x00000189e848695c: 2470 4889 | 7c24 684c | 8944 2460 | 4c89 5424 | 5848 895c | 2450 448b | 9424 8800 | 0000 4489 
  0x00000189e848697c: 5424 4c4c | 8b54 2428 | 4c89 5424 | 2049 8bee 

  0x00000189e848698c: ;   {metadata('java/security/cert/Certificate'[])}
  0x00000189e848698c: 48ba 2029 | 1080 8901 | 0000 448b | 8424 8800 | 0000 6690 

  0x00000189e84869a0: ;   {runtime_call _new_array_Java}
  0x00000189e84869a0: c5f8 77e8 

  0x00000189e84869a4: ; ImmutableOopMap {rbp=Oop [32]=Oop [48]=Oop [64]=Oop [72]=NarrowOop [80]=Oop [88]=Oop [104]=Oop [112]=Oop [120]=Oop }
                      ;*anewarray {reexecute=0 rethrow=0 return_oop=1}
                      ; - java.security.CodeSource::getCertificates@70
                      ; - java.lang.ClassLoader::checkCerts@34
                      ; - java.lang.ClassLoader::preDefineClass@113
                      ; - java.lang.ClassLoader::defineClass@4
  0x00000189e84869a4: d813 9ffe 

  0x00000189e84869a8: ;   {other}
  0x00000189e84869a8: 0f1f 8400 | 182f 0047 | e9da e7ff | ff4c 8944 | 2470 4889 | 5c24 2848 | ba00 0000 | 8089 0100 
  0x00000189e84869c8: 0049 03d2 | 458b c390 

  0x00000189e84869d0: ;   {runtime_call _new_array_Java}
  0x00000189e84869d0: c5f8 77e8 

  0x00000189e84869d4: ; ImmutableOopMap {rbp=Oop [32]=Oop [40]=Oop [48]=Oop [64]=Oop [80]=Oop [88]=Oop [104]=Oop }
                      ;*invokevirtual clone {reexecute=1 rethrow=0 return_oop=1}
                      ; - (reexecute) java.security.CodeSource::getCertificates@86
                      ; - java.lang.ClassLoader::checkCerts@34
                      ; - java.lang.ClassLoader::preDefineClass@113
                      ; - java.lang.ClassLoader::defineClass@4
  0x00000189e84869d4: a813 9ffe 

  0x00000189e84869d8: ;   {other}
  0x00000189e84869d8: 0f1f 8400 | 482f 0048 | 488b 5c24 | 284c 8b44 | 2470 488b | f0e9 7ae8 | ffff 4889 | 4c24 3044 
  0x00000189e84869f8: 8954 242c | 4489 4424 | 2849 8bed 

  0x00000189e8486a04: ;   {metadata('java/util/ArrayList')}
  0x00000189e8486a04: 48ba d089 | 0b80 8901 | 0000 6690 

  0x00000189e8486a10: ;   {runtime_call _new_instance_Java}
  0x00000189e8486a10: c5f8 77e8 

  0x00000189e8486a14: ; ImmutableOopMap {rbp=Oop [32]=Oop [40]=NarrowOop [44]=NarrowOop [48]=Oop }
                      ;*new {reexecute=0 rethrow=0 return_oop=1}
                      ; - java.security.CodeSource::getCertificates@25
                      ; - java.lang.ClassLoader::postDefineClass@24
                      ; - java.lang.ClassLoader::defineClass@37
  0x00000189e8486a14: e8d0 9efe 

  0x00000189e8486a18: ;   {other}
  0x00000189e8486a18: 0f1f 8400 | 882f 0049 | 4c8b ed44 | 8b44 2428 | 448b 5424 | 2c48 8b4c | 2430 e96f | ebff ff4c 
  0x00000189e8486a38: 894c 2438 | 4889 4c24 | 3041 8be8 | 4c89 6c24 

  0x00000189e8486a48: ;   {metadata('java/security/cert/Certificate'[])}
  0x00000189e8486a48: 2848 ba20 | 2910 8089 | 0100 0044 | 8b84 2488 | 0000 0090 

  0x00000189e8486a5c: ;   {runtime_call _new_array_Java}
  0x00000189e8486a5c: c5f8 77e8 

  0x00000189e8486a60: ; ImmutableOopMap {rbp=NarrowOop [32]=Oop [40]=Oop [48]=Oop [56]=Oop }
                      ;*anewarray {reexecute=0 rethrow=0 return_oop=1}
                      ; - java.security.CodeSource::getCertificates@70
                      ; - java.lang.ClassLoader::postDefineClass@24
                      ; - java.lang.ClassLoader::defineClass@37
  0x00000189e8486a60: 1c13 9ffe 

  0x00000189e8486a64: ;   {other}
  0x00000189e8486a64: 0f1f 8400 | d42f 004a | e941 ecff | ff48 ba00 | 0000 8089 | 0100 0049 | 03d2 458b | c366 6690 
  0x00000189e8486a84: ;   {runtime_call _new_array_Java}
  0x00000189e8486a84: c5f8 77e8 

  0x00000189e8486a88: ; ImmutableOopMap {[32]=Oop [40]=Oop [56]=Oop }
                      ;*invokevirtual clone {reexecute=1 rethrow=0 return_oop=1}
                      ; - (reexecute) java.security.CodeSource::getCertificates@86
                      ; - java.lang.ClassLoader::postDefineClass@24
                      ; - java.lang.ClassLoader::defineClass@37
  0x00000189e8486a88: f412 9ffe 

  0x00000189e8486a8c: ;   {other}
  0x00000189e8486a8c: 0f1f 8400 | fc2f 004b | e900 edff | ffba 76ff | ffff 488b | 6c24 284c | 8b44 2430 | 4c89 4424 
  0x00000189e8486aac: 2844 8b44 | 2438 4489 | 4424 308b | 4c24 3c89 | 4c24 344c | 8b44 2440 | 4c89 4424 | 3848 8974 
  0x00000189e8486acc: 2458 4489 | 5c24 6044 | 8954 2464 | 4489 4c24 | 6848 895c | 2470 897c | 2478 6690 

  0x00000189e8486ae8: ;   {runtime_call UncommonTrapBlob}
  0x00000189e8486ae8: c5f8 77e8 

  0x00000189e8486aec: ; ImmutableOopMap {rbp=Oop [32]=Oop [40]=Oop [56]=Oop [88]=Oop [104]=NarrowOop [112]=Oop }
                      ;*if_icmpge {reexecute=1 rethrow=0 return_oop=0}
                      ; - (reexecute) java.lang.ClassLoader::compareCerts@67
                      ; - java.lang.ClassLoader::checkCerts@80
                      ; - java.lang.ClassLoader::preDefineClass@113
                      ; - java.lang.ClassLoader::defineClass@4
  0x00000189e8486aec: 90d8 92fe 

  0x00000189e8486af0: ;   {other}
  0x00000189e8486af0: 0f1f 8400 | 6030 004c | ba76 ffff | ff48 8b6c | 2428 4c8b | 4c24 304c | 894c 2428 | 448b 4c24 
  0x00000189e8486b10: 3844 894c | 2430 8b4c | 243c 894c | 2434 4c8b | 4c24 404c | 894c 2438 | 4c89 5424 | 5044 8944 
  0x00000189e8486b30: 245c 4489 | 5c24 6044 | 8b9c 248c | 0000 0044 | 895c 2470 

  0x00000189e8486b44: ;   {runtime_call UncommonTrapBlob}
  0x00000189e8486b44: c5f8 77e8 

  0x00000189e8486b48: ; ImmutableOopMap {rbp=Oop [32]=Oop [40]=Oop [56]=Oop [80]=Oop [96]=NarrowOop [104]=Oop }
                      ;*if_icmpge {reexecute=1 rethrow=0 return_oop=0}
                      ; - (reexecute) java.lang.ClassLoader::compareCerts@152
                      ; - java.lang.ClassLoader::checkCerts@80
                      ; - java.lang.ClassLoader::preDefineClass@113
                      ; - java.lang.ClassLoader::defineClass@4
  0x00000189e8486b48: 34d8 92fe 

  0x00000189e8486b4c: ;   {other}
  0x00000189e8486b4c: 0f1f 8400 | bc30 004d | bae4 ffff | ff48 8b6c | 2428 4c8b | 5424 304c | 8954 2428 | 8b4c 2438 
  0x00000189e8486b6c: 894c 2430 | 448b 5424 | 3c44 8954 | 2434 4c8b | 5424 404c | 8954 2438 | 4889 5c24 | 404c 8974 
  0x00000189e8486b8c: 2450 4889 | 7c24 584c | 894c 2468 | 4489 5c24 | 7044 8944 | 2474 6690 

  0x00000189e8486ba4: ;   {runtime_call UncommonTrapBlob}
  0x00000189e8486ba4: c5f8 77e8 

  0x00000189e8486ba8: ; ImmutableOopMap {rbp=Oop [40]=Oop [56]=Oop [64]=Oop [72]=NarrowOop [80]=Oop [88]=Oop [104]=Oop [112]=NarrowOop }
                      ;*aaload {reexecute=0 rethrow=0 return_oop=0}
                      ; - java.security.CodeSource::getCertificates@50
                      ; - java.lang.ClassLoader::checkCerts@34
                      ; - java.lang.ClassLoader::preDefineClass@113
                      ; - java.lang.ClassLoader::defineClass@4
  0x00000189e8486ba8: d4d7 92fe 

  0x00000189e8486bac: ;   {other}
  0x00000189e8486bac: 0f1f 8400 | 1c31 004e | ba37 0100 | 0048 8be9 | 4c8b 5424 | 304c 8954 | 2428 448b | 5c24 3844 
  0x00000189e8486bcc: 895c 2430 | 8974 2434 | 4c89 7424 | 3866 6690 

  0x00000189e8486bdc: ;   {runtime_call UncommonTrapBlob}
  0x00000189e8486bdc: c5f8 77e8 

  0x00000189e8486be0: ; ImmutableOopMap {rbp=Oop [40]=Oop [56]=Oop }
                      ;*new {reexecute=0 rethrow=0 return_oop=0}
                      ; - java.lang.ClassLoader::preDefineClass@56
                      ; - java.lang.ClassLoader::defineClass@4
  0x00000189e8486be0: 9cd7 92fe 

  0x00000189e8486be4: ;   {other}
  0x00000189e8486be4: 0f1f 8400 | 5431 004f | bae4 ffff | ff4c 896c | 2428 4489 | 4424 304c | 894c 2440 | 4489 5424 
  0x00000189e8486c04: 4844 895c | 244c 6690 

  0x00000189e8486c0c: ;   {runtime_call UncommonTrapBlob}
  0x00000189e8486c0c: c5f8 77e8 

  0x00000189e8486c10: ; ImmutableOopMap {[32]=Oop [40]=Oop [48]=NarrowOop [64]=Oop [72]=NarrowOop }
                      ;*aaload {reexecute=0 rethrow=0 return_oop=0}
                      ; - java.security.CodeSource::getCertificates@50
                      ; - java.lang.ClassLoader::postDefineClass@24
                      ; - java.lang.ClassLoader::defineClass@37
  0x00000189e8486c10: 6cd7 92fe 

  0x00000189e8486c14: ;   {other}
  0x00000189e8486c14: 0f1f 8400 | 8431 0050 | bac6 ffff | ff48 8b4c | 2440 4889 | 4c24 304c | 896c 2438 | 4489 4c24 
  0x00000189e8486c34: 4844 8944 | 244c 4489 | 5424 504c | 895c 2458 

  0x00000189e8486c44: ;   {runtime_call UncommonTrapBlob}
  0x00000189e8486c44: c5f8 77e8 

  0x00000189e8486c48: ; ImmutableOopMap {[32]=Oop [48]=Oop [56]=Oop [72]=NarrowOop [76]=NarrowOop [88]=Oop }
                      ;*invokevirtual find {reexecute=0 rethrow=0 return_oop=0}
                      ; - java.util.concurrent.ConcurrentHashMap::get@93
                      ; - java.lang.ClassLoader::getNamedPackage@5
                      ; - java.lang.ClassLoader::postDefineClass@9
                      ; - java.lang.ClassLoader::defineClass@37
  0x00000189e8486c48: 34d7 92fe 

  0x00000189e8486c4c: ;   {other}
  0x00000189e8486c4c: 0f1f 8400 | bc31 0051 | baf6 ffff | ff66 6690 

  0x00000189e8486c5c: ;   {runtime_call UncommonTrapBlob}
  0x00000189e8486c5c: c5f8 77e8 

  0x00000189e8486c60: ; ImmutableOopMap {}
                      ;*invokevirtual isNamed {reexecute=0 rethrow=0 return_oop=0}
                      ; - java.lang.NamedPackage::<init>@12
                      ; - java.lang.ClassLoader::getNamedPackage@22
                      ; - java.lang.ClassLoader::postDefineClass@9
                      ; - java.lang.ClassLoader::defineClass@37
  0x00000189e8486c60: 1cd7 92fe 

  0x00000189e8486c64: ;   {other}
  0x00000189e8486c64: 0f1f 8400 | d431 0052 | baf6 ffff | ff8b 6c24 | 3866 6690 

  0x00000189e8486c78: ;   {runtime_call UncommonTrapBlob}
  0x00000189e8486c78: c5f8 77e8 

  0x00000189e8486c7c: ; ImmutableOopMap {rbp=NarrowOop }
                      ;*invokevirtual append {reexecute=0 rethrow=0 return_oop=0}
                      ; - java.lang.NamedPackage::<init>@35
                      ; - java.lang.ClassLoader::getNamedPackage@22
                      ; - java.lang.ClassLoader::postDefineClass@9
                      ; - java.lang.ClassLoader::defineClass@37
  0x00000189e8486c7c: 00d7 92fe 

  0x00000189e8486c80: ;   {other}
  0x00000189e8486c80: 0f1f 8400 | f031 0053 | baf6 ffff | ff66 6690 

  0x00000189e8486c90: ;   {runtime_call UncommonTrapBlob}
  0x00000189e8486c90: c5f8 77e8 

  0x00000189e8486c94: ; ImmutableOopMap {}
                      ;*invokevirtual toString {reexecute=0 rethrow=0 return_oop=0}
                      ; - java.lang.NamedPackage::<init>@38
                      ; - java.lang.ClassLoader::getNamedPackage@22
                      ; - java.lang.ClassLoader::postDefineClass@9
                      ; - java.lang.ClassLoader::defineClass@37
  0x00000189e8486c94: e8d6 92fe 

  0x00000189e8486c98: ;   {other}
  0x00000189e8486c98: 0f1f 8400 | 0832 0054 | ba76 ffff | ff48 8b6c | 2428 4c8b | 5424 304c | 8954 2428 | 448b 5424 
  0x00000189e8486cb8: 3844 8954 | 2430 448b | 4424 3c44 | 8944 2434 | 4c8b 5424 | 404c 8954 | 2438 4889 | 5c24 4848 
  0x00000189e8486cd8: 8974 2458 | 4489 5c24 | 6466 6690 

  0x00000189e8486ce4: ;   {runtime_call UncommonTrapBlob}
  0x00000189e8486ce4: c5f8 77e8 

  0x00000189e8486ce8: ; ImmutableOopMap {rbp=Oop [32]=Oop [40]=Oop [56]=Oop [72]=Oop [88]=Oop }
                      ;*if_icmpge {reexecute=1 rethrow=0 return_oop=0}
                      ; - (reexecute) java.lang.ClassLoader::compareCerts@40
                      ; - java.lang.ClassLoader::checkCerts@80
                      ; - java.lang.ClassLoader::preDefineClass@113
                      ; - java.lang.ClassLoader::defineClass@4
  0x00000189e8486ce8: 94d6 92fe 

  0x00000189e8486cec: ;   {other}
  0x00000189e8486cec: 0f1f 8400 | 5c32 0055 | 498b d7c5 | f877 49ba | 60a3 1c2a | fe7f 0000 

  0x00000189e8486d04: ;   {other}
  0x00000189e8486d04: 41ff d20f | 1f84 0000 | 0000 00e9 | b7e4 ffff | 498b d7c5 | f877 49ba | 60a3 1c2a | fe7f 0000 
  0x00000189e8486d24: ;   {other}
  0x00000189e8486d24: 41ff d20f | 1f84 0000 | 0000 00e9 | b9e9 ffff | baf6 ffff | ff66 6690 

  0x00000189e8486d3c: ;   {runtime_call UncommonTrapBlob}
  0x00000189e8486d3c: c5f8 77e8 

  0x00000189e8486d40: ; ImmutableOopMap {}
                      ;*invokevirtual clone {reexecute=1 rethrow=0 return_oop=0}
                      ; - (reexecute) java.security.CodeSource::getCertificates@86
                      ; - java.lang.ClassLoader::checkCerts@34
                      ; - java.lang.ClassLoader::preDefineClass@113
                      ; - java.lang.ClassLoader::defineClass@4
  0x00000189e8486d40: 3cd6 92fe 

  0x00000189e8486d44: ;   {other}
  0x00000189e8486d44: 0f1f 8400 | b432 0056 | baf6 ffff | ff66 6690 

  0x00000189e8486d54: ;   {runtime_call UncommonTrapBlob}
  0x00000189e8486d54: c5f8 77e8 

  0x00000189e8486d58: ; ImmutableOopMap {}
                      ;*invokevirtual clone {reexecute=1 rethrow=0 return_oop=0}
                      ; - (reexecute) java.security.CodeSource::getCertificates@86
                      ; - java.lang.ClassLoader::postDefineClass@24
                      ; - java.lang.ClassLoader::defineClass@37
  0x00000189e8486d58: 24d6 92fe 

  0x00000189e8486d5c: ;   {other}
  0x00000189e8486d5c: 0f1f 8400 | cc32 0057 | bade ffff | ff48 8b6c | 2428 4c8b | 5424 304c | 8954 2428 | 448b 5c24 
  0x00000189e8486d7c: 3844 895c | 2430 448b | 5424 3c44 | 8954 2434 | 4c8b 5424 | 404c 8954 | 2438 4c8b | 5424 484c 
  0x00000189e8486d9c: 8954 2440 | 4889 4424 | 5866 6690 

  0x00000189e8486da8: ;   {runtime_call UncommonTrapBlob}
  0x00000189e8486da8: c5f8 77e8 

  0x00000189e8486dac: ; ImmutableOopMap {rbp=Oop [32]=Oop [40]=Oop [56]=Oop [64]=Oop [88]=Oop [96]=Oop }
                      ;*checkcast {reexecute=0 rethrow=0 return_oop=0}
                      ; - java.lang.ClassLoader::checkCerts@65
                      ; - java.lang.ClassLoader::preDefineClass@113
                      ; - java.lang.ClassLoader::defineClass@4
  0x00000189e8486dac: d0d5 92fe 

  0x00000189e8486db0: ;   {other}
  0x00000189e8486db0: 0f1f 8400 | 2033 0058 | bade ffff | ff4c 8b54 | 2430 4c89 | 5424 2844 | 8b54 2438 | 4489 5424 
  0x00000189e8486dd0: 3044 8b5c | 243c 4489 | 5c24 344c | 8b54 2440 | 4c89 5424 | 384c 8b54 | 2450 4c89 | 5424 4048 
  0x00000189e8486df0: 8944 2460 

  0x00000189e8486df4: ;   {runtime_call UncommonTrapBlob}
  0x00000189e8486df4: c5f8 77e8 

  0x00000189e8486df8: ; ImmutableOopMap {rbp=Oop [32]=Oop [40]=Oop [56]=Oop [64]=Oop [72]=NarrowOop [96]=Oop [104]=Oop }
                      ;*checkcast {reexecute=0 rethrow=0 return_oop=0}
                      ; - java.security.CodeSource::getCertificates@76
                      ; - java.lang.ClassLoader::checkCerts@34
                      ; - java.lang.ClassLoader::preDefineClass@113
                      ; - java.lang.ClassLoader::defineClass@4
  0x00000189e8486df8: 84d5 92fe 

  0x00000189e8486dfc: ;   {other}
  0x00000189e8486dfc: 0f1f 8400 | 6c33 0059 | bade ffff | ff48 8944 | 2440 6690 

  0x00000189e8486e10: ;   {runtime_call UncommonTrapBlob}
  0x00000189e8486e10: c5f8 77e8 

  0x00000189e8486e14: ; ImmutableOopMap {rbp=NarrowOop [32]=Oop [40]=Oop [64]=Oop }
                      ;*checkcast {reexecute=0 rethrow=0 return_oop=0}
                      ; - java.security.CodeSource::getCertificates@76
                      ; - java.lang.ClassLoader::postDefineClass@24
                      ; - java.lang.ClassLoader::defineClass@37
  0x00000189e8486e14: 68d5 92fe 

  0x00000189e8486e18: ;   {other}
  0x00000189e8486e18: 0f1f 8400 | 8833 005a | baf6 ffff | ff66 6690 

  0x00000189e8486e28: ;   {runtime_call UncommonTrapBlob}
  0x00000189e8486e28: c5f8 77e8 

  0x00000189e8486e2c: ; ImmutableOopMap {}
                      ;*arraylength {reexecute=0 rethrow=0 return_oop=0}
                      ; - java.lang.String::isEmpty@4
                      ; - java.lang.ClassLoader::checkName@5
                      ; - java.lang.ClassLoader::preDefineClass@1
                      ; - java.lang.ClassLoader::defineClass@4
  0x00000189e8486e2c: 50d5 92fe 

  0x00000189e8486e30: ;   {other}
  0x00000189e8486e30: 0f1f 8400 | a033 005b | baf6 ffff | ff66 6690 

  0x00000189e8486e40: ;   {runtime_call UncommonTrapBlob}
  0x00000189e8486e40: c5f8 77e8 

  0x00000189e8486e44: ; ImmutableOopMap {}
                      ;*invokevirtual getPackageName {reexecute=0 rethrow=0 return_oop=0}
                      ; - java.lang.ClassLoader::postDefineClass@2
                      ; - java.lang.ClassLoader::defineClass@37
  0x00000189e8486e44: 38d5 92fe 

  0x00000189e8486e48: ;   {other}
  0x00000189e8486e48: 0f1f 8400 | b833 005c | baf6 ffff | ff66 6690 

  0x00000189e8486e58: ;   {runtime_call UncommonTrapBlob}
  0x00000189e8486e58: c5f8 77e8 

  0x00000189e8486e5c: ; ImmutableOopMap {}
                      ;*invokevirtual hashCode {reexecute=0 rethrow=0 return_oop=0}
                      ; - java.util.concurrent.ConcurrentHashMap::get@1
                      ; - java.lang.ClassLoader::getNamedPackage@5
                      ; - java.lang.ClassLoader::postDefineClass@9
                      ; - java.lang.ClassLoader::defineClass@37
  0x00000189e8486e5c: 20d5 92fe 

  0x00000189e8486e60: ;   {other}
  0x00000189e8486e60: 0f1f 8400 | d033 005d | ba45 ffff | ff48 8b6c | 2428 4c89 | 4424 484c | 8944 2450 

  0x00000189e8486e7c: ;   {runtime_call UncommonTrapBlob}
  0x00000189e8486e7c: c5f8 77e8 

  0x00000189e8486e80: ; ImmutableOopMap {rbp=Oop [48]=Oop [64]=Oop [72]=Oop [80]=Oop }
                      ;*ifnull {reexecute=1 rethrow=0 return_oop=0}
                      ; - (reexecute) java.lang.ClassLoader::checkName@1
                      ; - java.lang.ClassLoader::preDefineClass@1
                      ; - java.lang.ClassLoader::defineClass@4
  0x00000189e8486e80: fcd4 92fe 

  0x00000189e8486e84: ;   {other}
  0x00000189e8486e84: 0f1f 8400 | f433 005e | ba45 ffff | ff48 8b6c | 2428 4c8b | 5424 304c | 8954 2428 | 448b 5c24 
  0x00000189e8486ea4: 3844 895c | 2430 8974 | 2434 4889 | 5c24 384c | 8974 2448 

  0x00000189e8486eb8: ;   {runtime_call UncommonTrapBlob}
  0x00000189e8486eb8: c5f8 77e8 

  0x00000189e8486ebc: ; ImmutableOopMap {rbp=Oop [40]=Oop [56]=Oop [64]=Oop [72]=Oop }
                      ;*ifnonnull {reexecute=1 rethrow=0 return_oop=0}
                      ; - (reexecute) java.lang.ClassLoader::preDefineClass@95
                      ; - java.lang.ClassLoader::defineClass@4
  0x00000189e8486ebc: c0d4 92fe 

  0x00000189e8486ec0: ;   {other}
  0x00000189e8486ec0: 0f1f 8400 | 3034 005f | ba45 ffff | ff48 8b6c | 2428 4c8b | 5424 304c | 8954 2428 | 448b 5424 
  0x00000189e8486ee0: 3844 8954 | 2430 448b | 5c24 3c44 | 895c 2434 | 4c8b 5424 | 404c 8954 | 2438 4889 | 5c24 404c 
  0x00000189e8486f00: 8974 2450 | 4889 7c24 | 5866 6690 

  0x00000189e8486f0c: ;   {runtime_call UncommonTrapBlob}
  0x00000189e8486f0c: c5f8 77e8 

  0x00000189e8486f10: ; ImmutableOopMap {rbp=Oop [40]=Oop [56]=Oop [64]=Oop [72]=NarrowOop [80]=Oop [88]=Oop }
                      ;*ifnull {reexecute=1 rethrow=0 return_oop=0}
                      ; - (reexecute) java.lang.ClassLoader::checkCerts@30
                      ; - java.lang.ClassLoader::preDefineClass@113
                      ; - java.lang.ClassLoader::defineClass@4
  0x00000189e8486f10: 6cd4 92fe 

  0x00000189e8486f14: ;   {other}
  0x00000189e8486f14: 0f1f 8400 | 8434 0060 | ba45 ffff | ff48 8b6c | 2428 4c8b | 5424 304c | 8954 2428 | 448b 5424 
  0x00000189e8486f34: 3844 8954 | 2430 448b | 4424 3c44 | 8944 2434 | 4c8b 5424 | 404c 8954 | 2438 4489 | 5c24 4490 
  0x00000189e8486f54: ;   {runtime_call UncommonTrapBlob}
  0x00000189e8486f54: c5f8 77e8 

  0x00000189e8486f58: ; ImmutableOopMap {rbp=Oop [32]=Oop [40]=Oop [56]=Oop [68]=NarrowOop }
                      ;*ifnull {reexecute=1 rethrow=0 return_oop=0}
                      ; - (reexecute) java.lang.ClassLoader::defineClassSourceLocation@8
                      ; - java.lang.ClassLoader::defineClass@12
  0x00000189e8486f58: 24d4 92fe 

  0x00000189e8486f5c: ;   {other}
  0x00000189e8486f5c: 0f1f 8400 | cc34 0061 | ba45 ffff | ff66 6690 

  0x00000189e8486f6c: ;   {runtime_call UncommonTrapBlob}
  0x00000189e8486f6c: c5f8 77e8 

  0x00000189e8486f70: ; ImmutableOopMap {rbp=NarrowOop [32]=Oop [40]=Oop [48]=Oop [64]=Oop }
                      ;*ifnull {reexecute=1 rethrow=0 return_oop=0}
                      ; - (reexecute) java.lang.ClassLoader::defineClassSourceLocation@15
                      ; - java.lang.ClassLoader::defineClass@12
  0x00000189e8486f70: 0cd4 92fe 

  0x00000189e8486f74: ;   {other}
  0x00000189e8486f74: 0f1f 8400 | e434 0062 | baf6 ffff | ff66 6690 

  0x00000189e8486f84: ;   {runtime_call UncommonTrapBlob}
  0x00000189e8486f84: c5f8 77e8 

  0x00000189e8486f88: ; ImmutableOopMap {}
                      ;*arraylength {reexecute=0 rethrow=0 return_oop=0}
                      ; - java.lang.String::isEmpty@4
                      ; - java.lang.NamedPackage::<init>@5
                      ; - java.lang.ClassLoader::getNamedPackage@22
                      ; - java.lang.ClassLoader::postDefineClass@9
                      ; - java.lang.ClassLoader::defineClass@37
  0x00000189e8486f88: f4d3 92fe 

  0x00000189e8486f8c: ;   {other}
  0x00000189e8486f8c: 0f1f 8400 | fc34 0063 | 4d85 d244 | 8b9c 2488 | 0000 0041 | 0f94 c3ba | 45ff ffff | 4c8b 5424 
  0x00000189e8486fac: 404c 8954 | 2438 4889 | 4424 4044 | 895c 2448 

  0x00000189e8486fbc: ;   {runtime_call UncommonTrapBlob}
  0x00000189e8486fbc: c5f8 77e8 

  0x00000189e8486fc0: ; ImmutableOopMap {[32]=Oop [40]=Oop [56]=Oop [64]=Oop }
                      ;*ifeq {reexecute=1 rethrow=0 return_oop=0}
                      ; - (reexecute) java.lang.Class::getPackageName@29
                      ; - java.lang.ClassLoader::postDefineClass@2
                      ; - java.lang.ClassLoader::defineClass@37
  0x00000189e8486fc0: bcd3 92fe 

  0x00000189e8486fc4: ;   {other}
  0x00000189e8486fc4: 0f1f 8400 | 3435 0064 | baf6 ffff | ff66 6690 

  0x00000189e8486fd4: ;   {runtime_call UncommonTrapBlob}
  0x00000189e8486fd4: c5f8 77e8 

  0x00000189e8486fd8: ; ImmutableOopMap {}
                      ;*arraylength {reexecute=0 rethrow=0 return_oop=0}
                      ; - java.lang.String::length@4
                      ; - java.lang.String::lastIndexOf@3
                      ; - java.lang.Class::getPackageName@47
                      ; - java.lang.ClassLoader::postDefineClass@2
                      ; - java.lang.ClassLoader::defineClass@37
  0x00000189e8486fd8: a4d3 92fe 

  0x00000189e8486fdc: ;   {other}
  0x00000189e8486fdc: 0f1f 8400 | 4c35 0065 | ba45 ffff | ff48 8b6c | 2420 4489 | 4424 2090 

  0x00000189e8486ff4: ;   {runtime_call UncommonTrapBlob}
  0x00000189e8486ff4: c5f8 77e8 

  0x00000189e8486ff8: ; ImmutableOopMap {rbp=Oop [32]=NarrowOop }
                      ;*ifnull {reexecute=1 rethrow=0 return_oop=0}
                      ; - (reexecute) java.lang.ClassLoader::postDefineClass@17
                      ; - java.lang.ClassLoader::defineClass@37
  0x00000189e8486ff8: 84d3 92fe 

  0x00000189e8486ffc: ;   {other}
  0x00000189e8486ffc: 0f1f 8400 | 6c35 0066 | ba45 ffff | ff48 8b4c | 2440 4889 | 4c24 384c | 896c 2440 | 4489 4c24 
  0x00000189e848701c: 504c 895c | 2458 4489 | 4424 5444 | 8954 2460 

  0x00000189e848702c: ;   {runtime_call UncommonTrapBlob}
  0x00000189e848702c: c5f8 77e8 

  0x00000189e8487030: ; ImmutableOopMap {rbp=NarrowOop [32]=Oop [56]=Oop [64]=Oop [80]=NarrowOop [84]=NarrowOop [88]=Oop }
                      ;*ifnull {reexecute=1 rethrow=0 return_oop=0}
                      ; - (reexecute) java.util.concurrent.ConcurrentHashMap::get@67
                      ; - java.lang.ClassLoader::getNamedPackage@5
                      ; - java.lang.ClassLoader::postDefineClass@9
                      ; - java.lang.ClassLoader::defineClass@37
  0x00000189e8487030: 4cd3 92fe 

  0x00000189e8487034: ;   {other}
  0x00000189e8487034: 0f1f 8400 | a435 0067 | baf6 ffff | ff41 8be8 

  0x00000189e8487044: ;   {runtime_call UncommonTrapBlob}
  0x00000189e8487044: c5f8 77e8 

  0x00000189e8487048: ; ImmutableOopMap {}
                      ;*aaload {reexecute=0 rethrow=0 return_oop=0}
                      ; - java.security.CodeSource::getCertificates@50
                      ; - java.lang.ClassLoader::checkCerts@34
                      ; - java.lang.ClassLoader::preDefineClass@113
                      ; - java.lang.ClassLoader::defineClass@4
  0x00000189e8487048: 34d3 92fe 

  0x00000189e848704c: ;   {other}
  0x00000189e848704c: 0f1f 8400 | bc35 0068 | baf6 ffff | ff66 6690 

  0x00000189e848705c: ;   {runtime_call UncommonTrapBlob}
  0x00000189e848705c: c5f8 77e8 

  0x00000189e8487060: ; ImmutableOopMap {}
                      ;*invokevirtual getSignerCertPath {reexecute=0 rethrow=0 return_oop=0}
                      ; - java.security.CodeSource::getCertificates@51
                      ; - java.lang.ClassLoader::checkCerts@34
                      ; - java.lang.ClassLoader::preDefineClass@113
                      ; - java.lang.ClassLoader::defineClass@4
  0x00000189e8487060: 1cd3 92fe 

  0x00000189e8487064: ;   {other}
  0x00000189e8487064: 0f1f 8400 | d435 0069 | baf6 ffff | ff66 6690 

  0x00000189e8487074: ;   {runtime_call UncommonTrapBlob}
  0x00000189e8487074: c5f8 77e8 

  0x00000189e8487078: ; ImmutableOopMap {}
                      ;*invokevirtual getCertificates {reexecute=0 rethrow=0 return_oop=0}
                      ; - java.security.CodeSource::getCertificates@54
                      ; - java.lang.ClassLoader::checkCerts@34
                      ; - java.lang.ClassLoader::preDefineClass@113
                      ; - java.lang.ClassLoader::defineClass@4
  0x00000189e8487078: 04d3 92fe 

  0x00000189e848707c: ;   {other}
  0x00000189e848707c: 0f1f 8400 | ec35 006a | baf6 ffff | ff66 6690 

  0x00000189e848708c: ;   {runtime_call UncommonTrapBlob}
  0x00000189e848708c: c5f8 77e8 

  0x00000189e8487090: ; ImmutableOopMap {}
                      ;*arraylength {reexecute=0 rethrow=0 return_oop=0}
                      ; - java.security.CodeSource::getCertificates@40
                      ; - java.lang.ClassLoader::checkCerts@34
                      ; - java.lang.ClassLoader::preDefineClass@113
                      ; - java.lang.ClassLoader::defineClass@4
  0x00000189e8487090: ecd2 92fe 

  0x00000189e8487094: ;   {other}
  0x00000189e8487094: 0f1f 8400 | 0436 006b | baf6 ffff | ff41 8beb 

  0x00000189e84870a4: ;   {runtime_call UncommonTrapBlob}
  0x00000189e84870a4: c5f8 77e8 

  0x00000189e84870a8: ; ImmutableOopMap {}
                      ;*aaload {reexecute=0 rethrow=0 return_oop=0}
                      ; - java.security.CodeSource::getCertificates@50
                      ; - java.lang.ClassLoader::postDefineClass@24
                      ; - java.lang.ClassLoader::defineClass@37
  0x00000189e84870a8: d4d2 92fe 

  0x00000189e84870ac: ;   {other}
  0x00000189e84870ac: 0f1f 8400 | 1c36 006c | baf6 ffff | ff66 6690 

  0x00000189e84870bc: ;   {runtime_call UncommonTrapBlob}
  0x00000189e84870bc: c5f8 77e8 

  0x00000189e84870c0: ; ImmutableOopMap {}
                      ;*invokevirtual getSignerCertPath {reexecute=0 rethrow=0 return_oop=0}
                      ; - java.security.CodeSource::getCertificates@51
                      ; - java.lang.ClassLoader::postDefineClass@24
                      ; - java.lang.ClassLoader::defineClass@37
  0x00000189e84870c0: bcd2 92fe 

  0x00000189e84870c4: ;   {other}
  0x00000189e84870c4: 0f1f 8400 | 3436 006d | baf6 ffff | ff66 6690 

  0x00000189e84870d4: ;   {runtime_call UncommonTrapBlob}
  0x00000189e84870d4: c5f8 77e8 

  0x00000189e84870d8: ; ImmutableOopMap {}
                      ;*invokevirtual getCertificates {reexecute=0 rethrow=0 return_oop=0}
                      ; - java.security.CodeSource::getCertificates@54
                      ; - java.lang.ClassLoader::postDefineClass@24
                      ; - java.lang.ClassLoader::defineClass@37
  0x00000189e84870d8: a4d2 92fe 

  0x00000189e84870dc: ;   {other}
  0x00000189e84870dc: 0f1f 8400 | 4c36 006e | baf6 ffff | ff66 6690 

  0x00000189e84870ec: ;   {runtime_call UncommonTrapBlob}
  0x00000189e84870ec: c5f8 77e8 

  0x00000189e84870f0: ; ImmutableOopMap {}
                      ;*arraylength {reexecute=0 rethrow=0 return_oop=0}
                      ; - java.security.CodeSource::getCertificates@40
                      ; - java.lang.ClassLoader::postDefineClass@24
                      ; - java.lang.ClassLoader::defineClass@37
  0x00000189e84870f0: 8cd2 92fe 

  0x00000189e84870f4: ;   {other}
  0x00000189e84870f4: 0f1f 8400 | 6436 006f | ba97 ffff | ff4c 8b54 | 2430 4c89 | 5424 2844 | 8b5c 2438 | 4489 5c24 
  0x00000189e8487114: 3044 8b54 | 243c 4489 | 5424 344c | 8b54 2440 | 4c89 5424 | 384c 8b54 | 2460 4c89 | 5424 404c 
  0x00000189e8487134: 8b54 2470 | 4c89 5424 | 6066 6690 

  0x00000189e8487140: ;   {runtime_call UncommonTrapBlob}
  0x00000189e8487140: c5f8 77e8 

  0x00000189e8487144: ; ImmutableOopMap {rbp=Oop [32]=Oop [40]=Oop [56]=Oop [64]=Oop [72]=NarrowOop [96]=Oop [104]=NarrowOop [112]=Oop }
                      ;*invokevirtual clone {reexecute=1 rethrow=0 return_oop=0}
                      ; - (reexecute) java.util.Arrays::copyOfRange@18
                      ; - java.lang.StringLatin1::newString@16
                      ; - java.lang.String::substring@41
                      ; - java.lang.ClassLoader::checkCerts@21
                      ; - java.lang.ClassLoader::preDefineClass@113
                      ; - java.lang.ClassLoader::defineClass@4
  0x00000189e8487144: 38d2 92fe 

  0x00000189e8487148: ;   {other}
  0x00000189e8487148: 0f1f 8400 | b836 0070 | baf4 ffff | ff4c 8b54 | 2430 4c89 | 5424 2844 | 8b54 2438 | 4489 5424 
  0x00000189e8487168: 3044 8b5c | 243c 4489 | 5c24 344c | 8b54 2440 | 4c89 5424 | 384c 8b54 | 2450 4c89 | 5424 4090 
  0x00000189e8487188: ;   {runtime_call UncommonTrapBlob}
  0x00000189e8487188: c5f8 77e8 

  0x00000189e848718c: ; ImmutableOopMap {rbp=Oop [32]=Oop [40]=Oop [56]=Oop [64]=Oop [72]=NarrowOop [104]=Oop }
                      ;*checkcast {reexecute=0 rethrow=0 return_oop=0}
                      ; - java.security.CodeSource::getCertificates@76
                      ; - java.lang.ClassLoader::checkCerts@34
                      ; - java.lang.ClassLoader::preDefineClass@113
                      ; - java.lang.ClassLoader::defineClass@4
  0x00000189e848718c: f0d1 92fe 

  0x00000189e8487190: ;   {other}
  0x00000189e8487190: 0f1f 8400 | 0037 0071 | baf4 ffff | ff66 6690 

  0x00000189e84871a0: ;   {runtime_call UncommonTrapBlob}
  0x00000189e84871a0: c5f8 77e8 

  0x00000189e84871a4: ; ImmutableOopMap {rbp=NarrowOop [32]=Oop [40]=Oop }
                      ;*checkcast {reexecute=0 rethrow=0 return_oop=0}
                      ; - java.security.CodeSource::getCertificates@76
                      ; - java.lang.ClassLoader::postDefineClass@24
                      ; - java.lang.ClassLoader::defineClass@37
  0x00000189e84871a4: d8d1 92fe 

  0x00000189e84871a8: ;   {other}
  0x00000189e84871a8: 0f1f 8400 | 1837 0072 | ba97 ffff | ff66 6690 

  0x00000189e84871b8: ;   {runtime_call UncommonTrapBlob}
  0x00000189e84871b8: c5f8 77e8 

  0x00000189e84871bc: ; ImmutableOopMap {rbp=Oop [32]=Oop [40]=Oop [48]=NarrowOop [56]=Oop }
                      ;*invokevirtual clone {reexecute=1 rethrow=0 return_oop=0}
                      ; - (reexecute) java.util.Arrays::copyOfRange@18
                      ; - java.lang.StringLatin1::newString@16
                      ; - java.lang.String::substring@41
                      ; - java.lang.Class::getPackageName@62
                      ; - java.lang.ClassLoader::postDefineClass@2
                      ; - java.lang.ClassLoader::defineClass@37
  0x00000189e84871bc: c0d1 92fe 

  0x00000189e84871c0: ;   {other}
  0x00000189e84871c0: 0f1f 8400 | 3037 0073 | ba97 ffff | ff48 8b6c | 2428 4c8b | 5424 304c | 8954 2428 | 448b 5c24 
  0x00000189e84871e0: 3844 895c | 2430 448b | 5424 3c44 | 8954 2434 | 4c8b 5424 | 404c 8954 | 2438 4c8b | 5424 504c 
  0x00000189e8487200: 8954 2440 

  0x00000189e8487204: ;   {runtime_call UncommonTrapBlob}
  0x00000189e8487204: c5f8 77e8 

  0x00000189e8487208: ; ImmutableOopMap {rbp=Oop [32]=Oop [40]=Oop [56]=Oop [64]=Oop [76]=NarrowOop [88]=Oop }
                      ;*invokevirtual clone {reexecute=1 rethrow=0 return_oop=0}
                      ; - (reexecute) java.security.CodeSource::getCertificates@11
                      ; - java.lang.ClassLoader::checkCerts@34
                      ; - java.lang.ClassLoader::preDefineClass@113
                      ; - java.lang.ClassLoader::defineClass@4
  0x00000189e8487208: 74d1 92fe 

  0x00000189e848720c: ;   {other}
  0x00000189e848720c: 0f1f 8400 | 7c37 0074 | ba97 ffff | ff48 8b6c | 2428 6690 

  0x00000189e8487220: ;   {runtime_call UncommonTrapBlob}
  0x00000189e8487220: c5f8 77e8 

  0x00000189e8487224: ; ImmutableOopMap {rbp=Oop [32]=Oop [48]=NarrowOop }
                      ;*invokevirtual clone {reexecute=1 rethrow=0 return_oop=0}
                      ; - (reexecute) java.security.CodeSource::getCertificates@11
                      ; - java.lang.ClassLoader::postDefineClass@24
                      ; - java.lang.ClassLoader::defineClass@37
  0x00000189e8487224: 58d1 92fe 

  0x00000189e8487228: ;   {other}
  0x00000189e8487228: 0f1f 8400 | 9837 0075 | ba97 ffff | ff4c 8b54 | 2450 4c89 | 5424 4890 

  0x00000189e8487240: ;   {runtime_call UncommonTrapBlob}
  0x00000189e8487240: c5f8 77e8 

  0x00000189e8487244: ; ImmutableOopMap {rbp=Oop [32]=Oop [40]=Oop [48]=Oop [64]=Oop [72]=Oop [104]=Oop }
                      ;*invokevirtual clone {reexecute=1 rethrow=0 return_oop=0}
                      ; - (reexecute) java.security.CodeSource::getCertificates@86
                      ; - java.lang.ClassLoader::checkCerts@34
                      ; - java.lang.ClassLoader::preDefineClass@113
                      ; - java.lang.ClassLoader::defineClass@4
  0x00000189e8487244: 38d1 92fe 

  0x00000189e8487248: ;   {other}
  0x00000189e8487248: 0f1f 8400 | b837 0076 | ba97 ffff | ff66 6690 

  0x00000189e8487258: ;   {runtime_call UncommonTrapBlob}
  0x00000189e8487258: c5f8 77e8 

  0x00000189e848725c: ; ImmutableOopMap {[32]=Oop [40]=Oop [56]=Oop }
                      ;*invokevirtual clone {reexecute=1 rethrow=0 return_oop=0}
                      ; - (reexecute) java.security.CodeSource::getCertificates@86
                      ; - java.lang.ClassLoader::postDefineClass@24
                      ; - java.lang.ClassLoader::defineClass@37
  0x00000189e848725c: 20d1 92fe 

  0x00000189e8487260: ;   {other}
  0x00000189e8487260: 0f1f 8400 | d037 0077 | eb40 eb3e | eb3c eb3a | eb38 eb36 | eb34 eb32 | eb30 eb2e | eb2c eb2a 
  0x00000189e8487280: eb28 eb26 | eb24 eb22 | eb20 eb1e | eb1c eb1a | eb18 eb16 | eb14 eb12 | eb10 eb0e | eb0c eb0a 
  0x00000189e84872a0: eb08 eb06 | eb04 eb02 | eb00 488b | d0e9 2fe7 

  0x00000189e84872b0: ;   {internal_word}
  0x00000189e84872b0: ffff 49ba | fd49 48e8 | 8901 0000 | 4d89 9768 

  0x00000189e84872c0: ;   {runtime_call SafepointBlob}
  0x00000189e84872c0: 0400 00e9 | b8e1 92fe 

  0x00000189e84872c8: ;   {runtime_call StubRoutines (final stubs)}
  0x00000189e84872c8: e8d3 f190 | fee9 eccc | ffff f4f4 | f4f4 f4f4 
[Stub Code]
  0x00000189e84872d8: ;   {no_reloc}
  0x00000189e84872d8: 48bb 0000 | 0000 0000 

  0x00000189e84872e0: ;   {runtime_call nmethod}
  0x00000189e84872e0: 0000 e9fb 

  0x00000189e84872e4: ;   {static_stub}
  0x00000189e84872e4: ffff ff48 | bb00 0000 | 0000 0000 

  0x00000189e84872f0: ;   {runtime_call nmethod}
  0x00000189e84872f0: 00e9 fbff 

  0x00000189e84872f4: ;   {static_stub}
  0x00000189e84872f4: ffff 48bb | 0000 0000 | 0000 0000 

  0x00000189e8487300: ;   {runtime_call nmethod}
  0x00000189e8487300: e9fb ffff 

  0x00000189e8487304: ;   {static_stub}
  0x00000189e8487304: ff48 bb00 | 0000 0000 

  0x00000189e848730c: ;   {runtime_call nmethod}
  0x00000189e848730c: 0000 00e9 | fbff ffff 

  0x00000189e8487314: ;   {static_stub}
  0x00000189e8487314: 48bb 0000 | 0000 0000 

  0x00000189e848731c: ;   {runtime_call nmethod}
  0x00000189e848731c: 0000 e9fb 

  0x00000189e8487320: ;   {static_stub}
  0x00000189e8487320: ffff ff48 | bb00 0000 | 0000 0000 

  0x00000189e848732c: ;   {runtime_call nmethod}
  0x00000189e848732c: 00e9 fbff 

  0x00000189e8487330: ;   {static_stub}
  0x00000189e8487330: ffff 48bb | 0000 0000 | 0000 0000 

  0x00000189e848733c: ;   {runtime_call nmethod}
  0x00000189e848733c: e9fb ffff 

  0x00000189e8487340: ;   {static_stub}
  0x00000189e8487340: ff48 bb00 | 0000 0000 

  0x00000189e8487348: ;   {runtime_call nmethod}
  0x00000189e8487348: 0000 00e9 | fbff ffff 

  0x00000189e8487350: ;   {static_stub}
  0x00000189e8487350: 48bb 0000 | 0000 0000 

  0x00000189e8487358: ;   {runtime_call nmethod}
  0x00000189e8487358: 0000 e9fb 

  0x00000189e848735c: ;   {static_stub}
  0x00000189e848735c: ffff ff48 | bb00 0000 | 0000 0000 

  0x00000189e8487368: ;   {runtime_call nmethod}
  0x00000189e8487368: 00e9 fbff 

  0x00000189e848736c: ;   {static_stub}
  0x00000189e848736c: ffff 48bb | 0000 0000 | 0000 0000 

  0x00000189e8487378: ;   {runtime_call nmethod}
  0x00000189e8487378: e9fb ffff 

  0x00000189e848737c: ;   {static_stub}
  0x00000189e848737c: ff48 bb00 | 0000 0000 

  0x00000189e8487384: ;   {runtime_call nmethod}
  0x00000189e8487384: 0000 00e9 | fbff ffff 

  0x00000189e848738c: ;   {static_stub}
  0x00000189e848738c: 48bb 0000 | 0000 0000 

  0x00000189e8487394: ;   {runtime_call nmethod}
  0x00000189e8487394: 0000 e9fb 

  0x00000189e8487398: ;   {static_stub}
  0x00000189e8487398: ffff ff48 | bb00 0000 | 0000 0000 

  0x00000189e84873a4: ;   {runtime_call nmethod}
  0x00000189e84873a4: 00e9 fbff 

  0x00000189e84873a8: ;   {static_stub}
  0x00000189e84873a8: ffff 48bb | 0000 0000 | 0000 0000 

  0x00000189e84873b4: ;   {runtime_call nmethod}
  0x00000189e84873b4: e9fb ffff 

  0x00000189e84873b8: ;   {static_stub}
  0x00000189e84873b8: ff48 bb00 | 0000 0000 

  0x00000189e84873c0: ;   {runtime_call nmethod}
  0x00000189e84873c0: 0000 00e9 | fbff ffff 

  0x00000189e84873c8: ;   {static_stub}
  0x00000189e84873c8: 48bb 0000 | 0000 0000 

  0x00000189e84873d0: ;   {runtime_call nmethod}
  0x00000189e84873d0: 0000 e9fb 

  0x00000189e84873d4: ;   {static_stub}
  0x00000189e84873d4: ffff ff48 | bb00 0000 | 0000 0000 

  0x00000189e84873e0: ;   {runtime_call nmethod}
  0x00000189e84873e0: 00e9 fbff 

  0x00000189e84873e4: ;   {static_stub}
  0x00000189e84873e4: ffff 48bb | 0000 0000 | 0000 0000 

  0x00000189e84873f0: ;   {runtime_call nmethod}
  0x00000189e84873f0: e9fb ffff 

  0x00000189e84873f4: ;   {static_stub}
  0x00000189e84873f4: ff48 bb00 | 0000 0000 

  0x00000189e84873fc: ;   {runtime_call nmethod}
  0x00000189e84873fc: 0000 00e9 | fbff ffff 

  0x00000189e8487404: ;   {static_stub}
  0x00000189e8487404: 48bb 0000 | 0000 0000 

  0x00000189e848740c: ;   {runtime_call nmethod}
  0x00000189e848740c: 0000 e9fb 

  0x00000189e8487410: ;   {static_stub}
  0x00000189e8487410: ffff ff48 | bb00 0000 | 0000 0000 

  0x00000189e848741c: ;   {runtime_call nmethod}
  0x00000189e848741c: 00e9 fbff 

  0x00000189e8487420: ;   {runtime_call ExceptionBlob}
  0x00000189e8487420: ffff e959 | d09e fee8 | 0000 0000 | 4883 2c24 

  0x00000189e8487430: ;   {runtime_call DeoptimizationBlob}
  0x00000189e8487430: 05e9 ead2 | 92fe f4f4 
[/MachCode]


Compiled method (c2) 191595 4988       4       java.security.SecureClassLoader::defineClass (16 bytes)
 total in heap  [0x00000189e7712210,0x00000189e77128e8] = 1752
 relocation     [0x00000189e7712370,0x00000189e77123d0] = 96
 main code      [0x00000189e77123e0,0x00000189e7712678] = 664
 stub code      [0x00000189e7712678,0x00000189e77126b0] = 56
 metadata       [0x00000189e77126b0,0x00000189e77126e0] = 48
 scopes data    [0x00000189e77126e0,0x00000189e77127b8] = 216
 scopes pcs     [0x00000189e77127b8,0x00000189e7712868] = 176
 dependencies   [0x00000189e7712868,0x00000189e7712870] = 8
 handler table  [0x00000189e7712870,0x00000189e77128d0] = 96
 nul chk table  [0x00000189e77128d0,0x00000189e77128e8] = 24

[Constant Pool (empty)]

[MachCode]
[Entry Point]
  # {method} {0x000001898004e0e8} 'defineClass' '(Ljava/lang/String;[BIILjava/security/CodeSource;)Ljava/lang/Class;' in 'java/security/SecureClassLoader'
  # this:     rdx:rdx   = 'java/security/SecureClassLoader'
  # parm0:    r8:r8     = 'java/lang/String'
  # parm1:    r9:r9     = '[B'
  # parm2:    rdi       = int
  # parm3:    rsi       = int
  # parm4:    rcx:rcx   = 'java/security/CodeSource'
  #           [sp+0x60]  (sp of caller)
  0x00000189e77123e0: 448b 5208 | 49bb 0000 | 0080 8901 | 0000 4d03 | d349 3bc2 

  0x00000189e77123f4: ;   {runtime_call ic_miss_stub}
  0x00000189e77123f4: 0f85 86c3 | 69ff 6690 | 0f1f 4000 
[Verified Entry Point]
  0x00000189e7712400: 8984 2400 | 80ff ff55 | 4883 ec50 | 4181 7f20 | 2500 0000 | 0f85 4e02 | 0000 8974 | 241c 897c 
  0x00000189e7712420: 2418 4c89 | 4c24 104c | 8944 2408 | 4889 1424 | 488b e948 | 85c9 0f84 | 6001 0000 | 4d8b 87b8 
  0x00000189e7712440: 0100 004d | 8bd0 4983 | c210 4d3b | 97c8 0100 | 000f 830a | 0100 004d | 8997 b801 | 0000 410f 
  0x00000189e7712460: 1882 0001 | 0000 49c7 | 0001 0000 

  0x00000189e771246c: ;   {metadata('java/security/SecureClassLoader$CodeSourceKey')}
  0x00000189e771246c: 0041 c740 | 08b8 b411 | 004c 8bdd | 4589 580c | 4d8b 8fb8 | 0100 004c | 8b14 2441 | 8b6a 504d 
  0x00000189e771248c: 8bd1 4983 | c210 4d3b | 97c8 0100 | 000f 8398 | 0000 004d | 8997 b801 | 0000 410f | 1882 0001 
  0x00000189e77124ac: 0000 49c7 | 0101 0000 

  0x00000189e77124b4: ;   {metadata('java/security/SecureClassLoader$1')}
  0x00000189e77124b4: 0041 c741 | 0850 ba11 | 004c 8b14 | 244d 8bda | 4589 590c 

  0x00000189e77124c8: ; implicit exception: dispatches to 0x00000189e77125f4
  0x00000189e77124c8: 448b 5d08 

  0x00000189e77124cc: ;   {metadata('java/util/concurrent/ConcurrentHashMap')}
  0x00000189e77124cc: 4181 fb80 | 2706 000f | 85a7 0000 | 0048 8bd5 

  0x00000189e77124dc: ;   {optimized virtual_call}
  0x00000189e77124dc: 6666 90e8 

  0x00000189e77124e0: ; ImmutableOopMap {[0]=Oop [8]=Oop [16]=Oop }
                      ;*invokeinterface computeIfAbsent {reexecute=0 rethrow=0 return_oop=1}
                      ; - java.security.SecureClassLoader::getProtectionDomain@28
                      ; - java.security.SecureClassLoader::defineClass@9
  0x00000189e77124e0: 9ce1 7cfc 

  0x00000189e77124e4: ;   {other}
  0x00000189e77124e4: 0f1f 8400 | d402 0000 

  0x00000189e77124ec: ; implicit exception: dispatches to 0x00000189e7712610
  0x00000189e77124ec: 448b 5008 

  0x00000189e77124f0: ;   {metadata('java/security/ProtectionDomain')}
  0x00000189e77124f0: 4181 fae8 | 5800 000f | 85b3 0000 | 0048 8bc8 | 488b 1424 | 4c8b 4424 | 084c 8b4c | 2410 8b7c 
  0x00000189e7712510: 2418 8b74 

  0x00000189e7712514: ;   {optimized virtual_call}
  0x00000189e7712514: 241c 90e8 

  0x00000189e7712518: ; ImmutableOopMap {}
                      ;*invokevirtual defineClass {reexecute=0 rethrow=0 return_oop=1}
                      ; - java.security.SecureClassLoader::defineClass@12
  0x00000189e7712518: 841a d700 

  0x00000189e771251c: ;   {other}
  0x00000189e771251c: 0f1f 8400 | 0c03 0001 | 4883 c450 

  0x00000189e7712528: ;   {poll_return}
  0x00000189e7712528: 5d49 3ba7 | 5004 0000 | 0f87 1c01 

  0x00000189e7712534: ;   {metadata('java/security/SecureClassLoader$1')}
  0x00000189e7712534: 0000 c348 | ba50 ba11 | 8089 0100 | 004c 8944 

  0x00000189e7712544: ;   {runtime_call _new_instance_Java}
  0x00000189e7712544: 2430 90e8 

  0x00000189e7712548: ; ImmutableOopMap {rbp=NarrowOop [0]=Oop [8]=Oop [16]=Oop [48]=Oop }
                      ;*new {reexecute=0 rethrow=0 return_oop=1}
                      ; - java.security.SecureClassLoader::getProtectionDomain@20
                      ; - java.security.SecureClassLoader::defineClass@9
  0x00000189e7712548: b415 76ff 

  0x00000189e771254c: ;   {other}
  0x00000189e771254c: 0f1f 8400 | 3c03 0002 | 4c8b c84c | 8b44 2430 | e95c ffff 

  0x00000189e7712560: ;   {metadata('java/security/SecureClassLoader$CodeSourceKey')}
  0x00000189e7712560: ff48 bab8 | b411 8089 

  0x00000189e7712568: ;   {runtime_call _new_instance_Java}
  0x00000189e7712568: 0100 00e8 

  0x00000189e771256c: ; ImmutableOopMap {rbp=Oop [0]=Oop [8]=Oop [16]=Oop }
                      ;*new {reexecute=0 rethrow=0 return_oop=1}
                      ; - java.security.SecureClassLoader::getProtectionDomain@6
                      ; - java.security.SecureClassLoader::defineClass@9
  0x00000189e771256c: 9015 76ff 

  0x00000189e7712570: ;   {other}
  0x00000189e7712570: 0f1f 8400 | 6003 0003 | 4c8b c0e9 | f5fe ffff | bade ffff | ff4c 8944 | 2420 4c89 

  0x00000189e771258c: ;   {runtime_call UncommonTrapBlob}
  0x00000189e771258c: 4c24 28e8 

  0x00000189e7712590: ; ImmutableOopMap {rbp=NarrowOop [0]=Oop [8]=Oop [16]=Oop [32]=Oop [40]=Oop }
                      ;*invokeinterface computeIfAbsent {reexecute=0 rethrow=0 return_oop=0}
                      ; - java.security.SecureClassLoader::getProtectionDomain@28
                      ; - java.security.SecureClassLoader::defineClass@9
  0x00000189e7712590: ec1d 6aff 

  0x00000189e7712594: ;   {other}
  0x00000189e7712594: 0f1f 8400 | 8403 0004 | ba45 ffff 

  0x00000189e77125a0: ;   {runtime_call UncommonTrapBlob}
  0x00000189e77125a0: ff66 90e8 

  0x00000189e77125a4: ; ImmutableOopMap {rbp=Oop [0]=Oop [8]=Oop [16]=Oop }
                      ;*ifnonnull {reexecute=1 rethrow=0 return_oop=0}
                      ; - (reexecute) java.security.SecureClassLoader::getProtectionDomain@1
                      ; - java.security.SecureClassLoader::defineClass@9
  0x00000189e77125a4: d81d 6aff 

  0x00000189e77125a8: ;   {other}
  0x00000189e77125a8: 0f1f 8400 | 9803 0005 | bade ffff | ff48 8b2c | 244c 8b54 | 2408 4c89 | 1424 4c8b | 5424 104c 
  0x00000189e77125c8: 8954 2408 | 448b 5424 | 1844 8954 | 2410 448b | 5c24 1c44 | 895c 2414 | 4889 4424 

  0x00000189e77125e4: ;   {runtime_call UncommonTrapBlob}
  0x00000189e77125e4: 1866 90e8 

  0x00000189e77125e8: ; ImmutableOopMap {rbp=Oop [0]=Oop [8]=Oop [24]=Oop }
                      ;*checkcast {reexecute=0 rethrow=0 return_oop=0}
                      ; - java.security.SecureClassLoader::getProtectionDomain@33
                      ; - java.security.SecureClassLoader::defineClass@9
  0x00000189e77125e8: 941d 6aff 

  0x00000189e77125ec: ;   {other}
  0x00000189e77125ec: 0f1f 8400 | dc03 0006 | baf6 ffff | ff49 8be8 | 4c89 0c24 

  0x00000189e7712600: ;   {runtime_call UncommonTrapBlob}
  0x00000189e7712600: 6666 90e8 

  0x00000189e7712604: ; ImmutableOopMap {rbp=Oop [0]=Oop }
                      ;*invokeinterface computeIfAbsent {reexecute=0 rethrow=0 return_oop=0}
                      ; - java.security.SecureClassLoader::getProtectionDomain@28
                      ; - java.security.SecureClassLoader::defineClass@9
  0x00000189e7712604: 781d 6aff 

  0x00000189e7712608: ;   {other}
  0x00000189e7712608: 0f1f 8400 | f803 0007 | baf4 ffff | ff48 8b2c | 244c 8b54 | 2408 4c89 | 1424 4c8b | 5424 104c 
  0x00000189e7712628: 8954 2408 

  0x00000189e771262c: ;   {runtime_call UncommonTrapBlob}
  0x00000189e771262c: 6666 90e8 

  0x00000189e7712630: ; ImmutableOopMap {rbp=Oop [0]=Oop [8]=Oop }
                      ;*checkcast {reexecute=0 rethrow=0 return_oop=0}
                      ; - java.security.SecureClassLoader::getProtectionDomain@33
                      ; - java.security.SecureClassLoader::defineClass@9
  0x00000189e7712630: 4c1d 6aff 

  0x00000189e7712634: ;   {other}
  0x00000189e7712634: 0f1f 8400 | 2404 0008 | eb02 eb00 | 488b d0eb | 0348 8bd0 | 4883 c450 

  0x00000189e771264c: ;   {runtime_call _rethrow_Java}
  0x00000189e771264c: 5de9 ae8d 

  0x00000189e7712650: ;   {internal_word}
  0x00000189e7712650: 76ff 49ba | 2925 71e7 | 8901 0000 | 4d89 9768 

  0x00000189e7712660: ;   {runtime_call SafepointBlob}
  0x00000189e7712660: 0400 00e9 | 182e 6aff 

  0x00000189e7712668: ;   {runtime_call StubRoutines (final stubs)}
  0x00000189e7712668: e833 3e68 | ffe9 a8fd | ffff f4f4 | f4f4 f4f4 
[Stub Code]
  0x00000189e7712678: ;   {no_reloc}
  0x00000189e7712678: 48bb 1039 | 0680 8901 

  0x00000189e7712680: ;   {runtime_call I2C/C2I adapters}
  0x00000189e7712680: 0000 e9e4 

  0x00000189e7712684: ;   {static_stub}
  0x00000189e7712684: 8769 ff48 | bbc0 4d43 | 8089 0100 

  0x00000189e7712690: ;   {runtime_call I2C/C2I adapters}
  0x00000189e7712690: 00e9 5fff 

  0x00000189e7712694: ;   {runtime_call ExceptionBlob}
  0x00000189e7712694: 68ff e9e5 | 1d76 ffe8 | 0000 0000 | 4883 2c24 

  0x00000189e77126a4: ;   {runtime_call DeoptimizationBlob}
  0x00000189e77126a4: 05e9 7620 | 6aff f4f4 | f4f4 f4f4 
[/MachCode]


---------------  P R O C E S S  ---------------

Threads class SMR info:
_java_thread_list=0x00000189b0c8eb30, length=253, elements={
0x00000189dc71f150, 0x00000189f1b66d60, 0x00000189f1b677c0, 0x00000189f1b6dff0,
0x00000189f1b6ea50, 0x00000189f1b794d0, 0x00000189f1b79f30, 0x00000189f1b90bf0,
0x00000189f1b96920, 0x00000189f4b19230, 0x00000189f4b8f140, 0x00000189fa6160a0,
0x00000189fa6222b0, 0x00000189fa804ab0, 0x00000189fa6cde00, 0x00000189fa6ce840,
0x00000189fa675190, 0x00000189fa682190, 0x00000189fa680de0, 0x00000189fa683540,
0x00000189fa682820, 0x00000189fa682eb0, 0x00000189fa681470, 0x00000189fa680750,
0x00000189fbf37090, 0x00000189fbf37720, 0x00000189fbf35ce0, 0x00000189fbf37db0,
0x00000189fbf36a00, 0x00000189fbf38ad0, 0x00000189fbf35650, 0x00000189fbf3b8c0,
0x00000189fbf39160, 0x00000189fbf397f0, 0x00000189b09f4aa0, 0x00000189b09f57c0,
0x00000189b09f7200, 0x00000189b166c5a0, 0x00000189b166cc30, 0x00000189b16697b0,
0x00000189b166d2c0, 0x00000189b16700b0, 0x00000189b166fa20, 0x00000189b1670740,
0x00000189b166d950, 0x00000189b166dfe0, 0x00000189b166e670, 0x00000189b166ed00,
0x00000189b166f390, 0x00000189aea4c600, 0x00000189aea4ed60, 0x00000189af9b79c0,
0x00000189af9b8050, 0x00000189af9b58f0, 0x00000189af9b86e0, 0x00000189af9b8d70,
0x00000189af9b9400, 0x00000189af9b5f80, 0x00000189af9b6ca0, 0x00000189af9b6610,
0x00000189af9b9a90, 0x00000189af9ba120, 0x00000189af9ba7b0, 0x00000189af9b7330,
0x00000189af9bae40, 0x00000189af9bc880, 0x00000189af9bb4d0, 0x00000189af9bbb60,
0x00000189af9bcf10, 0x00000189af9bc1f0, 0x00000189b2235200, 0x00000189b2231d80,
0x00000189b2233e50, 0x00000189b2232410, 0x00000189b22344e0, 0x00000189b22337c0,
0x00000189b2234b70, 0x00000189b2235f20, 0x00000189b2232aa0, 0x00000189b2235890,
0x00000189b22365b0, 0x00000189b2233130, 0x00000189b2236c40, 0x00000189b4557130,
0x00000189b4552900, 0x00000189b4550ec0, 0x00000189afeb4200, 0x00000189afeb4890,
0x00000189b01c2b90, 0x00000189b01c3f40, 0x00000189b01c1e70, 0x00000189b01c52f0,
0x00000189b01c3220, 0x00000189b01c45d0, 0x00000189b01c38b0, 0x00000189b5517140,
0x00000189fc651010, 0x00000189fc6502f0, 0x00000189fc64ef40, 0x00000189fc64db90,
0x00000189fc64e8b0, 0x00000189aec6b5b0, 0x00000189b1785ab0, 0x00000189b1785420,
0x00000189b1784d90, 0x00000189b1786140, 0x00000189af86f5a0, 0x00000189b1788150,
0x00000189b1786da0, 0x00000189b1787430, 0x00000189b1787ac0, 0x00000189b170c8a0,
0x00000189b170f000, 0x00000189b170e970, 0x00000189b170c210, 0x00000189b170bb80,
0x00000189b170cf30, 0x00000189b170d5c0, 0x00000189b170dc50, 0x00000189b170e2e0,
0x00000189b55aef00, 0x00000189b01c2500, 0x00000189b01c4c60, 0x00000189aeb55af0,
0x00000189aeb54740, 0x00000189aeb56810, 0x00000189aeb54dd0, 0x00000189b55afc20,
0x00000189b55b02b0, 0x00000189aec6bc40, 0x00000189aec6c2d0, 0x00000189afc667c0,
0x00000189af86db60, 0x00000189fa95a070, 0x00000189af86ef10, 0x00000189aeb56180,
0x00000189b202e240, 0x00000189b202e8d0, 0x00000189b202bae0, 0x00000189b2030310,
0x00000189b2031030, 0x00000189b20316c0, 0x00000189b2031d50, 0x00000189b202ef60,
0x00000189b202f5f0, 0x00000189b2033100, 0x00000189b202fc80, 0x00000189b2035ef0,
0x00000189b20351d0, 0x00000189b2036580, 0x00000189b2033790, 0x00000189af86fc30,
0x00000189b55af590, 0x00000189fd653700, 0x00000189af5258f0, 0x00000189fd652350,
0x00000189af522470, 0x00000189fd6529e0, 0x00000189af524bd0, 0x00000189fd653070,
0x00000189b3ca8500, 0x00000189b3ca8b90, 0x00000189b3ca77e0, 0x00000189b3ca7e70,
0x00000189b3ca9220, 0x00000189b3ca7150, 0x00000189f9909a40, 0x00000189af525260,
0x00000189f990a0d0, 0x00000189fadc5500, 0x00000189afd5f810, 0x00000189afc674e0,
0x00000189afd5d740, 0x00000189afc65410, 0x00000189afd5eaf0, 0x00000189afc64060,
0x00000189afd5ddd0, 0x00000189af8702c0, 0x00000189afd5e460, 0x00000189af86e880,
0x00000189afc646f0, 0x00000189af870950, 0x00000189afc64d80, 0x00000189af86d4d0,
0x00000189afc65aa0, 0x00000189af86e1f0, 0x00000189b2034b40, 0x00000189fbe11c50,
0x00000189fbe13690, 0x00000189fbe122e0, 0x00000189fbe12970, 0x00000189b2033e20,
0x00000189b2037930, 0x00000189fbe13d20, 0x00000189b2036c10, 0x00000189fc64fc60,
0x00000189fc64e220, 0x00000189fc8fd310, 0x00000189fc8fabb0, 0x00000189b20372a0,
0x00000189b55ae870, 0x00000189b55b1cf0, 0x00000189b55b0940, 0x00000189b55b0fd0,
0x00000189afe79c80, 0x00000189afe7a9a0, 0x00000189afe7b030, 0x00000189afe7b6c0,
0x00000189afe78f60, 0x00000189afe78240, 0x00000189afe788d0, 0x00000189afe795f0,
0x00000189afe7a310, 0x00000189f4c9cfd0, 0x00000189f4c9d660, 0x00000189f4ca0fe0,
0x00000189f4c9fc30, 0x00000189b3caf7b0, 0x00000189b06ff2e0, 0x00000189b06ff970,
0x00000189b0701a40, 0x00000189f4ca1670, 0x00000189b1d966e0, 0x00000189b1d96050,
0x00000189b1d96d70, 0x00000189b1d97400, 0x00000189fd58bb90, 0x00000189fd58d5d0,
0x00000189fd58c8b0, 0x00000189fd58dc60, 0x00000189fd58cf40, 0x00000189fd58a7e0,
0x00000189b5c9aaf0, 0x00000189b5c9b180, 0x00000189b5c9b810, 0x00000189fc8fb8d0,
0x00000189fc8fbf60, 0x00000189fc8fa520, 0x00000189b5c9bea0, 0x00000189b34cd9e0,
0x00000189fadc6f40, 0x00000189afd5d0b0, 0x00000189b1f666b0, 0x00000189b1f645e0,
0x00000189ae854060, 0x00000189b1f63230, 0x00000189f4c9dcf0, 0x00000189fc8fd9a0,
0x00000189fd58ae70, 0x00000189fadc75d0, 0x00000189fadc82f0, 0x00000189b2d224d0,
0x00000189b01c5e80
}

Java Threads: ( => current thread )
  0x00000189dc71f150 JavaThread "main"                              [_thread_blocked, id=13576, stack(0x0000002594b00000,0x0000002594c00000) (1024K)]
  0x00000189f1b66d60 JavaThread "Reference Handler"          daemon [_thread_blocked, id=11352, stack(0x0000002595300000,0x0000002595400000) (1024K)]
  0x00000189f1b677c0 JavaThread "Finalizer"                  daemon [_thread_blocked, id=6224, stack(0x0000002595400000,0x0000002595500000) (1024K)]
  0x00000189f1b6dff0 JavaThread "Signal Dispatcher"          daemon [_thread_blocked, id=21004, stack(0x0000002595500000,0x0000002595600000) (1024K)]
  0x00000189f1b6ea50 JavaThread "Attach Listener"            daemon [_thread_blocked, id=17940, stack(0x0000002595600000,0x0000002595700000) (1024K)]
  0x00000189f1b794d0 JavaThread "Service Thread"             daemon [_thread_in_vm, id=2768, stack(0x0000002595700000,0x0000002595800000) (1024K)]
  0x00000189f1b79f30 JavaThread "Monitor Deflation Thread"   daemon [_thread_blocked, id=896, stack(0x0000002595800000,0x0000002595900000) (1024K)]
  0x00000189f1b90bf0 JavaThread "C2 CompilerThread0"         daemon [_thread_blocked, id=7244, stack(0x0000002595900000,0x0000002595a00000) (1024K)]
  0x00000189f1b96920 JavaThread "C1 CompilerThread0"         daemon [_thread_blocked, id=452, stack(0x0000002595a00000,0x0000002595b00000) (1024K)]
  0x00000189f4b19230 JavaThread "Common-Cleaner"             daemon [_thread_blocked, id=14216, stack(0x0000002595b00000,0x0000002595c00000) (1024K)]
  0x00000189f4b8f140 JavaThread "Notification Thread"        daemon [_thread_blocked, id=27296, stack(0x0000002595c00000,0x0000002595d00000) (1024K)]
  0x00000189fa6160a0 JavaThread "Daemon health stats"               [_thread_blocked, id=20932, stack(0x0000002596400000,0x0000002596500000) (1024K)]
  0x00000189fa6222b0 JavaThread "Incoming local TCP Connector on port 63605"        [_thread_in_native, id=7652, stack(0x0000002596500000,0x0000002596600000) (1024K)]
  0x00000189fa804ab0 JavaThread "Daemon periodic checks"            [_thread_blocked, id=14392, stack(0x0000002596600000,0x0000002596700000) (1024K)]
  0x00000189fa6cde00 JavaThread "Daemon"                            [_thread_blocked, id=13756, stack(0x0000002596700000,0x0000002596800000) (1024K)]
  0x00000189fa6ce840 JavaThread "Handler for socket connection from /127.0.0.1:63605 to /127.0.0.1:63606"        [_thread_in_native, id=17348, stack(0x0000002596800000,0x0000002596900000) (1024K)]
  0x00000189fa675190 JavaThread "Cancel handler"                    [_thread_blocked, id=8120, stack(0x0000002596900000,0x0000002596a00000) (1024K)]
=>0x00000189fa682190 JavaThread "Daemon worker"                     [_thread_in_vm, id=5248, stack(0x0000002596a00000,0x0000002596b00000) (1024K)]
  0x00000189fa680de0 JavaThread "Asynchronous log dispatcher for DefaultDaemonConnection: socket connection from /127.0.0.1:63605 to /127.0.0.1:63606"        [_thread_blocked, id=8256, stack(0x0000002596b00000,0x0000002596c00000) (1024K)]
  0x00000189fa683540 JavaThread "Stdin handler"                     [_thread_blocked, id=3488, stack(0x0000002596c00000,0x0000002596d00000) (1024K)]
  0x00000189fa682820 JavaThread "Daemon client event forwarder"        [_thread_blocked, id=8808, stack(0x0000002596d00000,0x0000002596e00000) (1024K)]
  0x00000189fa682eb0 JavaThread "Cache worker for journal cache (C:\Users\blajo\.gradle\caches\journal-1)"        [_thread_blocked, id=13092, stack(0x0000002596e00000,0x0000002596f00000) (1024K)]
  0x00000189fa681470 JavaThread "File lock request listener"        [_thread_in_native, id=18680, stack(0x0000002596f00000,0x0000002597000000) (1024K)]
  0x00000189fa680750 JavaThread "Cache worker for file hash cache (C:\Users\blajo\.gradle\caches\9.3.1\fileHashes)"        [_thread_blocked, id=22088, stack(0x0000002597700000,0x0000002597800000) (1024K)]
  0x00000189fbf37090 JavaThread "Cache worker for file hash cache (C:\Users\blajo\Documents\Platform\Platform506\Learning\ess\android\.gradle\9.3.1\fileHashes)"        [_thread_blocked, id=7904, stack(0x0000002597a00000,0x0000002597b00000) (1024K)]
  0x00000189fbf37720 JavaThread "Cache worker for Build Output Cleanup Cache (C:\Users\blajo\Documents\Platform\Platform506\Learning\ess\android\.gradle\buildOutputCleanup)"        [_thread_blocked, id=18584, stack(0x0000002597b00000,0x0000002597c00000) (1024K)]
  0x00000189fbf35ce0 JavaThread "File watcher server"        daemon [_thread_in_native, id=18548, stack(0x0000002597c00000,0x0000002597d00000) (1024K)]
  0x00000189fbf37db0 JavaThread "File watcher consumer"      daemon [_thread_blocked, id=1560, stack(0x0000002597d00000,0x0000002597e00000) (1024K)]
  0x00000189fbf36a00 JavaThread "Cache worker for checksums cache (C:\Users\blajo\Documents\Platform\Platform506\Learning\ess\android\.gradle\9.3.1\checksums)"        [_thread_blocked, id=26772, stack(0x0000002597e00000,0x0000002597f00000) (1024K)]
  0x00000189fbf38ad0 JavaThread "Cache worker for file content cache (C:\Users\blajo\.gradle\caches\9.3.1\fileContent)"        [_thread_blocked, id=23940, stack(0x0000002597f00000,0x0000002598000000) (1024K)]
  0x00000189fbf35650 JavaThread "Cache worker for cache directory md-supplier (C:\Users\blajo\.gradle\caches\9.3.1\md-supplier)"        [_thread_blocked, id=5848, stack(0x0000002598000000,0x0000002598100000) (1024K)]
  0x00000189fbf3b8c0 JavaThread "Cache worker for cache directory md-rule (C:\Users\blajo\.gradle\caches\9.3.1\md-rule)"        [_thread_blocked, id=4716, stack(0x0000002598100000,0x0000002598200000) (1024K)]
  0x00000189fbf39160 JavaThread "jar transforms"                    [_thread_blocked, id=8648, stack(0x0000002598200000,0x0000002598300000) (1024K)]
  0x00000189fbf397f0 JavaThread "Cache worker for Build Output Cleanup Cache (C:\Users\blajo\Documents\Platform\Platform506\Learning\ess\node_modules\@react-native\gradle-plugin\.gradle\buildOutputCleanup)"        [_thread_blocked, id=26664, stack(0x0000002598600000,0x0000002598700000) (1024K)]
  0x00000189b09f4aa0 JavaThread "Unconstrained build operations"        [_thread_blocked, id=17968, stack(0x0000002598a00000,0x0000002598b00000) (1024K)]
  0x00000189b09f57c0 JavaThread "Unconstrained build operations Thread 2"        [_thread_blocked, id=18876, stack(0x0000002598b00000,0x0000002598c00000) (1024K)]
  0x00000189b09f7200 JavaThread "Unconstrained build operations Thread 3"        [_thread_blocked, id=10584, stack(0x0000002598c00000,0x0000002598d00000) (1024K)]
  0x00000189b166c5a0 JavaThread "Cache worker for Build Output Cleanup Cache (C:\Users\blajo\Documents\Platform\Platform506\Learning\ess\node_modules\expo-modules-autolinking\android\expo-gradle-plugin\.gradle\buildOutputCleanup)"        [_thread_blocked, id=18980, stack(0x0000002598d00000,0x0000002598e00000) (1024K)]
  0x00000189b166cc30 JavaThread "Unconstrained build operations Thread 4"        [_thread_blocked, id=11248, stack(0x0000002598900000,0x0000002598a00000) (1024K)]
  0x00000189b16697b0 JavaThread "Unconstrained build operations Thread 5"        [_thread_blocked, id=19348, stack(0x0000002598e00000,0x0000002598f00000) (1024K)]
  0x00000189b166d2c0 JavaThread "Unconstrained build operations Thread 6"        [_thread_blocked, id=19404, stack(0x0000002598f00000,0x0000002599000000) (1024K)]
  0x00000189b16700b0 JavaThread "Unconstrained build operations Thread 7"        [_thread_blocked, id=9448, stack(0x0000002599000000,0x0000002599100000) (1024K)]
  0x00000189b166fa20 JavaThread "Unconstrained build operations Thread 8"        [_thread_blocked, id=21216, stack(0x0000002599100000,0x0000002599200000) (1024K)]
  0x00000189b1670740 JavaThread "Unconstrained build operations Thread 9"        [_thread_blocked, id=18316, stack(0x0000002599200000,0x0000002599300000) (1024K)]
  0x00000189b166d950 JavaThread "Unconstrained build operations Thread 10"        [_thread_blocked, id=25684, stack(0x0000002599300000,0x0000002599400000) (1024K)]
  0x00000189b166dfe0 JavaThread "Unconstrained build operations Thread 11"        [_thread_blocked, id=15936, stack(0x0000002599400000,0x0000002599500000) (1024K)]
  0x00000189b166e670 JavaThread "Unconstrained build operations Thread 12"        [_thread_blocked, id=19384, stack(0x0000002599500000,0x0000002599600000) (1024K)]
  0x00000189b166ed00 JavaThread "Unconstrained build operations Thread 13"        [_thread_blocked, id=22632, stack(0x0000002599600000,0x0000002599700000) (1024K)]
  0x00000189b166f390 JavaThread "Unconstrained build operations Thread 14"        [_thread_blocked, id=3968, stack(0x0000002599700000,0x0000002599800000) (1024K)]
  0x00000189aea4c600 JavaThread "Unconstrained build operations Thread 15"        [_thread_blocked, id=18720, stack(0x0000002599800000,0x0000002599900000) (1024K)]
  0x00000189aea4ed60 JavaThread "Unconstrained build operations Thread 16"        [_thread_blocked, id=4028, stack(0x0000002599900000,0x0000002599a00000) (1024K)]
  0x00000189af9b79c0 JavaThread "Unconstrained build operations Thread 17"        [_thread_blocked, id=17124, stack(0x0000002599a00000,0x0000002599b00000) (1024K)]
  0x00000189af9b8050 JavaThread "Unconstrained build operations Thread 18"        [_thread_blocked, id=23496, stack(0x0000002599b00000,0x0000002599c00000) (1024K)]
  0x00000189af9b58f0 JavaThread "Unconstrained build operations Thread 19"        [_thread_blocked, id=2068, stack(0x0000002599c00000,0x0000002599d00000) (1024K)]
  0x00000189af9b86e0 JavaThread "Unconstrained build operations Thread 20"        [_thread_blocked, id=10196, stack(0x0000002599d00000,0x0000002599e00000) (1024K)]
  0x00000189af9b8d70 JavaThread "Unconstrained build operations Thread 21"        [_thread_blocked, id=5856, stack(0x0000002599e00000,0x0000002599f00000) (1024K)]
  0x00000189af9b9400 JavaThread "Unconstrained build operations Thread 22"        [_thread_blocked, id=10208, stack(0x0000002599f00000,0x000000259a000000) (1024K)]
  0x00000189af9b5f80 JavaThread "Unconstrained build operations Thread 23"        [_thread_blocked, id=8412, stack(0x000000259a000000,0x000000259a100000) (1024K)]
  0x00000189af9b6ca0 JavaThread "Unconstrained build operations Thread 24"        [_thread_blocked, id=21952, stack(0x000000259a100000,0x000000259a200000) (1024K)]
  0x00000189af9b6610 JavaThread "Unconstrained build operations Thread 25"        [_thread_blocked, id=4744, stack(0x000000259a200000,0x000000259a300000) (1024K)]
  0x00000189af9b9a90 JavaThread "Unconstrained build operations Thread 26"        [_thread_blocked, id=5656, stack(0x000000259a300000,0x000000259a400000) (1024K)]
  0x00000189af9ba120 JavaThread "Unconstrained build operations Thread 27"        [_thread_blocked, id=13644, stack(0x000000259a400000,0x000000259a500000) (1024K)]
  0x00000189af9ba7b0 JavaThread "Unconstrained build operations Thread 28"        [_thread_blocked, id=18284, stack(0x000000259a500000,0x000000259a600000) (1024K)]
  0x00000189af9b7330 JavaThread "Unconstrained build operations Thread 29"        [_thread_blocked, id=5328, stack(0x000000259a600000,0x000000259a700000) (1024K)]
  0x00000189af9bae40 JavaThread "Unconstrained build operations Thread 30"        [_thread_blocked, id=12092, stack(0x000000259a700000,0x000000259a800000) (1024K)]
  0x00000189af9bc880 JavaThread "Unconstrained build operations Thread 31"        [_thread_blocked, id=18752, stack(0x000000259a800000,0x000000259a900000) (1024K)]
  0x00000189af9bb4d0 JavaThread "Unconstrained build operations Thread 32"        [_thread_blocked, id=18668, stack(0x000000259a900000,0x000000259aa00000) (1024K)]
  0x00000189af9bbb60 JavaThread "Unconstrained build operations Thread 33"        [_thread_blocked, id=14312, stack(0x000000259aa00000,0x000000259ab00000) (1024K)]
  0x00000189af9bcf10 JavaThread "Unconstrained build operations Thread 34"        [_thread_blocked, id=26972, stack(0x000000259ab00000,0x000000259ac00000) (1024K)]
  0x00000189af9bc1f0 JavaThread "Unconstrained build operations Thread 35"        [_thread_blocked, id=4164, stack(0x000000259ac00000,0x000000259ad00000) (1024K)]
  0x00000189b2235200 JavaThread "Unconstrained build operations Thread 36"        [_thread_blocked, id=14188, stack(0x000000259ad00000,0x000000259ae00000) (1024K)]
  0x00000189b2231d80 JavaThread "Unconstrained build operations Thread 37"        [_thread_blocked, id=2344, stack(0x000000259ae00000,0x000000259af00000) (1024K)]
  0x00000189b2233e50 JavaThread "Unconstrained build operations Thread 38"        [_thread_blocked, id=25648, stack(0x000000259af00000,0x000000259b000000) (1024K)]
  0x00000189b2232410 JavaThread "Unconstrained build operations Thread 39"        [_thread_blocked, id=2976, stack(0x000000259b000000,0x000000259b100000) (1024K)]
  0x00000189b22344e0 JavaThread "Unconstrained build operations Thread 40"        [_thread_blocked, id=21256, stack(0x000000259b100000,0x000000259b200000) (1024K)]
  0x00000189b22337c0 JavaThread "Unconstrained build operations Thread 41"        [_thread_blocked, id=22756, stack(0x000000259b200000,0x000000259b300000) (1024K)]
  0x00000189b2234b70 JavaThread "Unconstrained build operations Thread 42"        [_thread_blocked, id=8720, stack(0x000000259b300000,0x000000259b400000) (1024K)]
  0x00000189b2235f20 JavaThread "Unconstrained build operations Thread 43"        [_thread_blocked, id=9084, stack(0x000000259b400000,0x000000259b500000) (1024K)]
  0x00000189b2232aa0 JavaThread "Unconstrained build operations Thread 44"        [_thread_blocked, id=3944, stack(0x000000259b500000,0x000000259b600000) (1024K)]
  0x00000189b2235890 JavaThread "Unconstrained build operations Thread 45"        [_thread_blocked, id=23704, stack(0x000000259b600000,0x000000259b700000) (1024K)]
  0x00000189b22365b0 JavaThread "Unconstrained build operations Thread 46"        [_thread_blocked, id=4752, stack(0x000000259b700000,0x000000259b800000) (1024K)]
  0x00000189b2233130 JavaThread "Unconstrained build operations Thread 47"        [_thread_blocked, id=22776, stack(0x000000259b800000,0x000000259b900000) (1024K)]
  0x00000189b2236c40 JavaThread "Unconstrained build operations Thread 48"        [_thread_blocked, id=4604, stack(0x000000259b900000,0x000000259ba00000) (1024K)]
  0x00000189b4557130 JavaThread "build event listener"              [_thread_blocked, id=11048, stack(0x0000002598800000,0x0000002598900000) (1024K)]
  0x00000189b4552900 JavaThread "Memory manager"                    [_thread_blocked, id=8308, stack(0x000000259ba00000,0x000000259bb00000) (1024K)]
  0x00000189b4550ec0 JavaThread "Problems report writer"            [_thread_blocked, id=20732, stack(0x000000259bb00000,0x000000259bc00000) (1024K)]
  0x00000189afeb4200 JavaThread "Unconstrained build operations Thread 49"        [_thread_blocked, id=26336, stack(0x000000259bc00000,0x000000259bd00000) (1024K)]
  0x00000189afeb4890 JavaThread "Unconstrained build operations Thread 50"        [_thread_blocked, id=5276, stack(0x000000259bd00000,0x000000259be00000) (1024K)]
  0x00000189b01c2b90 JavaThread "Unconstrained build operations Thread 51"        [_thread_blocked, id=20296, stack(0x000000259be00000,0x000000259bf00000) (1024K)]
  0x00000189b01c3f40 JavaThread "Unconstrained build operations Thread 52"        [_thread_blocked, id=18700, stack(0x000000259bf00000,0x000000259c000000) (1024K)]
  0x00000189b01c1e70 JavaThread "Unconstrained build operations Thread 53"        [_thread_blocked, id=19488, stack(0x000000259c000000,0x000000259c100000) (1024K)]
  0x00000189b01c52f0 JavaThread "Unconstrained build operations Thread 54"        [_thread_blocked, id=9024, stack(0x000000259c100000,0x000000259c200000) (1024K)]
  0x00000189b01c3220 JavaThread "Unconstrained build operations Thread 55"        [_thread_blocked, id=26176, stack(0x000000259c200000,0x000000259c300000) (1024K)]
  0x00000189b01c45d0 JavaThread "Unconstrained build operations Thread 56"        [_thread_blocked, id=6864, stack(0x000000259c300000,0x000000259c400000) (1024K)]
  0x00000189b01c38b0 JavaThread "Unconstrained build operations Thread 57"        [_thread_blocked, id=14308, stack(0x000000259c400000,0x000000259c500000) (1024K)]
  0x00000189b5517140 JavaThread "Unconstrained build operations Thread 58"        [_thread_blocked, id=2712, stack(0x000000259c500000,0x000000259c600000) (1024K)]
  0x00000189fc651010 JavaThread "Unconstrained build operations Thread 59"        [_thread_blocked, id=18024, stack(0x000000259c600000,0x000000259c700000) (1024K)]
  0x00000189fc6502f0 JavaThread "Unconstrained build operations Thread 60"        [_thread_blocked, id=20680, stack(0x000000259c700000,0x000000259c800000) (1024K)]
  0x00000189fc64ef40 JavaThread "Unconstrained build operations Thread 61"        [_thread_blocked, id=7080, stack(0x000000259c800000,0x000000259c900000) (1024K)]
  0x00000189fc64db90 JavaThread "Unconstrained build operations Thread 62"        [_thread_blocked, id=27508, stack(0x000000259c900000,0x000000259ca00000) (1024K)]
  0x00000189fc64e8b0 JavaThread "Unconstrained build operations Thread 63"        [_thread_blocked, id=16508, stack(0x000000259ca00000,0x000000259cb00000) (1024K)]
  0x00000189aec6b5b0 JavaThread "build event listener"              [_thread_blocked, id=17440, stack(0x0000002596300000,0x0000002596400000) (1024K)]
  0x00000189b1785ab0 JavaThread "Unconstrained build operations Thread 64"        [_thread_blocked, id=6284, stack(0x0000002598700000,0x0000002598800000) (1024K)]
  0x00000189b1785420 JavaThread "Unconstrained build operations Thread 65"        [_thread_blocked, id=18236, stack(0x000000259cb00000,0x000000259cc00000) (1024K)]
  0x00000189b1784d90 JavaThread "Unconstrained build operations Thread 66"        [_thread_blocked, id=21664, stack(0x000000259cc00000,0x000000259cd00000) (1024K)]
  0x00000189b1786140 JavaThread "Unconstrained build operations Thread 67"        [_thread_blocked, id=26196, stack(0x000000259cd00000,0x000000259ce00000) (1024K)]
  0x00000189af86f5a0 JavaThread "Unconstrained build operations Thread 68"        [_thread_blocked, id=1672, stack(0x000000259ce00000,0x000000259cf00000) (1024K)]
  0x00000189b1788150 JavaThread "Unconstrained build operations Thread 69"        [_thread_blocked, id=21376, stack(0x000000259cf00000,0x000000259d000000) (1024K)]
  0x00000189b1786da0 JavaThread "Unconstrained build operations Thread 70"        [_thread_blocked, id=24380, stack(0x000000259d000000,0x000000259d100000) (1024K)]
  0x00000189b1787430 JavaThread "Unconstrained build operations Thread 71"        [_thread_blocked, id=12404, stack(0x000000259d100000,0x000000259d200000) (1024K)]
  0x00000189b1787ac0 JavaThread "Unconstrained build operations Thread 72"        [_thread_blocked, id=18836, stack(0x000000259d200000,0x000000259d300000) (1024K)]
  0x00000189b170c8a0 JavaThread "Unconstrained build operations Thread 73"        [_thread_blocked, id=7676, stack(0x000000259d300000,0x000000259d400000) (1024K)]
  0x00000189b170f000 JavaThread "Unconstrained build operations Thread 74"        [_thread_blocked, id=9364, stack(0x000000259d400000,0x000000259d500000) (1024K)]
  0x00000189b170e970 JavaThread "Unconstrained build operations Thread 75"        [_thread_blocked, id=10692, stack(0x000000259d500000,0x000000259d600000) (1024K)]
  0x00000189b170c210 JavaThread "Unconstrained build operations Thread 76"        [_thread_blocked, id=10812, stack(0x000000259d600000,0x000000259d700000) (1024K)]
  0x00000189b170bb80 JavaThread "Unconstrained build operations Thread 77"        [_thread_blocked, id=20276, stack(0x000000259d700000,0x000000259d800000) (1024K)]
  0x00000189b170cf30 JavaThread "Unconstrained build operations Thread 78"        [_thread_blocked, id=9300, stack(0x000000259d800000,0x000000259d900000) (1024K)]
  0x00000189b170d5c0 JavaThread "Unconstrained build operations Thread 79"        [_thread_blocked, id=10960, stack(0x000000259d900000,0x000000259da00000) (1024K)]
  0x00000189b170dc50 JavaThread "Unconstrained build operations Thread 80"        [_thread_blocked, id=25412, stack(0x000000259da00000,0x000000259db00000) (1024K)]
  0x00000189b170e2e0 JavaThread "Unconstrained build operations Thread 81"        [_thread_blocked, id=22484, stack(0x000000259db00000,0x000000259dc00000) (1024K)]
  0x00000189b55aef00 JavaThread "Unconstrained build operations Thread 82"        [_thread_blocked, id=27392, stack(0x000000259dc00000,0x000000259dd00000) (1024K)]
  0x00000189b01c2500 JavaThread "Unconstrained build operations Thread 83"        [_thread_blocked, id=22892, stack(0x000000259dd00000,0x000000259de00000) (1024K)]
  0x00000189b01c4c60 JavaThread "Unconstrained build operations Thread 84"        [_thread_blocked, id=20448, stack(0x000000259de00000,0x000000259df00000) (1024K)]
  0x00000189aeb55af0 JavaThread "Unconstrained build operations Thread 85"        [_thread_blocked, id=1108, stack(0x000000259df00000,0x000000259e000000) (1024K)]
  0x00000189aeb54740 JavaThread "Unconstrained build operations Thread 86"        [_thread_blocked, id=19520, stack(0x000000259e000000,0x000000259e100000) (1024K)]
  0x00000189aeb56810 JavaThread "Unconstrained build operations Thread 87"        [_thread_blocked, id=300, stack(0x000000259e100000,0x000000259e200000) (1024K)]
  0x00000189aeb54dd0 JavaThread "ForkJoinPool.commonPool-worker-1" daemon [_thread_blocked, id=1556, stack(0x0000002594800000,0x0000002594900000) (1024K)]
  0x00000189b55afc20 JavaThread "ForkJoinPool.commonPool-worker-2" daemon [_thread_blocked, id=20236, stack(0x0000002594900000,0x0000002594a00000) (1024K)]
  0x00000189b55b02b0 JavaThread "ForkJoinPool.commonPool-worker-3" daemon [_thread_blocked, id=20828, stack(0x0000002594a00000,0x0000002594b00000) (1024K)]
  0x00000189aec6bc40 JavaThread "ForkJoinPool.commonPool-worker-4" daemon [_thread_blocked, id=1572, stack(0x000000259e200000,0x000000259e300000) (1024K)]
  0x00000189aec6c2d0 JavaThread "ForkJoinPool.commonPool-worker-6" daemon [_thread_blocked, id=904, stack(0x000000259e400000,0x000000259e500000) (1024K)]
  0x00000189afc667c0 JavaThread "ForkJoinPool.commonPool-worker-8" daemon [_thread_blocked, id=26360, stack(0x000000259e500000,0x000000259e600000) (1024K)]
  0x00000189af86db60 JavaThread "ForkJoinPool.commonPool-worker-7" daemon [_thread_blocked, id=14268, stack(0x000000259e600000,0x000000259e700000) (1024K)]
  0x00000189fa95a070 JavaThread "ForkJoinPool.commonPool-worker-10" daemon [_thread_blocked, id=2028, stack(0x000000259e700000,0x000000259e800000) (1024K)]
  0x00000189af86ef10 JavaThread "ForkJoinPool.commonPool-worker-11" daemon [_thread_blocked, id=24672, stack(0x000000259e900000,0x000000259ea00000) (1024K)]
  0x00000189aeb56180 JavaThread "included builds"                   [_thread_blocked, id=7432, stack(0x000000259ed00000,0x000000259ee00000) (1024K)]
  0x00000189b202e240 JavaThread "Execution worker"                  [_thread_blocked, id=20252, stack(0x000000259ef00000,0x000000259f000000) (1024K)]
  0x00000189b202e8d0 JavaThread "Execution worker Thread 2"         [_thread_blocked, id=11828, stack(0x000000259f000000,0x000000259f100000) (1024K)]
  0x00000189b202bae0 JavaThread "Execution worker Thread 3"         [_thread_blocked, id=10440, stack(0x000000259f100000,0x000000259f200000) (1024K)]
  0x00000189b2030310 JavaThread "Execution worker Thread 4"         [_thread_blocked, id=13616, stack(0x000000259f200000,0x000000259f300000) (1024K)]
  0x00000189b2031030 JavaThread "Execution worker Thread 5"         [_thread_blocked, id=21568, stack(0x000000259f300000,0x000000259f400000) (1024K)]
  0x00000189b20316c0 JavaThread "Execution worker Thread 6"         [_thread_blocked, id=24184, stack(0x000000259f400000,0x000000259f500000) (1024K)]
  0x00000189b2031d50 JavaThread "Execution worker Thread 7"         [_thread_blocked, id=6992, stack(0x000000259f500000,0x000000259f600000) (1024K)]
  0x00000189b202ef60 JavaThread "Execution worker Thread 8"         [_thread_blocked, id=26388, stack(0x000000259f600000,0x000000259f700000) (1024K)]
  0x00000189b202f5f0 JavaThread "Execution worker Thread 9"         [_thread_blocked, id=21848, stack(0x000000259f700000,0x000000259f800000) (1024K)]
  0x00000189b2033100 JavaThread "Execution worker Thread 10"        [_thread_blocked, id=2112, stack(0x000000259f800000,0x000000259f900000) (1024K)]
  0x00000189b202fc80 JavaThread "Execution worker Thread 11"        [_thread_blocked, id=14196, stack(0x000000259f900000,0x000000259fa00000) (1024K)]
  0x00000189b2035ef0 JavaThread "Execution worker Thread 12"        [_thread_blocked, id=10388, stack(0x000000259fa00000,0x000000259fb00000) (1024K)]
  0x00000189b20351d0 JavaThread "Execution worker Thread 13"        [_thread_blocked, id=12640, stack(0x000000259fb00000,0x000000259fc00000) (1024K)]
  0x00000189b2036580 JavaThread "Execution worker Thread 14"        [_thread_blocked, id=12912, stack(0x000000259fc00000,0x000000259fd00000) (1024K)]
  0x00000189b2033790 JavaThread "Execution worker Thread 15"        [_thread_blocked, id=4812, stack(0x000000259fd00000,0x000000259fe00000) (1024K)]
  0x00000189af86fc30 JavaThread "Cache worker for execution history cache (C:\Users\blajo\Documents\Platform\Platform506\Learning\ess\node_modules\expo-modules-autolinking\android\expo-gradle-plugin\.gradle\9.3.1\executionHistory)"        [_thread_blocked, id=12472, stack(0x000000259fe00000,0x000000259ff00000) (1024K)]
  0x00000189b55af590 JavaThread "Cache worker for execution history cache (C:\Users\blajo\Documents\Platform\Platform506\Learning\ess\node_modules\@react-native\gradle-plugin\.gradle\9.3.1\executionHistory)"        [_thread_blocked, id=3976, stack(0x000000259ff00000,0x00000025a0000000) (1024K)]
  0x00000189fd653700 JavaThread "Unconstrained build operations Thread 88"        [_thread_blocked, id=18856, stack(0x00000025a0000000,0x00000025a0100000) (1024K)]
  0x00000189af5258f0 JavaThread "Unconstrained build operations Thread 89"        [_thread_blocked, id=26580, stack(0x00000025a0100000,0x00000025a0200000) (1024K)]
  0x00000189fd652350 JavaThread "Unconstrained build operations Thread 90"        [_thread_blocked, id=3412, stack(0x00000025a0200000,0x00000025a0300000) (1024K)]
  0x00000189af522470 JavaThread "Unconstrained build operations Thread 91"        [_thread_blocked, id=24056, stack(0x00000025a0300000,0x00000025a0400000) (1024K)]
  0x00000189fd6529e0 JavaThread "Unconstrained build operations Thread 92"        [_thread_blocked, id=23224, stack(0x00000025a0400000,0x00000025a0500000) (1024K)]
  0x00000189af524bd0 JavaThread "Unconstrained build operations Thread 93"        [_thread_blocked, id=11948, stack(0x00000025a0500000,0x00000025a0600000) (1024K)]
  0x00000189fd653070 JavaThread "Unconstrained build operations Thread 94"        [_thread_blocked, id=3420, stack(0x00000025a0600000,0x00000025a0700000) (1024K)]
  0x00000189b3ca8500 JavaThread "Unconstrained build operations Thread 95"        [_thread_blocked, id=22772, stack(0x00000025a0700000,0x00000025a0800000) (1024K)]
  0x00000189b3ca8b90 JavaThread "Unconstrained build operations Thread 96"        [_thread_blocked, id=25948, stack(0x00000025a0800000,0x00000025a0900000) (1024K)]
  0x00000189b3ca77e0 JavaThread "Unconstrained build operations Thread 97"        [_thread_blocked, id=26012, stack(0x00000025a0900000,0x00000025a0a00000) (1024K)]
  0x00000189b3ca7e70 JavaThread "Unconstrained build operations Thread 98"        [_thread_blocked, id=26708, stack(0x00000025a0a00000,0x00000025a0b00000) (1024K)]
  0x00000189b3ca9220 JavaThread "Unconstrained build operations Thread 99"        [_thread_blocked, id=2780, stack(0x00000025a0b00000,0x00000025a0c00000) (1024K)]
  0x00000189b3ca7150 JavaThread "Unconstrained build operations Thread 100"        [_thread_blocked, id=6916, stack(0x00000025a0c00000,0x00000025a0d00000) (1024K)]
  0x00000189f9909a40 JavaThread "Unconstrained build operations Thread 101"        [_thread_blocked, id=23164, stack(0x00000025a0d00000,0x00000025a0e00000) (1024K)]
  0x00000189af525260 JavaThread "Unconstrained build operations Thread 102"        [_thread_blocked, id=19808, stack(0x00000025a0e00000,0x00000025a0f00000) (1024K)]
  0x00000189f990a0d0 JavaThread "Unconstrained build operations Thread 103"        [_thread_blocked, id=13720, stack(0x00000025a0f00000,0x00000025a1000000) (1024K)]
  0x00000189fadc5500 JavaThread "Unconstrained build operations Thread 104"        [_thread_blocked, id=5224, stack(0x00000025a1000000,0x00000025a1100000) (1024K)]
  0x00000189afd5f810 JavaThread "Unconstrained build operations Thread 105"        [_thread_blocked, id=23876, stack(0x00000025a1100000,0x00000025a1200000) (1024K)]
  0x00000189afc674e0 JavaThread "Unconstrained build operations Thread 106"        [_thread_blocked, id=21736, stack(0x00000025a1200000,0x00000025a1300000) (1024K)]
  0x00000189afd5d740 JavaThread "Unconstrained build operations Thread 107"        [_thread_blocked, id=11308, stack(0x00000025a1300000,0x00000025a1400000) (1024K)]
  0x00000189afc65410 JavaThread "Unconstrained build operations Thread 108"        [_thread_blocked, id=10752, stack(0x00000025a1400000,0x00000025a1500000) (1024K)]
  0x00000189afd5eaf0 JavaThread "Unconstrained build operations Thread 109"        [_thread_blocked, id=16912, stack(0x00000025a1500000,0x00000025a1600000) (1024K)]
  0x00000189afc64060 JavaThread "Unconstrained build operations Thread 110"        [_thread_blocked, id=17128, stack(0x00000025a1600000,0x00000025a1700000) (1024K)]
  0x00000189afd5ddd0 JavaThread "Unconstrained build operations Thread 111"        [_thread_blocked, id=7564, stack(0x00000025a1700000,0x00000025a1800000) (1024K)]
  0x00000189af8702c0 JavaThread "Unconstrained build operations Thread 112"        [_thread_blocked, id=18228, stack(0x00000025a1800000,0x00000025a1900000) (1024K)]
  0x00000189afd5e460 JavaThread "Unconstrained build operations Thread 113"        [_thread_blocked, id=10248, stack(0x00000025a1900000,0x00000025a1a00000) (1024K)]
  0x00000189af86e880 JavaThread "Unconstrained build operations Thread 114"        [_thread_blocked, id=7440, stack(0x00000025a1a00000,0x00000025a1b00000) (1024K)]
  0x00000189afc646f0 JavaThread "Unconstrained build operations Thread 115"        [_thread_blocked, id=2444, stack(0x00000025a1b00000,0x00000025a1c00000) (1024K)]
  0x00000189af870950 JavaThread "Unconstrained build operations Thread 116"        [_thread_blocked, id=27044, stack(0x00000025a1c00000,0x00000025a1d00000) (1024K)]
  0x00000189afc64d80 JavaThread "Unconstrained build operations Thread 117"        [_thread_blocked, id=12056, stack(0x00000025a1d00000,0x00000025a1e00000) (1024K)]
  0x00000189af86d4d0 JavaThread "Unconstrained build operations Thread 118"        [_thread_blocked, id=19924, stack(0x00000025a1e00000,0x00000025a1f00000) (1024K)]
  0x00000189afc65aa0 JavaThread "Unconstrained build operations Thread 119"        [_thread_blocked, id=21172, stack(0x00000025a1f00000,0x00000025a2000000) (1024K)]
  0x00000189af86e1f0 JavaThread "Unconstrained build operations Thread 120"        [_thread_blocked, id=15168, stack(0x00000025a2000000,0x00000025a2100000) (1024K)]
  0x00000189b2034b40 JavaThread "Unconstrained build operations Thread 121"        [_thread_blocked, id=21188, stack(0x00000025a2100000,0x00000025a2200000) (1024K)]
  0x00000189fbe11c50 JavaThread "Unconstrained build operations Thread 122"        [_thread_blocked, id=2096, stack(0x00000025a2200000,0x00000025a2300000) (1024K)]
  0x00000189fbe13690 JavaThread "Unconstrained build operations Thread 123"        [_thread_blocked, id=25188, stack(0x00000025a2300000,0x00000025a2400000) (1024K)]
  0x00000189fbe122e0 JavaThread "Unconstrained build operations Thread 124"        [_thread_blocked, id=12660, stack(0x00000025a2400000,0x00000025a2500000) (1024K)]
  0x00000189fbe12970 JavaThread "Unconstrained build operations Thread 125"        [_thread_blocked, id=20468, stack(0x00000025a2500000,0x00000025a2600000) (1024K)]
  0x00000189b2033e20 JavaThread "Unconstrained build operations Thread 126"        [_thread_blocked, id=17908, stack(0x00000025a2600000,0x00000025a2700000) (1024K)]
  0x00000189b2037930 JavaThread "Unconstrained build operations Thread 127"        [_thread_blocked, id=25340, stack(0x00000025a2700000,0x00000025a2800000) (1024K)]
  0x00000189fbe13d20 JavaThread "Unconstrained build operations Thread 128"        [_thread_blocked, id=3876, stack(0x00000025a2800000,0x00000025a2900000) (1024K)]
  0x00000189b2036c10 JavaThread "Unconstrained build operations Thread 129"        [_thread_blocked, id=23100, stack(0x00000025a2900000,0x00000025a2a00000) (1024K)]
  0x00000189fc64fc60 JavaThread "Unconstrained build operations Thread 130"        [_thread_blocked, id=1832, stack(0x00000025a2a00000,0x00000025a2b00000) (1024K)]
  0x00000189fc64e220 JavaThread "Unconstrained build operations Thread 131"        [_thread_blocked, id=9984, stack(0x00000025a2b00000,0x00000025a2c00000) (1024K)]
  0x00000189fc8fd310 JavaThread "Unconstrained build operations Thread 132"        [_thread_blocked, id=18944, stack(0x00000025a2c00000,0x00000025a2d00000) (1024K)]
  0x00000189fc8fabb0 JavaThread "Unconstrained build operations Thread 133"        [_thread_blocked, id=27400, stack(0x00000025a2d00000,0x00000025a2e00000) (1024K)]
  0x00000189b20372a0 JavaThread "Unconstrained build operations Thread 134"        [_thread_blocked, id=11072, stack(0x00000025a2e00000,0x00000025a2f00000) (1024K)]
  0x00000189b55ae870 JavaThread "Unconstrained build operations Thread 135"        [_thread_blocked, id=8612, stack(0x00000025a2f00000,0x00000025a3000000) (1024K)]
  0x00000189b55b1cf0 JavaThread "Unconstrained build operations Thread 136"        [_thread_blocked, id=21548, stack(0x00000025a3000000,0x00000025a3100000) (1024K)]
  0x00000189b55b0940 JavaThread "Unconstrained build operations Thread 137"        [_thread_blocked, id=19220, stack(0x00000025a3100000,0x00000025a3200000) (1024K)]
  0x00000189b55b0fd0 JavaThread "Unconstrained build operations Thread 138"        [_thread_blocked, id=24152, stack(0x00000025a3200000,0x00000025a3300000) (1024K)]
  0x00000189afe79c80 JavaThread "Unconstrained build operations Thread 139"        [_thread_blocked, id=20948, stack(0x00000025a3300000,0x00000025a3400000) (1024K)]
  0x00000189afe7a9a0 JavaThread "Unconstrained build operations Thread 140"        [_thread_blocked, id=9576, stack(0x00000025a3400000,0x00000025a3500000) (1024K)]
  0x00000189afe7b030 JavaThread "Unconstrained build operations Thread 141"        [_thread_blocked, id=17108, stack(0x00000025a3500000,0x00000025a3600000) (1024K)]
  0x00000189afe7b6c0 JavaThread "Unconstrained build operations Thread 142"        [_thread_blocked, id=18932, stack(0x00000025a3600000,0x00000025a3700000) (1024K)]
  0x00000189afe78f60 JavaThread "Unconstrained build operations Thread 143"        [_thread_blocked, id=13492, stack(0x00000025a3700000,0x00000025a3800000) (1024K)]
  0x00000189afe78240 JavaThread "Unconstrained build operations Thread 144"        [_thread_blocked, id=7464, stack(0x00000025a3800000,0x00000025a3900000) (1024K)]
  0x00000189afe788d0 JavaThread "Unconstrained build operations Thread 145"        [_thread_blocked, id=18656, stack(0x00000025a3900000,0x00000025a3a00000) (1024K)]
  0x00000189afe795f0 JavaThread "Unconstrained build operations Thread 146"        [_thread_blocked, id=19116, stack(0x00000025a3a00000,0x00000025a3b00000) (1024K)]
  0x00000189afe7a310 JavaThread "Unconstrained build operations Thread 147"        [_thread_blocked, id=7544, stack(0x00000025a3b00000,0x00000025a3c00000) (1024K)]
  0x00000189f4c9cfd0 JavaThread "Unconstrained build operations Thread 148"        [_thread_blocked, id=992, stack(0x00000025a3c00000,0x00000025a3d00000) (1024K)]
  0x00000189f4c9d660 JavaThread "Unconstrained build operations Thread 149"        [_thread_blocked, id=26136, stack(0x00000025a3d00000,0x00000025a3e00000) (1024K)]
  0x00000189f4ca0fe0 JavaThread "Unconstrained build operations Thread 150"        [_thread_blocked, id=3792, stack(0x00000025a3e00000,0x00000025a3f00000) (1024K)]
  0x00000189f4c9fc30 JavaThread "WorkerExecutor Queue"              [_thread_blocked, id=20064, stack(0x00000025a4000000,0x00000025a4100000) (1024K)]
  0x00000189b3caf7b0 JavaThread "RMI Scheduler(0)"           daemon [_thread_blocked, id=20644, stack(0x00000025a4100000,0x00000025a4200000) (1024K)]
  0x00000189b06ff2e0 JavaThread "RMI GC Daemon"              daemon [_thread_blocked, id=9088, stack(0x00000025a3f00000,0x00000025a4000000) (1024K)]
  0x00000189b06ff970 JavaThread "RMI TCP Accept-0"           daemon [_thread_in_native, id=8404, stack(0x00000025a4300000,0x00000025a4400000) (1024K)]
  0x00000189b0701a40 JavaThread "RMI Reaper"                        [_thread_blocked, id=22652, stack(0x00000025a4400000,0x00000025a4500000) (1024K)]
  0x00000189f4ca1670 JavaThread "RMI TCP Connection(idle)"   daemon [_thread_blocked, id=23040, stack(0x00000025a4500000,0x00000025a4600000) (1024K)]
  0x00000189b1d966e0 JavaThread "Unconstrained build operations Thread 151"        [_thread_blocked, id=22112, stack(0x0000002598500000,0x0000002598600000) (1024K)]
  0x00000189b1d96050 JavaThread "Unconstrained build operations Thread 152"        [_thread_blocked, id=19764, stack(0x00000025a4600000,0x00000025a4700000) (1024K)]
  0x00000189b1d96d70 JavaThread "Unconstrained build operations Thread 153"        [_thread_blocked, id=25020, stack(0x00000025a4700000,0x00000025a4800000) (1024K)]
  0x00000189b1d97400 JavaThread "Unconstrained build operations Thread 154"        [_thread_blocked, id=19500, stack(0x00000025a4a00000,0x00000025a4b00000) (1024K)]
  0x00000189fd58bb90 JavaThread "Unconstrained build operations Thread 155"        [_thread_blocked, id=10856, stack(0x00000025a4b00000,0x00000025a4c00000) (1024K)]
  0x00000189fd58d5d0 JavaThread "Unconstrained build operations Thread 156"        [_thread_blocked, id=19388, stack(0x00000025a4c00000,0x00000025a4d00000) (1024K)]
  0x00000189fd58c8b0 JavaThread "Unconstrained build operations Thread 157"        [_thread_blocked, id=11440, stack(0x00000025a4d00000,0x00000025a4e00000) (1024K)]
  0x00000189fd58dc60 JavaThread "Unconstrained build operations Thread 158"        [_thread_blocked, id=5260, stack(0x00000025a4e00000,0x00000025a4f00000) (1024K)]
  0x00000189fd58cf40 JavaThread "Unconstrained build operations Thread 159"        [_thread_blocked, id=20172, stack(0x00000025a4f00000,0x00000025a5000000) (1024K)]
  0x00000189fd58a7e0 JavaThread "Unconstrained build operations Thread 160"        [_thread_blocked, id=19848, stack(0x00000025a5000000,0x00000025a5100000) (1024K)]
  0x00000189b5c9aaf0 JavaThread "WorkerExecutor Queue Thread 2"        [_thread_blocked, id=19464, stack(0x0000002595f00000,0x0000002596000000) (1024K)]
  0x00000189b5c9b180 JavaThread "RMI TCP Connection(idle)"   daemon [_thread_blocked, id=5616, stack(0x0000002598400000,0x0000002598500000) (1024K)]
  0x00000189b5c9b810 JavaThread "RMI TCP Connection(idle)"   daemon [_thread_blocked, id=12364, stack(0x00000025a4200000,0x00000025a4300000) (1024K)]
  0x00000189fc8fb8d0 JavaThread "Exec process Thread 4"             [_thread_blocked, id=27552, stack(0x000000259ea00000,0x000000259eb00000) (1024K)]
  0x00000189fc8fbf60 JavaThread "Exec process Thread 5"             [_thread_blocked, id=27620, stack(0x000000259eb00000,0x000000259ec00000) (1024K)]
  0x00000189fc8fa520 JavaThread "Exec process Thread 6"             [_thread_blocked, id=7276, stack(0x000000259ec00000,0x000000259ed00000) (1024K)]
  0x00000189b5c9bea0 JavaThread "jar transforms Thread 2"           [_thread_blocked, id=468, stack(0x000000259ee00000,0x000000259ef00000) (1024K)]
  0x00000189b34cd9e0 JavaThread "Cache worker for Build Output Cleanup Cache (C:\Users\blajo\Documents\Platform\Platform506\Learning\ess\node_modules\expo-modules-core\expo-module-gradle-plugin\.gradle\buildOutputCleanup)"        [_thread_blocked, id=25072, stack(0x00000025a5100000,0x00000025a5200000) (1024K)]
  0x00000189fadc6f40 JavaThread "build event listener"              [_thread_blocked, id=18376, stack(0x0000002598300000,0x0000002598400000) (1024K)]
  0x00000189afd5d0b0 JavaThread "jar transforms Thread 3"           [_thread_blocked, id=9244, stack(0x00000025a5400000,0x00000025a5500000) (1024K)]
  0x00000189b1f666b0 JavaThread "included builds Thread 3"          [_thread_blocked, id=16984, stack(0x00000025a5500000,0x00000025a5600000) (1024K)]
  0x00000189b1f645e0 JavaThread "included builds Thread 4"          [_thread_blocked, id=18180, stack(0x00000025a5600000,0x00000025a5700000) (1024K)]
  0x00000189ae854060 JavaThread "Cache worker for execution history cache (C:\Users\blajo\Documents\Platform\Platform506\Learning\ess\node_modules\expo-modules-core\expo-module-gradle-plugin\.gradle\9.3.1\executionHistory)"        [_thread_blocked, id=22884, stack(0x00000025a5700000,0x00000025a5800000) (1024K)]
  0x00000189b1f63230 JavaThread "WorkerExecutor Queue Thread 3"        [_thread_blocked, id=5632, stack(0x00000025a5800000,0x00000025a5900000) (1024K)]
  0x00000189f4c9dcf0 JavaThread "WorkerExecutor Queue Thread 4"        [_thread_blocked, id=3896, stack(0x00000025a5900000,0x00000025a5a00000) (1024K)]
  0x00000189fc8fd9a0 JavaThread "WorkerExecutor Queue Thread 5"        [_thread_blocked, id=24668, stack(0x00000025a5c00000,0x00000025a5d00000) (1024K)]
  0x00000189fd58ae70 JavaThread "RMI TCP Connection(idle)"   daemon [_thread_blocked, id=4172, stack(0x00000025a5e00000,0x00000025a5f00000) (1024K)]
  0x00000189fadc75d0 JavaThread "jar transforms Thread 4"           [_thread_blocked, id=7636, stack(0x000000259e800000,0x000000259e900000) (1024K)]
  0x00000189fadc82f0 JavaThread "jar transforms Thread 5"           [_thread_blocked, id=3252, stack(0x00000025a5300000,0x00000025a5400000) (1024K)]
  0x00000189b2d224d0 JavaThread "jar transforms Thread 6"           [_thread_blocked, id=14160, stack(0x00000025a5f00000,0x00000025a6000000) (1024K)]
  0x00000189b01c5e80 JavaThread "build event listener"              [_thread_blocked, id=8692, stack(0x000000259e300000,0x000000259e400000) (1024K)]
Total: 253

Other Threads:
  0x00000189f1b49c30 VMThread "VM Thread"                           [id=7388, stack(0x0000002595200000,0x0000002595300000) (1024K)]
  0x00000189f1b39320 WatcherThread "VM Periodic Task Thread"        [id=18104, stack(0x0000002595100000,0x0000002595200000) (1024K)]
  0x00000189dc778890 WorkerThread "GC Thread#0"                     [id=17152, stack(0x0000002594c00000,0x0000002594d00000) (1024K)]
  0x00000189f4cabde0 WorkerThread "GC Thread#1"                     [id=19468, stack(0x0000002595d00000,0x0000002595e00000) (1024K)]
  0x00000189f4d5e590 WorkerThread "GC Thread#2"                     [id=8964, stack(0x0000002595e00000,0x0000002595f00000) (1024K)]
  0x00000189f9b36000 WorkerThread "GC Thread#3"                     [id=472, stack(0x0000002596000000,0x0000002596100000) (1024K)]
  0x00000189f9d56630 WorkerThread "GC Thread#4"                     [id=20712, stack(0x0000002596100000,0x0000002596200000) (1024K)]
  0x00000189fa491440 WorkerThread "GC Thread#5"                     [id=19156, stack(0x0000002596200000,0x0000002596300000) (1024K)]
  0x00000189fa7c1bc0 WorkerThread "GC Thread#6"                     [id=23168, stack(0x0000002597000000,0x0000002597100000) (1024K)]
  0x00000189fa7c1460 WorkerThread "GC Thread#7"                     [id=11272, stack(0x0000002597100000,0x0000002597200000) (1024K)]
  0x00000189fa7c1810 WorkerThread "GC Thread#8"                     [id=27340, stack(0x0000002597200000,0x0000002597300000) (1024K)]
  0x00000189fa7c1f70 WorkerThread "GC Thread#9"                     [id=20808, stack(0x0000002597300000,0x0000002597400000) (1024K)]
  0x00000189fa7c2320 WorkerThread "GC Thread#10"                    [id=25296, stack(0x0000002597400000,0x0000002597500000) (1024K)]
  0x00000189fa7c26d0 WorkerThread "GC Thread#11"                    [id=21604, stack(0x0000002597500000,0x0000002597600000) (1024K)]
  0x00000189fa7c10b0 WorkerThread "GC Thread#12"                    [id=1940, stack(0x0000002597600000,0x0000002597700000) (1024K)]
  0x00000189dc7c8010 ConcurrentGCThread "G1 Main Marker"            [id=18708, stack(0x0000002594d00000,0x0000002594e00000) (1024K)]
  0x00000189dc7c8a30 WorkerThread "G1 Conc#0"                       [id=7920, stack(0x0000002594e00000,0x0000002594f00000) (1024K)]
  0x00000189fc50f520 WorkerThread "G1 Conc#1"                       [id=22748, stack(0x0000002597800000,0x0000002597900000) (1024K)]
  0x00000189fc50f8d0 WorkerThread "G1 Conc#2"                       [id=14112, stack(0x0000002597900000,0x0000002597a00000) (1024K)]
  0x00000189f1a0d500 ConcurrentGCThread "G1 Refine#0"               [id=20476, stack(0x0000002594f00000,0x0000002595000000) (1024K)]
  0x00000189f1a0fe50 ConcurrentGCThread "G1 Service"                [id=20348, stack(0x0000002595000000,0x0000002595100000) (1024K)]
Total: 21

Threads with active compile tasks:
Total: 0

VM state: not at safepoint (normal execution)

VM Mutex/Monitor currently owned by a thread:  ([mutex/lock_event])
[0x00007ffe2ab5d4f0] Metaspace_lock - owner thread: 0x00000189fa682190

Heap address: 0x0000000080000000, size: 2048 MB, Compressed Oops mode: 32-bit

CDS archive(s) mapped at: [0x0000018980000000-0x0000018980ba0000-0x0000018980ba0000), size 12189696, SharedBaseAddress: 0x0000018980000000, ArchiveRelocationMode: 1.
Compressed class space mapped at: 0x0000018981000000-0x000001899b000000, reserved size: 436207616
Narrow klass base: 0x0000018980000000, Narrow klass shift: 0, Narrow klass range: 0x100000000

GC Precious Log:
 CardTable entry size: 512
 Card Set container configuration: InlinePtr #cards 5 size 8 Array Of Cards #cards 12 size 40 Howl #buckets 4 coarsen threshold 1843 Howl Bitmap #cards 512 size 80 coarsen threshold 460 Card regions per heap region 1 cards per card region 2048
 CPUs: 16 total, 16 available
 Memory: 5981M
 Large Page Support: Disabled
 NUMA Support: Disabled
 Compressed Oops: Enabled (32-bit)
 Heap Region Size: 1M
 Heap Min Capacity: 8M
 Heap Initial Capacity: 94M
 Heap Max Capacity: 2G
 Pre-touch: Disabled
 Parallel Workers: 13
 Concurrent Workers: 3
 Concurrent Refinement Workers: 13
 Periodic GC: Disabled

Heap:
 garbage-first heap   total 700416K, used 235247K [0x0000000080000000, 0x0000000100000000)
  region size 1024K, 28 young (28672K), 5 survivors (5120K)
 Metaspace       used 178203K, committed 181056K, reserved 622592K
  class space    used 22591K, committed 23936K, reserved 425984K

Heap Regions: E=young(eden), S=young(survivor), O=old, HS=humongous(starts), HC=humongous(continues), CS=collection set, F=free, TAMS=top-at-mark-start, PB=parsable bottom
|   0|0x0000000080000000, 0x0000000080100000, 0x0000000080100000|100%|HS|  |TAMS 0x0000000080000000| PB 0x0000000080000000| Complete 
|   1|0x0000000080100000, 0x0000000080200000, 0x0000000080200000|100%|HC|  |TAMS 0x0000000080100000| PB 0x0000000080100000| Complete 
|   2|0x0000000080200000, 0x0000000080300000, 0x0000000080300000|100%|HC|  |TAMS 0x0000000080200000| PB 0x0000000080200000| Complete 
|   3|0x0000000080300000, 0x0000000080400000, 0x0000000080400000|100%|HC|  |TAMS 0x0000000080300000| PB 0x0000000080300000| Complete 
|   4|0x0000000080400000, 0x0000000080500000, 0x0000000080500000|100%| O|  |TAMS 0x0000000080400000| PB 0x0000000080400000| Untracked 
|   5|0x0000000080500000, 0x0000000080600000, 0x0000000080600000|100%| O|  |TAMS 0x0000000080500000| PB 0x0000000080500000| Untracked 
|   6|0x0000000080600000, 0x0000000080700000, 0x0000000080700000|100%| O|  |TAMS 0x0000000080600000| PB 0x0000000080600000| Untracked 
|   7|0x0000000080700000, 0x0000000080800000, 0x0000000080800000|100%|HS|  |TAMS 0x0000000080700000| PB 0x0000000080700000| Complete 
|   8|0x0000000080800000, 0x0000000080900000, 0x0000000080900000|100%| O|  |TAMS 0x0000000080800000| PB 0x0000000080800000| Untracked 
|   9|0x0000000080900000, 0x0000000080a00000, 0x0000000080a00000|100%| O|  |TAMS 0x0000000080900000| PB 0x0000000080900000| Untracked 
|  10|0x0000000080a00000, 0x0000000080b00000, 0x0000000080b00000|100%| O|  |TAMS 0x0000000080a00000| PB 0x0000000080a00000| Untracked 
|  11|0x0000000080b00000, 0x0000000080c00000, 0x0000000080c00000|100%| O|  |TAMS 0x0000000080b00000| PB 0x0000000080b00000| Untracked 
|  12|0x0000000080c00000, 0x0000000080d00000, 0x0000000080d00000|100%| O|  |TAMS 0x0000000080c00000| PB 0x0000000080c00000| Untracked 
|  13|0x0000000080d00000, 0x0000000080e00000, 0x0000000080e00000|100%|HS|  |TAMS 0x0000000080d00000| PB 0x0000000080d00000| Complete 
|  14|0x0000000080e00000, 0x0000000080f00000, 0x0000000080f00000|100%| O|  |TAMS 0x0000000080e00000| PB 0x0000000080e00000| Untracked 
|  15|0x0000000080f00000, 0x0000000081000000, 0x0000000081000000|100%| O|  |TAMS 0x0000000080f00000| PB 0x0000000080f00000| Untracked 
|  16|0x0000000081000000, 0x0000000081100000, 0x0000000081100000|100%| O|  |TAMS 0x0000000081000000| PB 0x0000000081000000| Untracked 
|  17|0x0000000081100000, 0x0000000081200000, 0x0000000081200000|100%| O|  |TAMS 0x0000000081100000| PB 0x0000000081100000| Untracked 
|  18|0x0000000081200000, 0x0000000081300000, 0x0000000081300000|100%| O|  |TAMS 0x0000000081200000| PB 0x0000000081200000| Untracked 
|  19|0x0000000081300000, 0x0000000081400000, 0x0000000081400000|100%| O|  |TAMS 0x0000000081300000| PB 0x0000000081300000| Untracked 
|  20|0x0000000081400000, 0x0000000081500000, 0x0000000081500000|100%| O|  |TAMS 0x0000000081400000| PB 0x0000000081400000| Untracked 
|  21|0x0000000081500000, 0x0000000081600000, 0x0000000081600000|100%| O|  |TAMS 0x0000000081500000| PB 0x0000000081500000| Untracked 
|  22|0x0000000081600000, 0x0000000081700000, 0x0000000081700000|100%| O|  |TAMS 0x0000000081600000| PB 0x0000000081600000| Untracked 
|  23|0x0000000081700000, 0x0000000081800000, 0x0000000081800000|100%| O|  |TAMS 0x0000000081700000| PB 0x0000000081700000| Untracked 
|  24|0x0000000081800000, 0x0000000081900000, 0x0000000081900000|100%| O|  |TAMS 0x0000000081800000| PB 0x0000000081800000| Untracked 
|  25|0x0000000081900000, 0x0000000081a00000, 0x0000000081a00000|100%| O|  |TAMS 0x0000000081900000| PB 0x0000000081900000| Untracked 
|  26|0x0000000081a00000, 0x0000000081b00000, 0x0000000081b00000|100%| O|  |TAMS 0x0000000081a00000| PB 0x0000000081a00000| Untracked 
|  27|0x0000000081b00000, 0x0000000081c00000, 0x0000000081c00000|100%| O|  |TAMS 0x0000000081b00000| PB 0x0000000081b00000| Untracked 
|  28|0x0000000081c00000, 0x0000000081d00000, 0x0000000081d00000|100%| O|  |TAMS 0x0000000081c00000| PB 0x0000000081c00000| Untracked 
|  29|0x0000000081d00000, 0x0000000081e00000, 0x0000000081e00000|100%| O|  |TAMS 0x0000000081d00000| PB 0x0000000081d00000| Untracked 
|  30|0x0000000081e00000, 0x0000000081f00000, 0x0000000081f00000|100%| O|  |TAMS 0x0000000081e00000| PB 0x0000000081e00000| Untracked 
|  31|0x0000000081f00000, 0x0000000082000000, 0x0000000082000000|100%| O|  |TAMS 0x0000000081f00000| PB 0x0000000081f00000| Untracked 
|  32|0x0000000082000000, 0x0000000082100000, 0x0000000082100000|100%| O|  |TAMS 0x0000000082000000| PB 0x0000000082000000| Untracked 
|  33|0x0000000082100000, 0x0000000082200000, 0x0000000082200000|100%| O|  |TAMS 0x0000000082100000| PB 0x0000000082100000| Untracked 
|  34|0x0000000082200000, 0x0000000082300000, 0x0000000082300000|100%|HS|  |TAMS 0x0000000082200000| PB 0x0000000082200000| Complete 
|  35|0x0000000082300000, 0x0000000082400000, 0x0000000082400000|100%| O|  |TAMS 0x0000000082300000| PB 0x0000000082300000| Untracked 
|  36|0x0000000082400000, 0x0000000082500000, 0x0000000082500000|100%| O|  |TAMS 0x0000000082400000| PB 0x0000000082400000| Untracked 
|  37|0x0000000082500000, 0x0000000082600000, 0x0000000082600000|100%| O|  |TAMS 0x0000000082500000| PB 0x0000000082500000| Untracked 
|  38|0x0000000082600000, 0x0000000082700000, 0x0000000082700000|100%| O|  |TAMS 0x0000000082600000| PB 0x0000000082600000| Untracked 
|  39|0x0000000082700000, 0x0000000082800000, 0x0000000082800000|100%| O|  |TAMS 0x0000000082700000| PB 0x0000000082700000| Untracked 
|  40|0x0000000082800000, 0x0000000082900000, 0x0000000082900000|100%| O|  |TAMS 0x0000000082800000| PB 0x0000000082800000| Untracked 
|  41|0x0000000082900000, 0x0000000082a00000, 0x0000000082a00000|100%| O|  |TAMS 0x0000000082900000| PB 0x0000000082900000| Untracked 
|  42|0x0000000082a00000, 0x0000000082b00000, 0x0000000082b00000|100%| O|  |TAMS 0x0000000082a00000| PB 0x0000000082a00000| Untracked 
|  43|0x0000000082b00000, 0x0000000082c00000, 0x0000000082c00000|100%| O|Cm|TAMS 0x0000000082b00000| PB 0x0000000082b00000| Complete 
|  44|0x0000000082c00000, 0x0000000082d00000, 0x0000000082d00000|100%| O|  |TAMS 0x0000000082c00000| PB 0x0000000082c00000| Untracked 
|  45|0x0000000082d00000, 0x0000000082e00000, 0x0000000082e00000|100%| O|  |TAMS 0x0000000082d00000| PB 0x0000000082d00000| Untracked 
|  46|0x0000000082e00000, 0x0000000082f00000, 0x0000000082f00000|100%| O|  |TAMS 0x0000000082e00000| PB 0x0000000082e00000| Untracked 
|  47|0x0000000082f00000, 0x0000000083000000, 0x0000000083000000|100%|HS|  |TAMS 0x0000000082f00000| PB 0x0000000082f00000| Complete 
|  48|0x0000000083000000, 0x0000000083100000, 0x0000000083100000|100%| O|  |TAMS 0x0000000083000000| PB 0x0000000083000000| Untracked 
|  49|0x0000000083100000, 0x0000000083200000, 0x0000000083200000|100%| O|  |TAMS 0x0000000083100000| PB 0x0000000083100000| Untracked 
|  50|0x0000000083200000, 0x0000000083300000, 0x0000000083300000|100%| O|  |TAMS 0x0000000083200000| PB 0x0000000083200000| Untracked 
|  51|0x0000000083300000, 0x0000000083400000, 0x0000000083400000|100%| O|Cm|TAMS 0x0000000083300000| PB 0x0000000083300000| Complete 
|  52|0x0000000083400000, 0x0000000083500000, 0x0000000083500000|100%|HS|  |TAMS 0x0000000083400000| PB 0x0000000083400000| Complete 
|  53|0x0000000083500000, 0x0000000083600000, 0x0000000083600000|100%| O|  |TAMS 0x0000000083500000| PB 0x0000000083500000| Untracked 
|  54|0x0000000083600000, 0x0000000083700000, 0x0000000083700000|100%| O|Cm|TAMS 0x0000000083600000| PB 0x0000000083600000| Complete 
|  55|0x0000000083700000, 0x0000000083800000, 0x0000000083800000|100%| O|  |TAMS 0x0000000083700000| PB 0x0000000083700000| Untracked 
|  56|0x0000000083800000, 0x0000000083800000, 0x0000000083900000|  0%| F|  |TAMS 0x0000000083800000| PB 0x0000000083800000| Untracked 
|  57|0x0000000083900000, 0x0000000083a00000, 0x0000000083a00000|100%| O|  |TAMS 0x0000000083900000| PB 0x0000000083900000| Untracked 
|  58|0x0000000083a00000, 0x0000000083b00000, 0x0000000083b00000|100%| O|  |TAMS 0x0000000083a00000| PB 0x0000000083a00000| Untracked 
|  59|0x0000000083b00000, 0x0000000083b00000, 0x0000000083c00000|  0%| F|  |TAMS 0x0000000083b00000| PB 0x0000000083b00000| Untracked 
|  60|0x0000000083c00000, 0x0000000083d00000, 0x0000000083d00000|100%| O|Cm|TAMS 0x0000000083c00000| PB 0x0000000083c00000| Complete 
|  61|0x0000000083d00000, 0x0000000083e00000, 0x0000000083e00000|100%| O|  |TAMS 0x0000000083d00000| PB 0x0000000083d00000| Untracked 
|  62|0x0000000083e00000, 0x0000000083f00000, 0x0000000083f00000|100%| O|  |TAMS 0x0000000083e00000| PB 0x0000000083e00000| Untracked 
|  63|0x0000000083f00000, 0x0000000084000000, 0x0000000084000000|100%| O|Cm|TAMS 0x0000000083f00000| PB 0x0000000083f00000| Complete 
|  64|0x0000000084000000, 0x0000000084100000, 0x0000000084100000|100%| O|Cm|TAMS 0x0000000084000000| PB 0x0000000084000000| Complete 
|  65|0x0000000084100000, 0x0000000084100000, 0x0000000084200000|  0%| F|  |TAMS 0x0000000084100000| PB 0x0000000084100000| Untracked 
|  66|0x0000000084200000, 0x0000000084200000, 0x0000000084300000|  0%| F|  |TAMS 0x0000000084200000| PB 0x0000000084200000| Untracked 
|  67|0x0000000084300000, 0x0000000084400000, 0x0000000084400000|100%| O|  |TAMS 0x0000000084300000| PB 0x0000000084300000| Untracked 
|  68|0x0000000084400000, 0x0000000084400000, 0x0000000084500000|  0%| F|  |TAMS 0x0000000084400000| PB 0x0000000084400000| Untracked 
|  69|0x0000000084500000, 0x0000000084600000, 0x0000000084600000|100%| O|  |TAMS 0x0000000084500000| PB 0x0000000084500000| Untracked 
|  70|0x0000000084600000, 0x0000000084700000, 0x0000000084700000|100%| O|  |TAMS 0x0000000084600000| PB 0x0000000084600000| Untracked 
|  71|0x0000000084700000, 0x0000000084800000, 0x0000000084800000|100%| O|  |TAMS 0x0000000084700000| PB 0x0000000084700000| Untracked 
|  72|0x0000000084800000, 0x0000000084800000, 0x0000000084900000|  0%| F|  |TAMS 0x0000000084800000| PB 0x0000000084800000| Untracked 
|  73|0x0000000084900000, 0x0000000084a00000, 0x0000000084a00000|100%|HS|  |TAMS 0x0000000084900000| PB 0x0000000084900000| Complete 
|  74|0x0000000084a00000, 0x0000000084b00000, 0x0000000084b00000|100%|HC|  |TAMS 0x0000000084a00000| PB 0x0000000084a00000| Complete 
|  75|0x0000000084b00000, 0x0000000084c00000, 0x0000000084c00000|100%|HC|  |TAMS 0x0000000084b00000| PB 0x0000000084b00000| Complete 
|  76|0x0000000084c00000, 0x0000000084d00000, 0x0000000084d00000|100%| O|  |TAMS 0x0000000084c00000| PB 0x0000000084c00000| Untracked 
|  77|0x0000000084d00000, 0x0000000084e00000, 0x0000000084e00000|100%| O|  |TAMS 0x0000000084d00000| PB 0x0000000084d00000| Untracked 
|  78|0x0000000084e00000, 0x0000000084f00000, 0x0000000084f00000|100%| O|  |TAMS 0x0000000084e00000| PB 0x0000000084e00000| Untracked 
|  79|0x0000000084f00000, 0x0000000085000000, 0x0000000085000000|100%| O|  |TAMS 0x0000000084f00000| PB 0x0000000084f00000| Untracked 
|  80|0x0000000085000000, 0x0000000085100000, 0x0000000085100000|100%| O|  |TAMS 0x0000000085000000| PB 0x0000000085000000| Untracked 
|  81|0x0000000085100000, 0x0000000085200000, 0x0000000085200000|100%| O|  |TAMS 0x0000000085100000| PB 0x0000000085100000| Untracked 
|  82|0x0000000085200000, 0x0000000085300000, 0x0000000085300000|100%|HS|  |TAMS 0x0000000085200000| PB 0x0000000085200000| Complete 
|  83|0x0000000085300000, 0x0000000085400000, 0x0000000085400000|100%|HC|  |TAMS 0x0000000085300000| PB 0x0000000085300000| Complete 
|  84|0x0000000085400000, 0x0000000085500000, 0x0000000085500000|100%|HC|  |TAMS 0x0000000085400000| PB 0x0000000085400000| Complete 
|  85|0x0000000085500000, 0x0000000085600000, 0x0000000085600000|100%| O|  |TAMS 0x0000000085500000| PB 0x0000000085500000| Untracked 
|  86|0x0000000085600000, 0x0000000085600000, 0x0000000085700000|  0%| F|  |TAMS 0x0000000085600000| PB 0x0000000085600000| Untracked 
|  87|0x0000000085700000, 0x0000000085800000, 0x0000000085800000|100%| O|  |TAMS 0x0000000085700000| PB 0x0000000085700000| Untracked 
|  88|0x0000000085800000, 0x0000000085900000, 0x0000000085900000|100%| O|  |TAMS 0x0000000085800000| PB 0x0000000085800000| Untracked 
|  89|0x0000000085900000, 0x0000000085a00000, 0x0000000085a00000|100%| O|  |TAMS 0x0000000085900000| PB 0x0000000085900000| Untracked 
|  90|0x0000000085a00000, 0x0000000085a00000, 0x0000000085b00000|  0%| F|  |TAMS 0x0000000085a00000| PB 0x0000000085a00000| Untracked 
|  91|0x0000000085b00000, 0x0000000085c00000, 0x0000000085c00000|100%| O|  |TAMS 0x0000000085b00000| PB 0x0000000085b00000| Untracked 
|  92|0x0000000085c00000, 0x0000000085d00000, 0x0000000085d00000|100%| O|  |TAMS 0x0000000085c00000| PB 0x0000000085c00000| Untracked 
|  93|0x0000000085d00000, 0x0000000085e00000, 0x0000000085e00000|100%| O|  |TAMS 0x0000000085d00000| PB 0x0000000085d00000| Untracked 
|  94|0x0000000085e00000, 0x0000000085f00000, 0x0000000085f00000|100%| O|Cm|TAMS 0x0000000085e00000| PB 0x0000000085e00000| Complete 
|  95|0x0000000085f00000, 0x0000000086000000, 0x0000000086000000|100%| O|  |TAMS 0x0000000085f00000| PB 0x0000000085f00000| Untracked 
|  96|0x0000000086000000, 0x0000000086100000, 0x0000000086100000|100%| O|  |TAMS 0x0000000086000000| PB 0x0000000086000000| Untracked 
|  97|0x0000000086100000, 0x0000000086200000, 0x0000000086200000|100%| O|  |TAMS 0x0000000086100000| PB 0x0000000086100000| Untracked 
|  98|0x0000000086200000, 0x0000000086300000, 0x0000000086300000|100%| O|  |TAMS 0x0000000086200000| PB 0x0000000086200000| Untracked 
|  99|0x0000000086300000, 0x0000000086400000, 0x0000000086400000|100%| O|  |TAMS 0x0000000086300000| PB 0x0000000086300000| Untracked 
| 100|0x0000000086400000, 0x0000000086500000, 0x0000000086500000|100%| O|  |TAMS 0x0000000086400000| PB 0x0000000086400000| Untracked 
| 101|0x0000000086500000, 0x0000000086600000, 0x0000000086600000|100%| O|  |TAMS 0x0000000086500000| PB 0x0000000086500000| Untracked 
| 102|0x0000000086600000, 0x0000000086700000, 0x0000000086700000|100%| O|  |TAMS 0x0000000086600000| PB 0x0000000086600000| Untracked 
| 103|0x0000000086700000, 0x0000000086700000, 0x0000000086800000|  0%| F|  |TAMS 0x0000000086700000| PB 0x0000000086700000| Untracked 
| 104|0x0000000086800000, 0x0000000086800000, 0x0000000086900000|  0%| F|  |TAMS 0x0000000086800000| PB 0x0000000086800000| Untracked 
| 105|0x0000000086900000, 0x0000000086a00000, 0x0000000086a00000|100%| O|Cm|TAMS 0x0000000086900000| PB 0x0000000086900000| Complete 
| 106|0x0000000086a00000, 0x0000000086b00000, 0x0000000086b00000|100%| O|  |TAMS 0x0000000086a00000| PB 0x0000000086a00000| Untracked 
| 107|0x0000000086b00000, 0x0000000086c00000, 0x0000000086c00000|100%| O|  |TAMS 0x0000000086b00000| PB 0x0000000086b00000| Untracked 
| 108|0x0000000086c00000, 0x0000000086d00000, 0x0000000086d00000|100%| O|  |TAMS 0x0000000086c00000| PB 0x0000000086c00000| Untracked 
| 109|0x0000000086d00000, 0x0000000086e00000, 0x0000000086e00000|100%| O|  |TAMS 0x0000000086d00000| PB 0x0000000086d00000| Untracked 
| 110|0x0000000086e00000, 0x0000000086f00000, 0x0000000086f00000|100%| O|  |TAMS 0x0000000086e00000| PB 0x0000000086e00000| Untracked 
| 111|0x0000000086f00000, 0x0000000087000000, 0x0000000087000000|100%| O|  |TAMS 0x0000000086f00000| PB 0x0000000086f00000| Untracked 
| 112|0x0000000087000000, 0x0000000087100000, 0x0000000087100000|100%| O|Cm|TAMS 0x0000000087000000| PB 0x0000000087000000| Complete 
| 113|0x0000000087100000, 0x0000000087200000, 0x0000000087200000|100%| O|  |TAMS 0x0000000087100000| PB 0x0000000087100000| Untracked 
| 114|0x0000000087200000, 0x0000000087300000, 0x0000000087300000|100%| O|Cm|TAMS 0x0000000087200000| PB 0x0000000087200000| Complete 
| 115|0x0000000087300000, 0x0000000087400000, 0x0000000087400000|100%| O|  |TAMS 0x0000000087300000| PB 0x0000000087300000| Untracked 
| 116|0x0000000087400000, 0x0000000087400000, 0x0000000087500000|  0%| F|  |TAMS 0x0000000087400000| PB 0x0000000087400000| Untracked 
| 117|0x0000000087500000, 0x0000000087600000, 0x0000000087600000|100%| O|  |TAMS 0x0000000087500000| PB 0x0000000087500000| Untracked 
| 118|0x0000000087600000, 0x0000000087700000, 0x0000000087700000|100%| O|  |TAMS 0x0000000087600000| PB 0x0000000087600000| Untracked 
| 119|0x0000000087700000, 0x0000000087800000, 0x0000000087800000|100%| O|  |TAMS 0x0000000087700000| PB 0x0000000087700000| Untracked 
| 120|0x0000000087800000, 0x0000000087900000, 0x0000000087900000|100%| O|  |TAMS 0x0000000087800000| PB 0x0000000087800000| Untracked 
| 121|0x0000000087900000, 0x0000000087a00000, 0x0000000087a00000|100%| O|  |TAMS 0x0000000087900000| PB 0x0000000087900000| Untracked 
| 122|0x0000000087a00000, 0x0000000087b00000, 0x0000000087b00000|100%| O|  |TAMS 0x0000000087a00000| PB 0x0000000087a00000| Untracked 
| 123|0x0000000087b00000, 0x0000000087b00000, 0x0000000087c00000|  0%| F|  |TAMS 0x0000000087b00000| PB 0x0000000087b00000| Untracked 
| 124|0x0000000087c00000, 0x0000000087d00000, 0x0000000087d00000|100%| O|Cm|TAMS 0x0000000087c00000| PB 0x0000000087c00000| Complete 
| 125|0x0000000087d00000, 0x0000000087d00000, 0x0000000087e00000|  0%| F|  |TAMS 0x0000000087d00000| PB 0x0000000087d00000| Untracked 
| 126|0x0000000087e00000, 0x0000000087f00000, 0x0000000087f00000|100%| O|  |TAMS 0x0000000087e00000| PB 0x0000000087e00000| Untracked 
| 127|0x0000000087f00000, 0x0000000088000000, 0x0000000088000000|100%| O|Cm|TAMS 0x0000000087f00000| PB 0x0000000087f00000| Complete 
| 128|0x0000000088000000, 0x0000000088100000, 0x0000000088100000|100%| O|Cm|TAMS 0x0000000088000000| PB 0x0000000088000000| Complete 
| 129|0x0000000088100000, 0x0000000088100000, 0x0000000088200000|  0%| F|  |TAMS 0x0000000088100000| PB 0x0000000088100000| Untracked 
| 130|0x0000000088200000, 0x0000000088200000, 0x0000000088300000|  0%| F|  |TAMS 0x0000000088200000| PB 0x0000000088200000| Untracked 
| 131|0x0000000088300000, 0x0000000088300000, 0x0000000088400000|  0%| F|  |TAMS 0x0000000088300000| PB 0x0000000088300000| Untracked 
| 132|0x0000000088400000, 0x0000000088400000, 0x0000000088500000|  0%| F|  |TAMS 0x0000000088400000| PB 0x0000000088400000| Untracked 
| 133|0x0000000088500000, 0x0000000088500000, 0x0000000088600000|  0%| F|  |TAMS 0x0000000088500000| PB 0x0000000088500000| Untracked 
| 134|0x0000000088600000, 0x0000000088700000, 0x0000000088700000|100%| O|  |TAMS 0x0000000088600000| PB 0x0000000088600000| Untracked 
| 135|0x0000000088700000, 0x0000000088800000, 0x0000000088800000|100%| O|  |TAMS 0x0000000088700000| PB 0x0000000088700000| Untracked 
| 136|0x0000000088800000, 0x0000000088900000, 0x0000000088900000|100%| O|  |TAMS 0x0000000088800000| PB 0x0000000088800000| Untracked 
| 137|0x0000000088900000, 0x0000000088900000, 0x0000000088a00000|  0%| F|  |TAMS 0x0000000088900000| PB 0x0000000088900000| Untracked 
| 138|0x0000000088a00000, 0x0000000088b00000, 0x0000000088b00000|100%| O|  |TAMS 0x0000000088a00000| PB 0x0000000088a00000| Untracked 
| 139|0x0000000088b00000, 0x0000000088c00000, 0x0000000088c00000|100%| O|  |TAMS 0x0000000088b00000| PB 0x0000000088b00000| Untracked 
| 140|0x0000000088c00000, 0x0000000088d00000, 0x0000000088d00000|100%| O|  |TAMS 0x0000000088c00000| PB 0x0000000088c00000| Untracked 
| 141|0x0000000088d00000, 0x0000000088e00000, 0x0000000088e00000|100%| O|  |TAMS 0x0000000088d00000| PB 0x0000000088d00000| Untracked 
| 142|0x0000000088e00000, 0x0000000088f00000, 0x0000000088f00000|100%| O|  |TAMS 0x0000000088e00000| PB 0x0000000088e00000| Untracked 
| 143|0x0000000088f00000, 0x0000000089000000, 0x0000000089000000|100%| O|  |TAMS 0x0000000088f00000| PB 0x0000000088f00000| Untracked 
| 144|0x0000000089000000, 0x0000000089100000, 0x0000000089100000|100%| O|  |TAMS 0x0000000089000000| PB 0x0000000089000000| Untracked 
| 145|0x0000000089100000, 0x0000000089200000, 0x0000000089200000|100%| O|  |TAMS 0x0000000089100000| PB 0x0000000089100000| Untracked 
| 146|0x0000000089200000, 0x0000000089300000, 0x0000000089300000|100%| O|  |TAMS 0x0000000089200000| PB 0x0000000089200000| Untracked 
| 147|0x0000000089300000, 0x0000000089300000, 0x0000000089400000|  0%| F|  |TAMS 0x0000000089300000| PB 0x0000000089300000| Untracked 
| 148|0x0000000089400000, 0x0000000089400000, 0x0000000089500000|  0%| F|  |TAMS 0x0000000089400000| PB 0x0000000089400000| Untracked 
| 149|0x0000000089500000, 0x0000000089600000, 0x0000000089600000|100%| O|  |TAMS 0x0000000089500000| PB 0x0000000089500000| Untracked 
| 150|0x0000000089600000, 0x0000000089600000, 0x0000000089700000|  0%| F|  |TAMS 0x0000000089600000| PB 0x0000000089600000| Untracked 
| 151|0x0000000089700000, 0x0000000089800000, 0x0000000089800000|100%| O|  |TAMS 0x0000000089700000| PB 0x0000000089700000| Untracked 
| 152|0x0000000089800000, 0x0000000089800000, 0x0000000089900000|  0%| F|  |TAMS 0x0000000089800000| PB 0x0000000089800000| Untracked 
| 153|0x0000000089900000, 0x0000000089900000, 0x0000000089a00000|  0%| F|  |TAMS 0x0000000089900000| PB 0x0000000089900000| Untracked 
| 154|0x0000000089a00000, 0x0000000089b00000, 0x0000000089b00000|100%| O|  |TAMS 0x0000000089a00000| PB 0x0000000089a00000| Untracked 
| 155|0x0000000089b00000, 0x0000000089b00000, 0x0000000089c00000|  0%| F|  |TAMS 0x0000000089b00000| PB 0x0000000089b00000| Untracked 
| 156|0x0000000089c00000, 0x0000000089c00000, 0x0000000089d00000|  0%| F|  |TAMS 0x0000000089c00000| PB 0x0000000089c00000| Untracked 
| 157|0x0000000089d00000, 0x0000000089d00000, 0x0000000089e00000|  0%| F|  |TAMS 0x0000000089d00000| PB 0x0000000089d00000| Untracked 
| 158|0x0000000089e00000, 0x0000000089e00000, 0x0000000089f00000|  0%| F|  |TAMS 0x0000000089e00000| PB 0x0000000089e00000| Untracked 
| 159|0x0000000089f00000, 0x000000008a000000, 0x000000008a000000|100%| O|  |TAMS 0x0000000089f00000| PB 0x0000000089f00000| Untracked 
| 160|0x000000008a000000, 0x000000008a100000, 0x000000008a100000|100%| O|  |TAMS 0x000000008a000000| PB 0x000000008a000000| Untracked 
| 161|0x000000008a100000, 0x000000008a200000, 0x000000008a200000|100%| O|  |TAMS 0x000000008a100000| PB 0x000000008a100000| Untracked 
| 162|0x000000008a200000, 0x000000008a300000, 0x000000008a300000|100%| O|  |TAMS 0x000000008a200000| PB 0x000000008a200000| Untracked 
| 163|0x000000008a300000, 0x000000008a300000, 0x000000008a400000|  0%| F|  |TAMS 0x000000008a300000| PB 0x000000008a300000| Untracked 
| 164|0x000000008a400000, 0x000000008a400000, 0x000000008a500000|  0%| F|  |TAMS 0x000000008a400000| PB 0x000000008a400000| Untracked 
| 165|0x000000008a500000, 0x000000008a600000, 0x000000008a600000|100%| O|  |TAMS 0x000000008a500000| PB 0x000000008a500000| Untracked 
| 166|0x000000008a600000, 0x000000008a600000, 0x000000008a700000|  0%| F|  |TAMS 0x000000008a600000| PB 0x000000008a600000| Untracked 
| 167|0x000000008a700000, 0x000000008a800000, 0x000000008a800000|100%| O|  |TAMS 0x000000008a700000| PB 0x000000008a700000| Untracked 
| 168|0x000000008a800000, 0x000000008a900000, 0x000000008a900000|100%| O|  |TAMS 0x000000008a800000| PB 0x000000008a800000| Untracked 
| 169|0x000000008a900000, 0x000000008aa00000, 0x000000008aa00000|100%|HS|  |TAMS 0x000000008a900000| PB 0x000000008a900000| Complete 
| 170|0x000000008aa00000, 0x000000008ab00000, 0x000000008ab00000|100%| O|  |TAMS 0x000000008aa00000| PB 0x000000008aa00000| Untracked 
| 171|0x000000008ab00000, 0x000000008ab00000, 0x000000008ac00000|  0%| F|  |TAMS 0x000000008ab00000| PB 0x000000008ab00000| Untracked 
| 172|0x000000008ac00000, 0x000000008ad00000, 0x000000008ad00000|100%| O|Cm|TAMS 0x000000008ac00000| PB 0x000000008ac00000| Complete 
| 173|0x000000008ad00000, 0x000000008ae00000, 0x000000008ae00000|100%| O|  |TAMS 0x000000008ad00000| PB 0x000000008ad00000| Untracked 
| 174|0x000000008ae00000, 0x000000008af00000, 0x000000008af00000|100%| O|Cm|TAMS 0x000000008ae00000| PB 0x000000008ae00000| Complete 
| 175|0x000000008af00000, 0x000000008b000000, 0x000000008b000000|100%|HS|  |TAMS 0x000000008af00000| PB 0x000000008af00000| Complete 
| 176|0x000000008b000000, 0x000000008b100000, 0x000000008b100000|100%|HC|  |TAMS 0x000000008b000000| PB 0x000000008b000000| Complete 
| 177|0x000000008b100000, 0x000000008b200000, 0x000000008b200000|100%|HC|  |TAMS 0x000000008b100000| PB 0x000000008b100000| Complete 
| 178|0x000000008b200000, 0x000000008b300000, 0x000000008b300000|100%| O|  |TAMS 0x000000008b200000| PB 0x000000008b200000| Untracked 
| 179|0x000000008b300000, 0x000000008b400000, 0x000000008b400000|100%|HS|  |TAMS 0x000000008b300000| PB 0x000000008b300000| Complete 
| 180|0x000000008b400000, 0x000000008b500000, 0x000000008b500000|100%| O|  |TAMS 0x000000008b400000| PB 0x000000008b400000| Untracked 
| 181|0x000000008b500000, 0x000000008b600000, 0x000000008b600000|100%| O|Cm|TAMS 0x000000008b500000| PB 0x000000008b500000| Complete 
| 182|0x000000008b600000, 0x000000008b600000, 0x000000008b700000|  0%| F|  |TAMS 0x000000008b600000| PB 0x000000008b600000| Untracked 
| 183|0x000000008b700000, 0x000000008b800000, 0x000000008b800000|100%| O|  |TAMS 0x000000008b700000| PB 0x000000008b700000| Untracked 
| 184|0x000000008b800000, 0x000000008b900000, 0x000000008b900000|100%| O|  |TAMS 0x000000008b800000| PB 0x000000008b800000| Untracked 
| 185|0x000000008b900000, 0x000000008ba00000, 0x000000008ba00000|100%| O|  |TAMS 0x000000008b900000| PB 0x000000008b900000| Untracked 
| 186|0x000000008ba00000, 0x000000008bb00000, 0x000000008bb00000|100%| O|  |TAMS 0x000000008ba00000| PB 0x000000008ba00000| Untracked 
| 187|0x000000008bb00000, 0x000000008bb00000, 0x000000008bc00000|  0%| F|  |TAMS 0x000000008bb00000| PB 0x000000008bb00000| Untracked 
| 188|0x000000008bc00000, 0x000000008bd00000, 0x000000008bd00000|100%| O|  |TAMS 0x000000008bc00000| PB 0x000000008bc00000| Untracked 
| 189|0x000000008bd00000, 0x000000008be00000, 0x000000008be00000|100%| O|  |TAMS 0x000000008bd00000| PB 0x000000008bd00000| Untracked 
| 190|0x000000008be00000, 0x000000008bf00000, 0x000000008bf00000|100%| O|Cm|TAMS 0x000000008be00000| PB 0x000000008be00000| Complete 
| 191|0x000000008bf00000, 0x000000008c000000, 0x000000008c000000|100%| O|  |TAMS 0x000000008bf00000| PB 0x000000008bf00000| Untracked 
| 192|0x000000008c000000, 0x000000008c100000, 0x000000008c100000|100%| O|Cm|TAMS 0x000000008c000000| PB 0x000000008c000000| Complete 
| 193|0x000000008c100000, 0x000000008c200000, 0x000000008c200000|100%| O|  |TAMS 0x000000008c100000| PB 0x000000008c100000| Untracked 
| 194|0x000000008c200000, 0x000000008c300000, 0x000000008c300000|100%| O|  |TAMS 0x000000008c200000| PB 0x000000008c200000| Untracked 
| 195|0x000000008c300000, 0x000000008c400000, 0x000000008c400000|100%| O|Cm|TAMS 0x000000008c300000| PB 0x000000008c300000| Complete 
| 196|0x000000008c400000, 0x000000008c400000, 0x000000008c500000|  0%| F|  |TAMS 0x000000008c400000| PB 0x000000008c400000| Untracked 
| 197|0x000000008c500000, 0x000000008c600000, 0x000000008c600000|100%| O|  |TAMS 0x000000008c500000| PB 0x000000008c500000| Untracked 
| 198|0x000000008c600000, 0x000000008c700000, 0x000000008c700000|100%| O|Cm|TAMS 0x000000008c600000| PB 0x000000008c600000| Complete 
| 199|0x000000008c700000, 0x000000008c800000, 0x000000008c800000|100%| O|Cm|TAMS 0x000000008c700000| PB 0x000000008c700000| Complete 
| 200|0x000000008c800000, 0x000000008c800000, 0x000000008c900000|  0%| F|  |TAMS 0x000000008c800000| PB 0x000000008c800000| Untracked 
| 201|0x000000008c900000, 0x000000008c900000, 0x000000008ca00000|  0%| F|  |TAMS 0x000000008c900000| PB 0x000000008c900000| Untracked 
| 202|0x000000008ca00000, 0x000000008ca00000, 0x000000008cb00000|  0%| F|  |TAMS 0x000000008ca00000| PB 0x000000008ca00000| Untracked 
| 203|0x000000008cb00000, 0x000000008cb00000, 0x000000008cc00000|  0%| F|  |TAMS 0x000000008cb00000| PB 0x000000008cb00000| Untracked 
| 204|0x000000008cc00000, 0x000000008cd00000, 0x000000008cd00000|100%| O|  |TAMS 0x000000008cc00000| PB 0x000000008cc00000| Untracked 
| 205|0x000000008cd00000, 0x000000008cd00000, 0x000000008ce00000|  0%| F|  |TAMS 0x000000008cd00000| PB 0x000000008cd00000| Untracked 
| 206|0x000000008ce00000, 0x000000008ce00000, 0x000000008cf00000|  0%| F|  |TAMS 0x000000008ce00000| PB 0x000000008ce00000| Untracked 
| 207|0x000000008cf00000, 0x000000008cf00000, 0x000000008d000000|  0%| F|  |TAMS 0x000000008cf00000| PB 0x000000008cf00000| Untracked 
| 208|0x000000008d000000, 0x000000008d000000, 0x000000008d100000|  0%| F|  |TAMS 0x000000008d000000| PB 0x000000008d000000| Untracked 
| 209|0x000000008d100000, 0x000000008d100000, 0x000000008d200000|  0%| F|  |TAMS 0x000000008d100000| PB 0x000000008d100000| Untracked 
| 210|0x000000008d200000, 0x000000008d300000, 0x000000008d300000|100%| O|Cm|TAMS 0x000000008d200000| PB 0x000000008d200000| Complete 
| 211|0x000000008d300000, 0x000000008d400000, 0x000000008d400000|100%| O|Cm|TAMS 0x000000008d300000| PB 0x000000008d300000| Complete 
| 212|0x000000008d400000, 0x000000008d500000, 0x000000008d500000|100%| O|Cm|TAMS 0x000000008d400000| PB 0x000000008d400000| Complete 
| 213|0x000000008d500000, 0x000000008d600000, 0x000000008d600000|100%| O|Cm|TAMS 0x000000008d500000| PB 0x000000008d500000| Complete 
| 214|0x000000008d600000, 0x000000008d700000, 0x000000008d700000|100%| O|  |TAMS 0x000000008d600000| PB 0x000000008d600000| Untracked 
| 215|0x000000008d700000, 0x000000008d800000, 0x000000008d800000|100%| O|Cm|TAMS 0x000000008d700000| PB 0x000000008d700000| Complete 
| 216|0x000000008d800000, 0x000000008d900000, 0x000000008d900000|100%| O|  |TAMS 0x000000008d800000| PB 0x000000008d800000| Untracked 
| 217|0x000000008d900000, 0x000000008da00000, 0x000000008da00000|100%| O|  |TAMS 0x000000008d900000| PB 0x000000008d900000| Untracked 
| 218|0x000000008da00000, 0x000000008db00000, 0x000000008db00000|100%| O|  |TAMS 0x000000008da00000| PB 0x000000008da00000| Untracked 
| 219|0x000000008db00000, 0x000000008db00000, 0x000000008dc00000|  0%| F|  |TAMS 0x000000008db00000| PB 0x000000008db00000| Untracked 
| 220|0x000000008dc00000, 0x000000008dd00000, 0x000000008dd00000|100%| O|  |TAMS 0x000000008dc00000| PB 0x000000008dc00000| Untracked 
| 221|0x000000008dd00000, 0x000000008de00000, 0x000000008de00000|100%| O|  |TAMS 0x000000008dd00000| PB 0x000000008dd00000| Untracked 
| 222|0x000000008de00000, 0x000000008de00000, 0x000000008df00000|  0%| F|  |TAMS 0x000000008de00000| PB 0x000000008de00000| Untracked 
| 223|0x000000008df00000, 0x000000008e000000, 0x000000008e000000|100%| O|  |TAMS 0x000000008df00000| PB 0x000000008df00000| Untracked 
| 224|0x000000008e000000, 0x000000008e100000, 0x000000008e100000|100%| O|  |TAMS 0x000000008e000000| PB 0x000000008e000000| Untracked 
| 225|0x000000008e100000, 0x000000008e100000, 0x000000008e200000|  0%| F|  |TAMS 0x000000008e100000| PB 0x000000008e100000| Untracked 
| 226|0x000000008e200000, 0x000000008e300000, 0x000000008e300000|100%| O|  |TAMS 0x000000008e200000| PB 0x000000008e200000| Untracked 
| 227|0x000000008e300000, 0x000000008e400000, 0x000000008e400000|100%| O|  |TAMS 0x000000008e300000| PB 0x000000008e300000| Untracked 
| 228|0x000000008e400000, 0x000000008e400000, 0x000000008e500000|  0%| F|  |TAMS 0x000000008e400000| PB 0x000000008e400000| Untracked 
| 229|0x000000008e500000, 0x000000008e500000, 0x000000008e600000|  0%| F|  |TAMS 0x000000008e500000| PB 0x000000008e500000| Untracked 
| 230|0x000000008e600000, 0x000000008e600000, 0x000000008e700000|  0%| F|  |TAMS 0x000000008e600000| PB 0x000000008e600000| Untracked 
| 231|0x000000008e700000, 0x000000008e700000, 0x000000008e800000|  0%| F|  |TAMS 0x000000008e700000| PB 0x000000008e700000| Untracked 
| 232|0x000000008e800000, 0x000000008e900000, 0x000000008e900000|100%|HS|  |TAMS 0x000000008e800000| PB 0x000000008e800000| Complete 
| 233|0x000000008e900000, 0x000000008ea00000, 0x000000008ea00000|100%| O|  |TAMS 0x000000008e900000| PB 0x000000008e900000| Untracked 
| 234|0x000000008ea00000, 0x000000008eb00000, 0x000000008eb00000|100%| O|  |TAMS 0x000000008ea00000| PB 0x000000008ea00000| Untracked 
| 235|0x000000008eb00000, 0x000000008ec00000, 0x000000008ec00000|100%| O|Cm|TAMS 0x000000008eb00000| PB 0x000000008eb00000| Complete 
| 236|0x000000008ec00000, 0x000000008ec00000, 0x000000008ed00000|  0%| F|  |TAMS 0x000000008ec00000| PB 0x000000008ec00000| Untracked 
| 237|0x000000008ed00000, 0x000000008ee00000, 0x000000008ee00000|100%| O|Cm|TAMS 0x000000008ed00000| PB 0x000000008ed00000| Complete 
| 238|0x000000008ee00000, 0x000000008ee00000, 0x000000008ef00000|  0%| F|  |TAMS 0x000000008ee00000| PB 0x000000008ee00000| Untracked 
| 239|0x000000008ef00000, 0x000000008ef00000, 0x000000008f000000|  0%| F|  |TAMS 0x000000008ef00000| PB 0x000000008ef00000| Untracked 
| 240|0x000000008f000000, 0x000000008f000000, 0x000000008f100000|  0%| F|  |TAMS 0x000000008f000000| PB 0x000000008f000000| Untracked 
| 241|0x000000008f100000, 0x000000008f100000, 0x000000008f200000|  0%| F|  |TAMS 0x000000008f100000| PB 0x000000008f100000| Untracked 
| 242|0x000000008f200000, 0x000000008f300000, 0x000000008f300000|100%| O|  |TAMS 0x000000008f200000| PB 0x000000008f200000| Untracked 
| 243|0x000000008f300000, 0x000000008f400000, 0x000000008f400000|100%| O|  |TAMS 0x000000008f300000| PB 0x000000008f300000| Untracked 
| 244|0x000000008f400000, 0x000000008f400000, 0x000000008f500000|  0%| F|  |TAMS 0x000000008f400000| PB 0x000000008f400000| Untracked 
| 245|0x000000008f500000, 0x000000008f600000, 0x000000008f600000|100%| O|  |TAMS 0x000000008f500000| PB 0x000000008f500000| Untracked 
| 246|0x000000008f600000, 0x000000008f700000, 0x000000008f700000|100%| O|  |TAMS 0x000000008f600000| PB 0x000000008f600000| Untracked 
| 247|0x000000008f700000, 0x000000008f800000, 0x000000008f800000|100%| O|Cm|TAMS 0x000000008f700000| PB 0x000000008f700000| Complete 
| 248|0x000000008f800000, 0x000000008f800000, 0x000000008f900000|  0%| F|  |TAMS 0x000000008f800000| PB 0x000000008f800000| Untracked 
| 249|0x000000008f900000, 0x000000008fa00000, 0x000000008fa00000|100%| O|Cm|TAMS 0x000000008f900000| PB 0x000000008f900000| Complete 
| 250|0x000000008fa00000, 0x000000008fb00000, 0x000000008fb00000|100%| O|Cm|TAMS 0x000000008fa00000| PB 0x000000008fa00000| Complete 
| 251|0x000000008fb00000, 0x000000008fb00000, 0x000000008fc00000|  0%| F|  |TAMS 0x000000008fb00000| PB 0x000000008fb00000| Untracked 
| 252|0x000000008fc00000, 0x000000008fc00000, 0x000000008fd00000|  0%| F|  |TAMS 0x000000008fc00000| PB 0x000000008fc00000| Untracked 
| 253|0x000000008fd00000, 0x000000008fd00000, 0x000000008fe00000|  0%| F|  |TAMS 0x000000008fd00000| PB 0x000000008fd00000| Untracked 
| 254|0x000000008fe00000, 0x000000008fe00000, 0x000000008ff00000|  0%| F|  |TAMS 0x000000008fe00000| PB 0x000000008fe00000| Untracked 
| 255|0x000000008ff00000, 0x0000000090000000, 0x0000000090000000|100%| O|Cm|TAMS 0x000000008ff00000| PB 0x000000008ff00000| Complete 
| 256|0x0000000090000000, 0x0000000090100000, 0x0000000090100000|100%| O|Cm|TAMS 0x0000000090000000| PB 0x0000000090000000| Complete 
| 257|0x0000000090100000, 0x0000000090100000, 0x0000000090200000|  0%| F|  |TAMS 0x0000000090100000| PB 0x0000000090100000| Untracked 
| 258|0x0000000090200000, 0x0000000090200000, 0x0000000090300000|  0%| F|  |TAMS 0x0000000090200000| PB 0x0000000090200000| Untracked 
| 259|0x0000000090300000, 0x0000000090300000, 0x0000000090400000|  0%| F|  |TAMS 0x0000000090300000| PB 0x0000000090300000| Untracked 
| 260|0x0000000090400000, 0x0000000090400000, 0x0000000090500000|  0%| F|  |TAMS 0x0000000090400000| PB 0x0000000090400000| Untracked 
| 261|0x0000000090500000, 0x0000000090500000, 0x0000000090600000|  0%| F|  |TAMS 0x0000000090500000| PB 0x0000000090500000| Untracked 
| 262|0x0000000090600000, 0x0000000090600000, 0x0000000090700000|  0%| F|  |TAMS 0x0000000090600000| PB 0x0000000090600000| Untracked 
| 263|0x0000000090700000, 0x0000000090800000, 0x0000000090800000|100%| O|Cm|TAMS 0x0000000090700000| PB 0x0000000090700000| Complete 
| 264|0x0000000090800000, 0x0000000090800000, 0x0000000090900000|  0%| F|  |TAMS 0x0000000090800000| PB 0x0000000090800000| Untracked 
| 265|0x0000000090900000, 0x0000000090900000, 0x0000000090a00000|  0%| F|  |TAMS 0x0000000090900000| PB 0x0000000090900000| Untracked 
| 266|0x0000000090a00000, 0x0000000090a00000, 0x0000000090b00000|  0%| F|  |TAMS 0x0000000090a00000| PB 0x0000000090a00000| Untracked 
| 267|0x0000000090b00000, 0x0000000090b00000, 0x0000000090c00000|  0%| F|  |TAMS 0x0000000090b00000| PB 0x0000000090b00000| Untracked 
| 268|0x0000000090c00000, 0x0000000090c00000, 0x0000000090d00000|  0%| F|  |TAMS 0x0000000090c00000| PB 0x0000000090c00000| Untracked 
| 269|0x0000000090d00000, 0x0000000090d00000, 0x0000000090e00000|  0%| F|  |TAMS 0x0000000090d00000| PB 0x0000000090d00000| Untracked 
| 270|0x0000000090e00000, 0x0000000090e00000, 0x0000000090f00000|  0%| F|  |TAMS 0x0000000090e00000| PB 0x0000000090e00000| Untracked 
| 271|0x0000000090f00000, 0x0000000090f00000, 0x0000000091000000|  0%| F|  |TAMS 0x0000000090f00000| PB 0x0000000090f00000| Untracked 
| 272|0x0000000091000000, 0x0000000091000000, 0x0000000091100000|  0%| F|  |TAMS 0x0000000091000000| PB 0x0000000091000000| Untracked 
| 273|0x0000000091100000, 0x0000000091100000, 0x0000000091200000|  0%| F|  |TAMS 0x0000000091100000| PB 0x0000000091100000| Untracked 
| 274|0x0000000091200000, 0x0000000091200000, 0x0000000091300000|  0%| F|  |TAMS 0x0000000091200000| PB 0x0000000091200000| Untracked 
| 275|0x0000000091300000, 0x0000000091300000, 0x0000000091400000|  0%| F|  |TAMS 0x0000000091300000| PB 0x0000000091300000| Untracked 
| 276|0x0000000091400000, 0x0000000091400000, 0x0000000091500000|  0%| F|  |TAMS 0x0000000091400000| PB 0x0000000091400000| Untracked 
| 277|0x0000000091500000, 0x0000000091500000, 0x0000000091600000|  0%| F|  |TAMS 0x0000000091500000| PB 0x0000000091500000| Untracked 
| 278|0x0000000091600000, 0x0000000091600000, 0x0000000091700000|  0%| F|  |TAMS 0x0000000091600000| PB 0x0000000091600000| Untracked 
| 279|0x0000000091700000, 0x0000000091700000, 0x0000000091800000|  0%| F|  |TAMS 0x0000000091700000| PB 0x0000000091700000| Untracked 
| 280|0x0000000091800000, 0x0000000091800000, 0x0000000091900000|  0%| F|  |TAMS 0x0000000091800000| PB 0x0000000091800000| Untracked 
| 281|0x0000000091900000, 0x0000000091900000, 0x0000000091a00000|  0%| F|  |TAMS 0x0000000091900000| PB 0x0000000091900000| Untracked 
| 282|0x0000000091a00000, 0x0000000091a00000, 0x0000000091b00000|  0%| F|  |TAMS 0x0000000091a00000| PB 0x0000000091a00000| Untracked 
| 283|0x0000000091b00000, 0x0000000091b00000, 0x0000000091c00000|  0%| F|  |TAMS 0x0000000091b00000| PB 0x0000000091b00000| Untracked 
| 284|0x0000000091c00000, 0x0000000091c00000, 0x0000000091d00000|  0%| F|  |TAMS 0x0000000091c00000| PB 0x0000000091c00000| Untracked 
| 285|0x0000000091d00000, 0x0000000091d00000, 0x0000000091e00000|  0%| F|  |TAMS 0x0000000091d00000| PB 0x0000000091d00000| Untracked 
| 286|0x0000000091e00000, 0x0000000091e00000, 0x0000000091f00000|  0%| F|  |TAMS 0x0000000091e00000| PB 0x0000000091e00000| Untracked 
| 287|0x0000000091f00000, 0x0000000091f00000, 0x0000000092000000|  0%| F|  |TAMS 0x0000000091f00000| PB 0x0000000091f00000| Untracked 
| 288|0x0000000092000000, 0x0000000092000000, 0x0000000092100000|  0%| F|  |TAMS 0x0000000092000000| PB 0x0000000092000000| Untracked 
| 289|0x0000000092100000, 0x0000000092100000, 0x0000000092200000|  0%| F|  |TAMS 0x0000000092100000| PB 0x0000000092100000| Untracked 
| 290|0x0000000092200000, 0x0000000092200000, 0x0000000092300000|  0%| F|  |TAMS 0x0000000092200000| PB 0x0000000092200000| Untracked 
| 291|0x0000000092300000, 0x0000000092400000, 0x0000000092400000|100%| O|Cm|TAMS 0x0000000092300000| PB 0x0000000092300000| Complete 
| 292|0x0000000092400000, 0x0000000092500000, 0x0000000092500000|100%| O|Cm|TAMS 0x0000000092400000| PB 0x0000000092400000| Complete 
| 293|0x0000000092500000, 0x0000000092600000, 0x0000000092600000|100%| O|Cm|TAMS 0x0000000092500000| PB 0x0000000092500000| Complete 
| 294|0x0000000092600000, 0x0000000092700000, 0x0000000092700000|100%| O|Cm|TAMS 0x0000000092600000| PB 0x0000000092600000| Complete 
| 295|0x0000000092700000, 0x0000000092800000, 0x0000000092800000|100%| O|Cm|TAMS 0x0000000092700000| PB 0x0000000092700000| Complete 
| 296|0x0000000092800000, 0x0000000092900000, 0x0000000092900000|100%| O|  |TAMS 0x0000000092800000| PB 0x0000000092800000| Untracked 
| 297|0x0000000092900000, 0x0000000092900000, 0x0000000092a00000|  0%| F|  |TAMS 0x0000000092900000| PB 0x0000000092900000| Untracked 
| 298|0x0000000092a00000, 0x0000000092a00000, 0x0000000092b00000|  0%| F|  |TAMS 0x0000000092a00000| PB 0x0000000092a00000| Untracked 
| 299|0x0000000092b00000, 0x0000000092b00000, 0x0000000092c00000|  0%| F|  |TAMS 0x0000000092b00000| PB 0x0000000092b00000| Untracked 
| 300|0x0000000092c00000, 0x0000000092c00000, 0x0000000092d00000|  0%| F|  |TAMS 0x0000000092c00000| PB 0x0000000092c00000| Untracked 
| 301|0x0000000092d00000, 0x0000000092d00000, 0x0000000092e00000|  0%| F|  |TAMS 0x0000000092d00000| PB 0x0000000092d00000| Untracked 
| 302|0x0000000092e00000, 0x0000000092e00000, 0x0000000092f00000|  0%| F|  |TAMS 0x0000000092e00000| PB 0x0000000092e00000| Untracked 
| 303|0x0000000092f00000, 0x0000000092f00000, 0x0000000093000000|  0%| F|  |TAMS 0x0000000092f00000| PB 0x0000000092f00000| Untracked 
| 304|0x0000000093000000, 0x0000000093000000, 0x0000000093100000|  0%| F|  |TAMS 0x0000000093000000| PB 0x0000000093000000| Untracked 
| 305|0x0000000093100000, 0x0000000093100000, 0x0000000093200000|  0%| F|  |TAMS 0x0000000093100000| PB 0x0000000093100000| Untracked 
| 306|0x0000000093200000, 0x0000000093200000, 0x0000000093300000|  0%| F|  |TAMS 0x0000000093200000| PB 0x0000000093200000| Untracked 
| 307|0x0000000093300000, 0x0000000093300000, 0x0000000093400000|  0%| F|  |TAMS 0x0000000093300000| PB 0x0000000093300000| Untracked 
| 308|0x0000000093400000, 0x0000000093400000, 0x0000000093500000|  0%| F|  |TAMS 0x0000000093400000| PB 0x0000000093400000| Untracked 
| 309|0x0000000093500000, 0x0000000093500000, 0x0000000093600000|  0%| F|  |TAMS 0x0000000093500000| PB 0x0000000093500000| Untracked 
| 310|0x0000000093600000, 0x0000000093600000, 0x0000000093700000|  0%| F|  |TAMS 0x0000000093600000| PB 0x0000000093600000| Untracked 
| 311|0x0000000093700000, 0x0000000093700000, 0x0000000093800000|  0%| F|  |TAMS 0x0000000093700000| PB 0x0000000093700000| Untracked 
| 312|0x0000000093800000, 0x0000000093800000, 0x0000000093900000|  0%| F|  |TAMS 0x0000000093800000| PB 0x0000000093800000| Untracked 
| 313|0x0000000093900000, 0x0000000093900000, 0x0000000093a00000|  0%| F|  |TAMS 0x0000000093900000| PB 0x0000000093900000| Untracked 
| 314|0x0000000093a00000, 0x0000000093a00000, 0x0000000093b00000|  0%| F|  |TAMS 0x0000000093a00000| PB 0x0000000093a00000| Untracked 
| 315|0x0000000093b00000, 0x0000000093b00000, 0x0000000093c00000|  0%| F|  |TAMS 0x0000000093b00000| PB 0x0000000093b00000| Untracked 
| 316|0x0000000093c00000, 0x0000000093c00000, 0x0000000093d00000|  0%| F|  |TAMS 0x0000000093c00000| PB 0x0000000093c00000| Untracked 
| 317|0x0000000093d00000, 0x0000000093d00000, 0x0000000093e00000|  0%| F|  |TAMS 0x0000000093d00000| PB 0x0000000093d00000| Untracked 
| 318|0x0000000093e00000, 0x0000000093e00000, 0x0000000093f00000|  0%| F|  |TAMS 0x0000000093e00000| PB 0x0000000093e00000| Untracked 
| 319|0x0000000093f00000, 0x0000000093f00000, 0x0000000094000000|  0%| F|  |TAMS 0x0000000093f00000| PB 0x0000000093f00000| Untracked 
| 320|0x0000000094000000, 0x0000000094000000, 0x0000000094100000|  0%| F|  |TAMS 0x0000000094000000| PB 0x0000000094000000| Untracked 
| 321|0x0000000094100000, 0x0000000094100000, 0x0000000094200000|  0%| F|  |TAMS 0x0000000094100000| PB 0x0000000094100000| Untracked 
| 322|0x0000000094200000, 0x0000000094200000, 0x0000000094300000|  0%| F|  |TAMS 0x0000000094200000| PB 0x0000000094200000| Untracked 
| 323|0x0000000094300000, 0x0000000094300000, 0x0000000094400000|  0%| F|  |TAMS 0x0000000094300000| PB 0x0000000094300000| Untracked 
| 324|0x0000000094400000, 0x0000000094400000, 0x0000000094500000|  0%| F|  |TAMS 0x0000000094400000| PB 0x0000000094400000| Untracked 
| 325|0x0000000094500000, 0x0000000094500000, 0x0000000094600000|  0%| F|  |TAMS 0x0000000094500000| PB 0x0000000094500000| Untracked 
| 326|0x0000000094600000, 0x0000000094600000, 0x0000000094700000|  0%| F|  |TAMS 0x0000000094600000| PB 0x0000000094600000| Untracked 
| 327|0x0000000094700000, 0x0000000094700000, 0x0000000094800000|  0%| F|  |TAMS 0x0000000094700000| PB 0x0000000094700000| Untracked 
| 328|0x0000000094800000, 0x0000000094800000, 0x0000000094900000|  0%| F|  |TAMS 0x0000000094800000| PB 0x0000000094800000| Untracked 
| 329|0x0000000094900000, 0x0000000094900000, 0x0000000094a00000|  0%| F|  |TAMS 0x0000000094900000| PB 0x0000000094900000| Untracked 
| 330|0x0000000094a00000, 0x0000000094a00000, 0x0000000094b00000|  0%| F|  |TAMS 0x0000000094a00000| PB 0x0000000094a00000| Untracked 
| 331|0x0000000094b00000, 0x0000000094b00000, 0x0000000094c00000|  0%| F|  |TAMS 0x0000000094b00000| PB 0x0000000094b00000| Untracked 
| 332|0x0000000094c00000, 0x0000000094c00000, 0x0000000094d00000|  0%| F|  |TAMS 0x0000000094c00000| PB 0x0000000094c00000| Untracked 
| 333|0x0000000094d00000, 0x0000000094d00000, 0x0000000094e00000|  0%| F|  |TAMS 0x0000000094d00000| PB 0x0000000094d00000| Untracked 
| 334|0x0000000094e00000, 0x0000000094e00000, 0x0000000094f00000|  0%| F|  |TAMS 0x0000000094e00000| PB 0x0000000094e00000| Untracked 
| 335|0x0000000094f00000, 0x0000000094f00000, 0x0000000095000000|  0%| F|  |TAMS 0x0000000094f00000| PB 0x0000000094f00000| Untracked 
| 336|0x0000000095000000, 0x0000000095000000, 0x0000000095100000|  0%| F|  |TAMS 0x0000000095000000| PB 0x0000000095000000| Untracked 
| 337|0x0000000095100000, 0x0000000095100000, 0x0000000095200000|  0%| F|  |TAMS 0x0000000095100000| PB 0x0000000095100000| Untracked 
| 338|0x0000000095200000, 0x0000000095200000, 0x0000000095300000|  0%| F|  |TAMS 0x0000000095200000| PB 0x0000000095200000| Untracked 
| 339|0x0000000095300000, 0x0000000095300000, 0x0000000095400000|  0%| F|  |TAMS 0x0000000095300000| PB 0x0000000095300000| Untracked 
| 340|0x0000000095400000, 0x0000000095400000, 0x0000000095500000|  0%| F|  |TAMS 0x0000000095400000| PB 0x0000000095400000| Untracked 
| 341|0x0000000095500000, 0x0000000095500000, 0x0000000095600000|  0%| F|  |TAMS 0x0000000095500000| PB 0x0000000095500000| Untracked 
| 342|0x0000000095600000, 0x0000000095600000, 0x0000000095700000|  0%| F|  |TAMS 0x0000000095600000| PB 0x0000000095600000| Untracked 
| 343|0x0000000095700000, 0x0000000095700000, 0x0000000095800000|  0%| F|  |TAMS 0x0000000095700000| PB 0x0000000095700000| Untracked 
| 344|0x0000000095800000, 0x0000000095800000, 0x0000000095900000|  0%| F|  |TAMS 0x0000000095800000| PB 0x0000000095800000| Untracked 
| 345|0x0000000095900000, 0x0000000095900000, 0x0000000095a00000|  0%| F|  |TAMS 0x0000000095900000| PB 0x0000000095900000| Untracked 
| 346|0x0000000095a00000, 0x0000000095a00000, 0x0000000095b00000|  0%| F|  |TAMS 0x0000000095a00000| PB 0x0000000095a00000| Untracked 
| 347|0x0000000095b00000, 0x0000000095b00000, 0x0000000095c00000|  0%| F|  |TAMS 0x0000000095b00000| PB 0x0000000095b00000| Untracked 
| 348|0x0000000095c00000, 0x0000000095c00000, 0x0000000095d00000|  0%| F|  |TAMS 0x0000000095c00000| PB 0x0000000095c00000| Untracked 
| 349|0x0000000095d00000, 0x0000000095d00000, 0x0000000095e00000|  0%| F|  |TAMS 0x0000000095d00000| PB 0x0000000095d00000| Untracked 
| 350|0x0000000095e00000, 0x0000000095e00000, 0x0000000095f00000|  0%| F|  |TAMS 0x0000000095e00000| PB 0x0000000095e00000| Untracked 
| 351|0x0000000095f00000, 0x0000000095f00000, 0x0000000096000000|  0%| F|  |TAMS 0x0000000095f00000| PB 0x0000000095f00000| Untracked 
| 352|0x0000000096000000, 0x0000000096000000, 0x0000000096100000|  0%| F|  |TAMS 0x0000000096000000| PB 0x0000000096000000| Untracked 
| 353|0x0000000096100000, 0x0000000096100000, 0x0000000096200000|  0%| F|  |TAMS 0x0000000096100000| PB 0x0000000096100000| Untracked 
| 354|0x0000000096200000, 0x0000000096200000, 0x0000000096300000|  0%| F|  |TAMS 0x0000000096200000| PB 0x0000000096200000| Untracked 
| 355|0x0000000096300000, 0x0000000096300000, 0x0000000096400000|  0%| F|  |TAMS 0x0000000096300000| PB 0x0000000096300000| Untracked 
| 356|0x0000000096400000, 0x0000000096400000, 0x0000000096500000|  0%| F|  |TAMS 0x0000000096400000| PB 0x0000000096400000| Untracked 
| 357|0x0000000096500000, 0x0000000096500000, 0x0000000096600000|  0%| F|  |TAMS 0x0000000096500000| PB 0x0000000096500000| Untracked 
| 358|0x0000000096600000, 0x0000000096600000, 0x0000000096700000|  0%| F|  |TAMS 0x0000000096600000| PB 0x0000000096600000| Untracked 
| 359|0x0000000096700000, 0x0000000096700000, 0x0000000096800000|  0%| F|  |TAMS 0x0000000096700000| PB 0x0000000096700000| Untracked 
| 360|0x0000000096800000, 0x0000000096800000, 0x0000000096900000|  0%| F|  |TAMS 0x0000000096800000| PB 0x0000000096800000| Untracked 
| 361|0x0000000096900000, 0x0000000096900000, 0x0000000096a00000|  0%| F|  |TAMS 0x0000000096900000| PB 0x0000000096900000| Untracked 
| 362|0x0000000096a00000, 0x0000000096a00000, 0x0000000096b00000|  0%| F|  |TAMS 0x0000000096a00000| PB 0x0000000096a00000| Untracked 
| 363|0x0000000096b00000, 0x0000000096b00000, 0x0000000096c00000|  0%| F|  |TAMS 0x0000000096b00000| PB 0x0000000096b00000| Untracked 
| 364|0x0000000096c00000, 0x0000000096c00000, 0x0000000096d00000|  0%| F|  |TAMS 0x0000000096c00000| PB 0x0000000096c00000| Untracked 
| 365|0x0000000096d00000, 0x0000000096d00000, 0x0000000096e00000|  0%| F|  |TAMS 0x0000000096d00000| PB 0x0000000096d00000| Untracked 
| 366|0x0000000096e00000, 0x0000000096e00000, 0x0000000096f00000|  0%| F|  |TAMS 0x0000000096e00000| PB 0x0000000096e00000| Untracked 
| 367|0x0000000096f00000, 0x0000000096f00000, 0x0000000097000000|  0%| F|  |TAMS 0x0000000096f00000| PB 0x0000000096f00000| Untracked 
| 368|0x0000000097000000, 0x0000000097000000, 0x0000000097100000|  0%| F|  |TAMS 0x0000000097000000| PB 0x0000000097000000| Untracked 
| 369|0x0000000097100000, 0x0000000097100000, 0x0000000097200000|  0%| F|  |TAMS 0x0000000097100000| PB 0x0000000097100000| Untracked 
| 370|0x0000000097200000, 0x0000000097200000, 0x0000000097300000|  0%| F|  |TAMS 0x0000000097200000| PB 0x0000000097200000| Untracked 
| 371|0x0000000097300000, 0x0000000097300000, 0x0000000097400000|  0%| F|  |TAMS 0x0000000097300000| PB 0x0000000097300000| Untracked 
| 372|0x0000000097400000, 0x0000000097400000, 0x0000000097500000|  0%| F|  |TAMS 0x0000000097400000| PB 0x0000000097400000| Untracked 
| 373|0x0000000097500000, 0x0000000097500000, 0x0000000097600000|  0%| F|  |TAMS 0x0000000097500000| PB 0x0000000097500000| Untracked 
| 374|0x0000000097600000, 0x0000000097600000, 0x0000000097700000|  0%| F|  |TAMS 0x0000000097600000| PB 0x0000000097600000| Untracked 
| 375|0x0000000097700000, 0x0000000097700000, 0x0000000097800000|  0%| F|  |TAMS 0x0000000097700000| PB 0x0000000097700000| Untracked 
| 376|0x0000000097800000, 0x0000000097800000, 0x0000000097900000|  0%| F|  |TAMS 0x0000000097800000| PB 0x0000000097800000| Untracked 
| 377|0x0000000097900000, 0x0000000097900000, 0x0000000097a00000|  0%| F|  |TAMS 0x0000000097900000| PB 0x0000000097900000| Untracked 
| 378|0x0000000097a00000, 0x0000000097a00000, 0x0000000097b00000|  0%| F|  |TAMS 0x0000000097a00000| PB 0x0000000097a00000| Untracked 
| 379|0x0000000097b00000, 0x0000000097b00000, 0x0000000097c00000|  0%| F|  |TAMS 0x0000000097b00000| PB 0x0000000097b00000| Untracked 
| 380|0x0000000097c00000, 0x0000000097c00000, 0x0000000097d00000|  0%| F|  |TAMS 0x0000000097c00000| PB 0x0000000097c00000| Untracked 
| 381|0x0000000097d00000, 0x0000000097d00000, 0x0000000097e00000|  0%| F|  |TAMS 0x0000000097d00000| PB 0x0000000097d00000| Untracked 
| 382|0x0000000097e00000, 0x0000000097e00000, 0x0000000097f00000|  0%| F|  |TAMS 0x0000000097e00000| PB 0x0000000097e00000| Untracked 
| 383|0x0000000097f00000, 0x0000000097f00000, 0x0000000098000000|  0%| F|  |TAMS 0x0000000097f00000| PB 0x0000000097f00000| Untracked 
| 384|0x0000000098000000, 0x0000000098000000, 0x0000000098100000|  0%| F|  |TAMS 0x0000000098000000| PB 0x0000000098000000| Untracked 
| 385|0x0000000098100000, 0x0000000098100000, 0x0000000098200000|  0%| F|  |TAMS 0x0000000098100000| PB 0x0000000098100000| Untracked 
| 386|0x0000000098200000, 0x0000000098200000, 0x0000000098300000|  0%| F|  |TAMS 0x0000000098200000| PB 0x0000000098200000| Untracked 
| 387|0x0000000098300000, 0x0000000098300000, 0x0000000098400000|  0%| F|  |TAMS 0x0000000098300000| PB 0x0000000098300000| Untracked 
| 388|0x0000000098400000, 0x0000000098400000, 0x0000000098500000|  0%| F|  |TAMS 0x0000000098400000| PB 0x0000000098400000| Untracked 
| 389|0x0000000098500000, 0x0000000098500000, 0x0000000098600000|  0%| F|  |TAMS 0x0000000098500000| PB 0x0000000098500000| Untracked 
| 390|0x0000000098600000, 0x0000000098600000, 0x0000000098700000|  0%| F|  |TAMS 0x0000000098600000| PB 0x0000000098600000| Untracked 
| 391|0x0000000098700000, 0x0000000098700000, 0x0000000098800000|  0%| F|  |TAMS 0x0000000098700000| PB 0x0000000098700000| Untracked 
| 392|0x0000000098800000, 0x0000000098800000, 0x0000000098900000|  0%| F|  |TAMS 0x0000000098800000| PB 0x0000000098800000| Untracked 
| 393|0x0000000098900000, 0x0000000098900000, 0x0000000098a00000|  0%| F|  |TAMS 0x0000000098900000| PB 0x0000000098900000| Untracked 
| 394|0x0000000098a00000, 0x0000000098a00000, 0x0000000098b00000|  0%| F|  |TAMS 0x0000000098a00000| PB 0x0000000098a00000| Untracked 
| 395|0x0000000098b00000, 0x0000000098b00000, 0x0000000098c00000|  0%| F|  |TAMS 0x0000000098b00000| PB 0x0000000098b00000| Untracked 
| 396|0x0000000098c00000, 0x0000000098c00000, 0x0000000098d00000|  0%| F|  |TAMS 0x0000000098c00000| PB 0x0000000098c00000| Untracked 
| 397|0x0000000098d00000, 0x0000000098d00000, 0x0000000098e00000|  0%| F|  |TAMS 0x0000000098d00000| PB 0x0000000098d00000| Untracked 
| 398|0x0000000098e00000, 0x0000000098e00000, 0x0000000098f00000|  0%| F|  |TAMS 0x0000000098e00000| PB 0x0000000098e00000| Untracked 
| 399|0x0000000098f00000, 0x0000000098f00000, 0x0000000099000000|  0%| F|  |TAMS 0x0000000098f00000| PB 0x0000000098f00000| Untracked 
| 400|0x0000000099000000, 0x0000000099000000, 0x0000000099100000|  0%| F|  |TAMS 0x0000000099000000| PB 0x0000000099000000| Untracked 
| 401|0x0000000099100000, 0x0000000099100000, 0x0000000099200000|  0%| F|  |TAMS 0x0000000099100000| PB 0x0000000099100000| Untracked 
| 402|0x0000000099200000, 0x0000000099200000, 0x0000000099300000|  0%| F|  |TAMS 0x0000000099200000| PB 0x0000000099200000| Untracked 
| 403|0x0000000099300000, 0x0000000099300000, 0x0000000099400000|  0%| F|  |TAMS 0x0000000099300000| PB 0x0000000099300000| Untracked 
| 404|0x0000000099400000, 0x0000000099400000, 0x0000000099500000|  0%| F|  |TAMS 0x0000000099400000| PB 0x0000000099400000| Untracked 
| 405|0x0000000099500000, 0x0000000099500000, 0x0000000099600000|  0%| F|  |TAMS 0x0000000099500000| PB 0x0000000099500000| Untracked 
| 406|0x0000000099600000, 0x0000000099600000, 0x0000000099700000|  0%| F|  |TAMS 0x0000000099600000| PB 0x0000000099600000| Untracked 
| 407|0x0000000099700000, 0x0000000099700000, 0x0000000099800000|  0%| F|  |TAMS 0x0000000099700000| PB 0x0000000099700000| Untracked 
| 408|0x0000000099800000, 0x0000000099800000, 0x0000000099900000|  0%| F|  |TAMS 0x0000000099800000| PB 0x0000000099800000| Untracked 
| 409|0x0000000099900000, 0x0000000099900000, 0x0000000099a00000|  0%| F|  |TAMS 0x0000000099900000| PB 0x0000000099900000| Untracked 
| 410|0x0000000099a00000, 0x0000000099a00000, 0x0000000099b00000|  0%| F|  |TAMS 0x0000000099a00000| PB 0x0000000099a00000| Untracked 
| 411|0x0000000099b00000, 0x0000000099b00000, 0x0000000099c00000|  0%| F|  |TAMS 0x0000000099b00000| PB 0x0000000099b00000| Untracked 
| 412|0x0000000099c00000, 0x0000000099c00000, 0x0000000099d00000|  0%| F|  |TAMS 0x0000000099c00000| PB 0x0000000099c00000| Untracked 
| 413|0x0000000099d00000, 0x0000000099d00000, 0x0000000099e00000|  0%| F|  |TAMS 0x0000000099d00000| PB 0x0000000099d00000| Untracked 
| 414|0x0000000099e00000, 0x0000000099e00000, 0x0000000099f00000|  0%| F|  |TAMS 0x0000000099e00000| PB 0x0000000099e00000| Untracked 
| 415|0x0000000099f00000, 0x0000000099f00000, 0x000000009a000000|  0%| F|  |TAMS 0x0000000099f00000| PB 0x0000000099f00000| Untracked 
| 416|0x000000009a000000, 0x000000009a000000, 0x000000009a100000|  0%| F|  |TAMS 0x000000009a000000| PB 0x000000009a000000| Untracked 
| 417|0x000000009a100000, 0x000000009a100000, 0x000000009a200000|  0%| F|  |TAMS 0x000000009a100000| PB 0x000000009a100000| Untracked 
| 418|0x000000009a200000, 0x000000009a200000, 0x000000009a300000|  0%| F|  |TAMS 0x000000009a200000| PB 0x000000009a200000| Untracked 
| 419|0x000000009a300000, 0x000000009a300000, 0x000000009a400000|  0%| F|  |TAMS 0x000000009a300000| PB 0x000000009a300000| Untracked 
| 420|0x000000009a400000, 0x000000009a400000, 0x000000009a500000|  0%| F|  |TAMS 0x000000009a400000| PB 0x000000009a400000| Untracked 
| 421|0x000000009a500000, 0x000000009a500000, 0x000000009a600000|  0%| F|  |TAMS 0x000000009a500000| PB 0x000000009a500000| Untracked 
| 422|0x000000009a600000, 0x000000009a600000, 0x000000009a700000|  0%| F|  |TAMS 0x000000009a600000| PB 0x000000009a600000| Untracked 
| 423|0x000000009a700000, 0x000000009a700000, 0x000000009a800000|  0%| F|  |TAMS 0x000000009a700000| PB 0x000000009a700000| Untracked 
| 424|0x000000009a800000, 0x000000009a800000, 0x000000009a900000|  0%| F|  |TAMS 0x000000009a800000| PB 0x000000009a800000| Untracked 
| 425|0x000000009a900000, 0x000000009a900000, 0x000000009aa00000|  0%| F|  |TAMS 0x000000009a900000| PB 0x000000009a900000| Untracked 
| 426|0x000000009aa00000, 0x000000009aa00000, 0x000000009ab00000|  0%| F|  |TAMS 0x000000009aa00000| PB 0x000000009aa00000| Untracked 
| 427|0x000000009ab00000, 0x000000009ab00000, 0x000000009ac00000|  0%| F|  |TAMS 0x000000009ab00000| PB 0x000000009ab00000| Untracked 
| 428|0x000000009ac00000, 0x000000009ac00000, 0x000000009ad00000|  0%| F|  |TAMS 0x000000009ac00000| PB 0x000000009ac00000| Untracked 
| 429|0x000000009ad00000, 0x000000009ad00000, 0x000000009ae00000|  0%| F|  |TAMS 0x000000009ad00000| PB 0x000000009ad00000| Untracked 
| 430|0x000000009ae00000, 0x000000009ae00000, 0x000000009af00000|  0%| F|  |TAMS 0x000000009ae00000| PB 0x000000009ae00000| Untracked 
| 431|0x000000009af00000, 0x000000009af00000, 0x000000009b000000|  0%| F|  |TAMS 0x000000009af00000| PB 0x000000009af00000| Untracked 
| 432|0x000000009b000000, 0x000000009b000000, 0x000000009b100000|  0%| F|  |TAMS 0x000000009b000000| PB 0x000000009b000000| Untracked 
| 433|0x000000009b100000, 0x000000009b100000, 0x000000009b200000|  0%| F|  |TAMS 0x000000009b100000| PB 0x000000009b100000| Untracked 
| 434|0x000000009b200000, 0x000000009b200000, 0x000000009b300000|  0%| F|  |TAMS 0x000000009b200000| PB 0x000000009b200000| Untracked 
| 435|0x000000009b300000, 0x000000009b300000, 0x000000009b400000|  0%| F|  |TAMS 0x000000009b300000| PB 0x000000009b300000| Untracked 
| 436|0x000000009b400000, 0x000000009b400000, 0x000000009b500000|  0%| F|  |TAMS 0x000000009b400000| PB 0x000000009b400000| Untracked 
| 437|0x000000009b500000, 0x000000009b500000, 0x000000009b600000|  0%| F|  |TAMS 0x000000009b500000| PB 0x000000009b500000| Untracked 
| 438|0x000000009b600000, 0x000000009b600000, 0x000000009b700000|  0%| F|  |TAMS 0x000000009b600000| PB 0x000000009b600000| Untracked 
| 439|0x000000009b700000, 0x000000009b700000, 0x000000009b800000|  0%| F|  |TAMS 0x000000009b700000| PB 0x000000009b700000| Untracked 
| 440|0x000000009b800000, 0x000000009b800000, 0x000000009b900000|  0%| F|  |TAMS 0x000000009b800000| PB 0x000000009b800000| Untracked 
| 441|0x000000009b900000, 0x000000009b900000, 0x000000009ba00000|  0%| F|  |TAMS 0x000000009b900000| PB 0x000000009b900000| Untracked 
| 442|0x000000009ba00000, 0x000000009ba00000, 0x000000009bb00000|  0%| F|  |TAMS 0x000000009ba00000| PB 0x000000009ba00000| Untracked 
| 443|0x000000009bb00000, 0x000000009bb00000, 0x000000009bc00000|  0%| F|  |TAMS 0x000000009bb00000| PB 0x000000009bb00000| Untracked 
| 444|0x000000009bc00000, 0x000000009bc00000, 0x000000009bd00000|  0%| F|  |TAMS 0x000000009bc00000| PB 0x000000009bc00000| Untracked 
| 445|0x000000009bd00000, 0x000000009bd00000, 0x000000009be00000|  0%| F|  |TAMS 0x000000009bd00000| PB 0x000000009bd00000| Untracked 
| 446|0x000000009be00000, 0x000000009be00000, 0x000000009bf00000|  0%| F|  |TAMS 0x000000009be00000| PB 0x000000009be00000| Untracked 
| 447|0x000000009bf00000, 0x000000009bf00000, 0x000000009c000000|  0%| F|  |TAMS 0x000000009bf00000| PB 0x000000009bf00000| Untracked 
| 448|0x000000009c000000, 0x000000009c000000, 0x000000009c100000|  0%| F|  |TAMS 0x000000009c000000| PB 0x000000009c000000| Untracked 
| 449|0x000000009c100000, 0x000000009c100000, 0x000000009c200000|  0%| F|  |TAMS 0x000000009c100000| PB 0x000000009c100000| Untracked 
| 450|0x000000009c200000, 0x000000009c200000, 0x000000009c300000|  0%| F|  |TAMS 0x000000009c200000| PB 0x000000009c200000| Untracked 
| 451|0x000000009c300000, 0x000000009c300000, 0x000000009c400000|  0%| F|  |TAMS 0x000000009c300000| PB 0x000000009c300000| Untracked 
| 452|0x000000009c400000, 0x000000009c400000, 0x000000009c500000|  0%| F|  |TAMS 0x000000009c400000| PB 0x000000009c400000| Untracked 
| 453|0x000000009c500000, 0x000000009c500000, 0x000000009c600000|  0%| F|  |TAMS 0x000000009c500000| PB 0x000000009c500000| Untracked 
| 454|0x000000009c600000, 0x000000009c600000, 0x000000009c700000|  0%| F|  |TAMS 0x000000009c600000| PB 0x000000009c600000| Untracked 
| 455|0x000000009c700000, 0x000000009c700000, 0x000000009c800000|  0%| F|  |TAMS 0x000000009c700000| PB 0x000000009c700000| Untracked 
| 456|0x000000009c800000, 0x000000009c800000, 0x000000009c900000|  0%| F|  |TAMS 0x000000009c800000| PB 0x000000009c800000| Untracked 
| 457|0x000000009c900000, 0x000000009c900000, 0x000000009ca00000|  0%| F|  |TAMS 0x000000009c900000| PB 0x000000009c900000| Untracked 
| 458|0x000000009ca00000, 0x000000009ca00000, 0x000000009cb00000|  0%| F|  |TAMS 0x000000009ca00000| PB 0x000000009ca00000| Untracked 
| 459|0x000000009cb00000, 0x000000009cb00000, 0x000000009cc00000|  0%| F|  |TAMS 0x000000009cb00000| PB 0x000000009cb00000| Untracked 
| 460|0x000000009cc00000, 0x000000009cc00000, 0x000000009cd00000|  0%| F|  |TAMS 0x000000009cc00000| PB 0x000000009cc00000| Untracked 
| 461|0x000000009cd00000, 0x000000009cd00000, 0x000000009ce00000|  0%| F|  |TAMS 0x000000009cd00000| PB 0x000000009cd00000| Untracked 
| 462|0x000000009ce00000, 0x000000009ce00000, 0x000000009cf00000|  0%| F|  |TAMS 0x000000009ce00000| PB 0x000000009ce00000| Untracked 
| 463|0x000000009cf00000, 0x000000009cf00000, 0x000000009d000000|  0%| F|  |TAMS 0x000000009cf00000| PB 0x000000009cf00000| Untracked 
| 464|0x000000009d000000, 0x000000009d000000, 0x000000009d100000|  0%| F|  |TAMS 0x000000009d000000| PB 0x000000009d000000| Untracked 
| 465|0x000000009d100000, 0x000000009d100000, 0x000000009d200000|  0%| F|  |TAMS 0x000000009d100000| PB 0x000000009d100000| Untracked 
| 466|0x000000009d200000, 0x000000009d200000, 0x000000009d300000|  0%| F|  |TAMS 0x000000009d200000| PB 0x000000009d200000| Untracked 
| 467|0x000000009d300000, 0x000000009d300000, 0x000000009d400000|  0%| F|  |TAMS 0x000000009d300000| PB 0x000000009d300000| Untracked 
| 468|0x000000009d400000, 0x000000009d400000, 0x000000009d500000|  0%| F|  |TAMS 0x000000009d400000| PB 0x000000009d400000| Untracked 
| 469|0x000000009d500000, 0x000000009d500000, 0x000000009d600000|  0%| F|  |TAMS 0x000000009d500000| PB 0x000000009d500000| Untracked 
| 470|0x000000009d600000, 0x000000009d600000, 0x000000009d700000|  0%| F|  |TAMS 0x000000009d600000| PB 0x000000009d600000| Untracked 
| 471|0x000000009d700000, 0x000000009d700000, 0x000000009d800000|  0%| F|  |TAMS 0x000000009d700000| PB 0x000000009d700000| Untracked 
| 472|0x000000009d800000, 0x000000009d800000, 0x000000009d900000|  0%| F|  |TAMS 0x000000009d800000| PB 0x000000009d800000| Untracked 
| 473|0x000000009d900000, 0x000000009d900000, 0x000000009da00000|  0%| F|  |TAMS 0x000000009d900000| PB 0x000000009d900000| Untracked 
| 474|0x000000009da00000, 0x000000009da00000, 0x000000009db00000|  0%| F|  |TAMS 0x000000009da00000| PB 0x000000009da00000| Untracked 
| 475|0x000000009db00000, 0x000000009db00000, 0x000000009dc00000|  0%| F|  |TAMS 0x000000009db00000| PB 0x000000009db00000| Untracked 
| 476|0x000000009dc00000, 0x000000009dc00000, 0x000000009dd00000|  0%| F|  |TAMS 0x000000009dc00000| PB 0x000000009dc00000| Untracked 
| 477|0x000000009dd00000, 0x000000009dd00000, 0x000000009de00000|  0%| F|  |TAMS 0x000000009dd00000| PB 0x000000009dd00000| Untracked 
| 478|0x000000009de00000, 0x000000009de00000, 0x000000009df00000|  0%| F|  |TAMS 0x000000009de00000| PB 0x000000009de00000| Untracked 
| 479|0x000000009df00000, 0x000000009df00000, 0x000000009e000000|  0%| F|  |TAMS 0x000000009df00000| PB 0x000000009df00000| Untracked 
| 480|0x000000009e000000, 0x000000009e000000, 0x000000009e100000|  0%| F|  |TAMS 0x000000009e000000| PB 0x000000009e000000| Untracked 
| 481|0x000000009e100000, 0x000000009e100000, 0x000000009e200000|  0%| F|  |TAMS 0x000000009e100000| PB 0x000000009e100000| Untracked 
| 482|0x000000009e200000, 0x000000009e200000, 0x000000009e300000|  0%| F|  |TAMS 0x000000009e200000| PB 0x000000009e200000| Untracked 
| 483|0x000000009e300000, 0x000000009e300000, 0x000000009e400000|  0%| F|  |TAMS 0x000000009e300000| PB 0x000000009e300000| Untracked 
| 484|0x000000009e400000, 0x000000009e400000, 0x000000009e500000|  0%| F|  |TAMS 0x000000009e400000| PB 0x000000009e400000| Untracked 
| 485|0x000000009e500000, 0x000000009e500000, 0x000000009e600000|  0%| F|  |TAMS 0x000000009e500000| PB 0x000000009e500000| Untracked 
| 486|0x000000009e600000, 0x000000009e600000, 0x000000009e700000|  0%| F|  |TAMS 0x000000009e600000| PB 0x000000009e600000| Untracked 
| 487|0x000000009e700000, 0x000000009e700000, 0x000000009e800000|  0%| F|  |TAMS 0x000000009e700000| PB 0x000000009e700000| Untracked 
| 488|0x000000009e800000, 0x000000009e800000, 0x000000009e900000|  0%| F|  |TAMS 0x000000009e800000| PB 0x000000009e800000| Untracked 
| 489|0x000000009e900000, 0x000000009e900000, 0x000000009ea00000|  0%| F|  |TAMS 0x000000009e900000| PB 0x000000009e900000| Untracked 
| 490|0x000000009ea00000, 0x000000009ea00000, 0x000000009eb00000|  0%| F|  |TAMS 0x000000009ea00000| PB 0x000000009ea00000| Untracked 
| 491|0x000000009eb00000, 0x000000009eb00000, 0x000000009ec00000|  0%| F|  |TAMS 0x000000009eb00000| PB 0x000000009eb00000| Untracked 
| 492|0x000000009ec00000, 0x000000009ec00000, 0x000000009ed00000|  0%| F|  |TAMS 0x000000009ec00000| PB 0x000000009ec00000| Untracked 
| 493|0x000000009ed00000, 0x000000009ed00000, 0x000000009ee00000|  0%| F|  |TAMS 0x000000009ed00000| PB 0x000000009ed00000| Untracked 
| 494|0x000000009ee00000, 0x000000009ee00000, 0x000000009ef00000|  0%| F|  |TAMS 0x000000009ee00000| PB 0x000000009ee00000| Untracked 
| 495|0x000000009ef00000, 0x000000009ef00000, 0x000000009f000000|  0%| F|  |TAMS 0x000000009ef00000| PB 0x000000009ef00000| Untracked 
| 496|0x000000009f000000, 0x000000009f000000, 0x000000009f100000|  0%| F|  |TAMS 0x000000009f000000| PB 0x000000009f000000| Untracked 
| 497|0x000000009f100000, 0x000000009f100000, 0x000000009f200000|  0%| F|  |TAMS 0x000000009f100000| PB 0x000000009f100000| Untracked 
| 498|0x000000009f200000, 0x000000009f200000, 0x000000009f300000|  0%| F|  |TAMS 0x000000009f200000| PB 0x000000009f200000| Untracked 
| 499|0x000000009f300000, 0x000000009f300000, 0x000000009f400000|  0%| F|  |TAMS 0x000000009f300000| PB 0x000000009f300000| Untracked 
| 500|0x000000009f400000, 0x000000009f400000, 0x000000009f500000|  0%| F|  |TAMS 0x000000009f400000| PB 0x000000009f400000| Untracked 
| 501|0x000000009f500000, 0x000000009f500000, 0x000000009f600000|  0%| F|  |TAMS 0x000000009f500000| PB 0x000000009f500000| Untracked 
| 502|0x000000009f600000, 0x000000009f600000, 0x000000009f700000|  0%| F|  |TAMS 0x000000009f600000| PB 0x000000009f600000| Untracked 
| 503|0x000000009f700000, 0x000000009f700000, 0x000000009f800000|  0%| F|  |TAMS 0x000000009f700000| PB 0x000000009f700000| Untracked 
| 504|0x000000009f800000, 0x000000009f800000, 0x000000009f900000|  0%| F|  |TAMS 0x000000009f800000| PB 0x000000009f800000| Untracked 
| 505|0x000000009f900000, 0x000000009f900000, 0x000000009fa00000|  0%| F|  |TAMS 0x000000009f900000| PB 0x000000009f900000| Untracked 
| 506|0x000000009fa00000, 0x000000009fa00000, 0x000000009fb00000|  0%| F|  |TAMS 0x000000009fa00000| PB 0x000000009fa00000| Untracked 
| 507|0x000000009fb00000, 0x000000009fb00000, 0x000000009fc00000|  0%| F|  |TAMS 0x000000009fb00000| PB 0x000000009fb00000| Untracked 
| 508|0x000000009fc00000, 0x000000009fc00000, 0x000000009fd00000|  0%| F|  |TAMS 0x000000009fc00000| PB 0x000000009fc00000| Untracked 
| 509|0x000000009fd00000, 0x000000009fd00000, 0x000000009fe00000|  0%| F|  |TAMS 0x000000009fd00000| PB 0x000000009fd00000| Untracked 
| 510|0x000000009fe00000, 0x000000009fe00000, 0x000000009ff00000|  0%| F|  |TAMS 0x000000009fe00000| PB 0x000000009fe00000| Untracked 
| 511|0x000000009ff00000, 0x000000009ff00000, 0x00000000a0000000|  0%| F|  |TAMS 0x000000009ff00000| PB 0x000000009ff00000| Untracked 
| 512|0x00000000a0000000, 0x00000000a0000000, 0x00000000a0100000|  0%| F|  |TAMS 0x00000000a0000000| PB 0x00000000a0000000| Untracked 
| 513|0x00000000a0100000, 0x00000000a0100000, 0x00000000a0200000|  0%| F|  |TAMS 0x00000000a0100000| PB 0x00000000a0100000| Untracked 
| 514|0x00000000a0200000, 0x00000000a0200000, 0x00000000a0300000|  0%| F|  |TAMS 0x00000000a0200000| PB 0x00000000a0200000| Untracked 
| 515|0x00000000a0300000, 0x00000000a0300000, 0x00000000a0400000|  0%| F|  |TAMS 0x00000000a0300000| PB 0x00000000a0300000| Untracked 
| 516|0x00000000a0400000, 0x00000000a0400000, 0x00000000a0500000|  0%| F|  |TAMS 0x00000000a0400000| PB 0x00000000a0400000| Untracked 
| 517|0x00000000a0500000, 0x00000000a0500000, 0x00000000a0600000|  0%| F|  |TAMS 0x00000000a0500000| PB 0x00000000a0500000| Untracked 
| 518|0x00000000a0600000, 0x00000000a0600000, 0x00000000a0700000|  0%| F|  |TAMS 0x00000000a0600000| PB 0x00000000a0600000| Untracked 
| 519|0x00000000a0700000, 0x00000000a0700000, 0x00000000a0800000|  0%| F|  |TAMS 0x00000000a0700000| PB 0x00000000a0700000| Untracked 
| 520|0x00000000a0800000, 0x00000000a0800000, 0x00000000a0900000|  0%| F|  |TAMS 0x00000000a0800000| PB 0x00000000a0800000| Untracked 
| 521|0x00000000a0900000, 0x00000000a0900000, 0x00000000a0a00000|  0%| F|  |TAMS 0x00000000a0900000| PB 0x00000000a0900000| Untracked 
| 522|0x00000000a0a00000, 0x00000000a0a00000, 0x00000000a0b00000|  0%| F|  |TAMS 0x00000000a0a00000| PB 0x00000000a0a00000| Untracked 
| 523|0x00000000a0b00000, 0x00000000a0b00000, 0x00000000a0c00000|  0%| F|  |TAMS 0x00000000a0b00000| PB 0x00000000a0b00000| Untracked 
| 524|0x00000000a0c00000, 0x00000000a0c00000, 0x00000000a0d00000|  0%| F|  |TAMS 0x00000000a0c00000| PB 0x00000000a0c00000| Untracked 
| 525|0x00000000a0d00000, 0x00000000a0d00000, 0x00000000a0e00000|  0%| F|  |TAMS 0x00000000a0d00000| PB 0x00000000a0d00000| Untracked 
| 526|0x00000000a0e00000, 0x00000000a0e00000, 0x00000000a0f00000|  0%| F|  |TAMS 0x00000000a0e00000| PB 0x00000000a0e00000| Untracked 
| 527|0x00000000a0f00000, 0x00000000a0f00000, 0x00000000a1000000|  0%| F|  |TAMS 0x00000000a0f00000| PB 0x00000000a0f00000| Untracked 
| 528|0x00000000a1000000, 0x00000000a1000000, 0x00000000a1100000|  0%| F|  |TAMS 0x00000000a1000000| PB 0x00000000a1000000| Untracked 
| 529|0x00000000a1100000, 0x00000000a1100000, 0x00000000a1200000|  0%| F|  |TAMS 0x00000000a1100000| PB 0x00000000a1100000| Untracked 
| 530|0x00000000a1200000, 0x00000000a1200000, 0x00000000a1300000|  0%| F|  |TAMS 0x00000000a1200000| PB 0x00000000a1200000| Untracked 
| 531|0x00000000a1300000, 0x00000000a1300000, 0x00000000a1400000|  0%| F|  |TAMS 0x00000000a1300000| PB 0x00000000a1300000| Untracked 
| 532|0x00000000a1400000, 0x00000000a1400000, 0x00000000a1500000|  0%| F|  |TAMS 0x00000000a1400000| PB 0x00000000a1400000| Untracked 
| 533|0x00000000a1500000, 0x00000000a1500000, 0x00000000a1600000|  0%| F|  |TAMS 0x00000000a1500000| PB 0x00000000a1500000| Untracked 
| 534|0x00000000a1600000, 0x00000000a1600000, 0x00000000a1700000|  0%| F|  |TAMS 0x00000000a1600000| PB 0x00000000a1600000| Untracked 
| 535|0x00000000a1700000, 0x00000000a1700000, 0x00000000a1800000|  0%| F|  |TAMS 0x00000000a1700000| PB 0x00000000a1700000| Untracked 
| 536|0x00000000a1800000, 0x00000000a1800000, 0x00000000a1900000|  0%| F|  |TAMS 0x00000000a1800000| PB 0x00000000a1800000| Untracked 
| 537|0x00000000a1900000, 0x00000000a1900000, 0x00000000a1a00000|  0%| F|  |TAMS 0x00000000a1900000| PB 0x00000000a1900000| Untracked 
| 538|0x00000000a1a00000, 0x00000000a1a00000, 0x00000000a1b00000|  0%| F|  |TAMS 0x00000000a1a00000| PB 0x00000000a1a00000| Untracked 
| 539|0x00000000a1b00000, 0x00000000a1b00000, 0x00000000a1c00000|  0%| F|  |TAMS 0x00000000a1b00000| PB 0x00000000a1b00000| Untracked 
| 540|0x00000000a1c00000, 0x00000000a1c00000, 0x00000000a1d00000|  0%| F|  |TAMS 0x00000000a1c00000| PB 0x00000000a1c00000| Untracked 
| 541|0x00000000a1d00000, 0x00000000a1d00000, 0x00000000a1e00000|  0%| F|  |TAMS 0x00000000a1d00000| PB 0x00000000a1d00000| Untracked 
| 542|0x00000000a1e00000, 0x00000000a1e00000, 0x00000000a1f00000|  0%| F|  |TAMS 0x00000000a1e00000| PB 0x00000000a1e00000| Untracked 
| 543|0x00000000a1f00000, 0x00000000a1f00000, 0x00000000a2000000|  0%| F|  |TAMS 0x00000000a1f00000| PB 0x00000000a1f00000| Untracked 
| 544|0x00000000a2000000, 0x00000000a2000000, 0x00000000a2100000|  0%| F|  |TAMS 0x00000000a2000000| PB 0x00000000a2000000| Untracked 
| 545|0x00000000a2100000, 0x00000000a2100000, 0x00000000a2200000|  0%| F|  |TAMS 0x00000000a2100000| PB 0x00000000a2100000| Untracked 
| 546|0x00000000a2200000, 0x00000000a2200000, 0x00000000a2300000|  0%| F|  |TAMS 0x00000000a2200000| PB 0x00000000a2200000| Untracked 
| 547|0x00000000a2300000, 0x00000000a2300000, 0x00000000a2400000|  0%| F|  |TAMS 0x00000000a2300000| PB 0x00000000a2300000| Untracked 
| 548|0x00000000a2400000, 0x00000000a2400000, 0x00000000a2500000|  0%| F|  |TAMS 0x00000000a2400000| PB 0x00000000a2400000| Untracked 
| 549|0x00000000a2500000, 0x00000000a2500000, 0x00000000a2600000|  0%| F|  |TAMS 0x00000000a2500000| PB 0x00000000a2500000| Untracked 
| 550|0x00000000a2600000, 0x00000000a2600000, 0x00000000a2700000|  0%| F|  |TAMS 0x00000000a2600000| PB 0x00000000a2600000| Untracked 
| 551|0x00000000a2700000, 0x00000000a2700000, 0x00000000a2800000|  0%| F|  |TAMS 0x00000000a2700000| PB 0x00000000a2700000| Untracked 
| 552|0x00000000a2800000, 0x00000000a2800000, 0x00000000a2900000|  0%| F|  |TAMS 0x00000000a2800000| PB 0x00000000a2800000| Untracked 
| 553|0x00000000a2900000, 0x00000000a2900000, 0x00000000a2a00000|  0%| F|  |TAMS 0x00000000a2900000| PB 0x00000000a2900000| Untracked 
| 554|0x00000000a2a00000, 0x00000000a2a00000, 0x00000000a2b00000|  0%| F|  |TAMS 0x00000000a2a00000| PB 0x00000000a2a00000| Untracked 
| 555|0x00000000a2b00000, 0x00000000a2b00000, 0x00000000a2c00000|  0%| F|  |TAMS 0x00000000a2b00000| PB 0x00000000a2b00000| Untracked 
| 556|0x00000000a2c00000, 0x00000000a2c00000, 0x00000000a2d00000|  0%| F|  |TAMS 0x00000000a2c00000| PB 0x00000000a2c00000| Untracked 
| 557|0x00000000a2d00000, 0x00000000a2d00000, 0x00000000a2e00000|  0%| F|  |TAMS 0x00000000a2d00000| PB 0x00000000a2d00000| Untracked 
| 558|0x00000000a2e00000, 0x00000000a2e00000, 0x00000000a2f00000|  0%| F|  |TAMS 0x00000000a2e00000| PB 0x00000000a2e00000| Untracked 
| 559|0x00000000a2f00000, 0x00000000a2f00000, 0x00000000a3000000|  0%| F|  |TAMS 0x00000000a2f00000| PB 0x00000000a2f00000| Untracked 
| 560|0x00000000a3000000, 0x00000000a3000000, 0x00000000a3100000|  0%| F|  |TAMS 0x00000000a3000000| PB 0x00000000a3000000| Untracked 
| 561|0x00000000a3100000, 0x00000000a3100000, 0x00000000a3200000|  0%| F|  |TAMS 0x00000000a3100000| PB 0x00000000a3100000| Untracked 
| 562|0x00000000a3200000, 0x00000000a3200000, 0x00000000a3300000|  0%| F|  |TAMS 0x00000000a3200000| PB 0x00000000a3200000| Untracked 
| 563|0x00000000a3300000, 0x00000000a3300000, 0x00000000a3400000|  0%| F|  |TAMS 0x00000000a3300000| PB 0x00000000a3300000| Untracked 
| 564|0x00000000a3400000, 0x00000000a3400000, 0x00000000a3500000|  0%| F|  |TAMS 0x00000000a3400000| PB 0x00000000a3400000| Untracked 
| 565|0x00000000a3500000, 0x00000000a3500000, 0x00000000a3600000|  0%| F|  |TAMS 0x00000000a3500000| PB 0x00000000a3500000| Untracked 
| 566|0x00000000a3600000, 0x00000000a3600000, 0x00000000a3700000|  0%| F|  |TAMS 0x00000000a3600000| PB 0x00000000a3600000| Untracked 
| 567|0x00000000a3700000, 0x00000000a3700000, 0x00000000a3800000|  0%| F|  |TAMS 0x00000000a3700000| PB 0x00000000a3700000| Untracked 
| 568|0x00000000a3800000, 0x00000000a3800000, 0x00000000a3900000|  0%| F|  |TAMS 0x00000000a3800000| PB 0x00000000a3800000| Untracked 
| 569|0x00000000a3900000, 0x00000000a3900000, 0x00000000a3a00000|  0%| F|  |TAMS 0x00000000a3900000| PB 0x00000000a3900000| Untracked 
| 570|0x00000000a3a00000, 0x00000000a3a00000, 0x00000000a3b00000|  0%| F|  |TAMS 0x00000000a3a00000| PB 0x00000000a3a00000| Untracked 
| 571|0x00000000a3b00000, 0x00000000a3b00000, 0x00000000a3c00000|  0%| F|  |TAMS 0x00000000a3b00000| PB 0x00000000a3b00000| Untracked 
| 572|0x00000000a3c00000, 0x00000000a3c00000, 0x00000000a3d00000|  0%| F|  |TAMS 0x00000000a3c00000| PB 0x00000000a3c00000| Untracked 
| 573|0x00000000a3d00000, 0x00000000a3d00000, 0x00000000a3e00000|  0%| F|  |TAMS 0x00000000a3d00000| PB 0x00000000a3d00000| Untracked 
| 574|0x00000000a3e00000, 0x00000000a3e00000, 0x00000000a3f00000|  0%| F|  |TAMS 0x00000000a3e00000| PB 0x00000000a3e00000| Untracked 
| 575|0x00000000a3f00000, 0x00000000a3f00000, 0x00000000a4000000|  0%| F|  |TAMS 0x00000000a3f00000| PB 0x00000000a3f00000| Untracked 
| 576|0x00000000a4000000, 0x00000000a4000000, 0x00000000a4100000|  0%| F|  |TAMS 0x00000000a4000000| PB 0x00000000a4000000| Untracked 
| 577|0x00000000a4100000, 0x00000000a4100000, 0x00000000a4200000|  0%| F|  |TAMS 0x00000000a4100000| PB 0x00000000a4100000| Untracked 
| 578|0x00000000a4200000, 0x00000000a4200000, 0x00000000a4300000|  0%| F|  |TAMS 0x00000000a4200000| PB 0x00000000a4200000| Untracked 
| 579|0x00000000a4300000, 0x00000000a4300000, 0x00000000a4400000|  0%| F|  |TAMS 0x00000000a4300000| PB 0x00000000a4300000| Untracked 
| 580|0x00000000a4400000, 0x00000000a4400000, 0x00000000a4500000|  0%| F|  |TAMS 0x00000000a4400000| PB 0x00000000a4400000| Untracked 
| 581|0x00000000a4500000, 0x00000000a4500000, 0x00000000a4600000|  0%| F|  |TAMS 0x00000000a4500000| PB 0x00000000a4500000| Untracked 
| 582|0x00000000a4600000, 0x00000000a4600000, 0x00000000a4700000|  0%| F|  |TAMS 0x00000000a4600000| PB 0x00000000a4600000| Untracked 
| 583|0x00000000a4700000, 0x00000000a4700000, 0x00000000a4800000|  0%| F|  |TAMS 0x00000000a4700000| PB 0x00000000a4700000| Untracked 
| 584|0x00000000a4800000, 0x00000000a4800000, 0x00000000a4900000|  0%| F|  |TAMS 0x00000000a4800000| PB 0x00000000a4800000| Untracked 
| 585|0x00000000a4900000, 0x00000000a4900000, 0x00000000a4a00000|  0%| F|  |TAMS 0x00000000a4900000| PB 0x00000000a4900000| Untracked 
| 586|0x00000000a4a00000, 0x00000000a4a00000, 0x00000000a4b00000|  0%| F|  |TAMS 0x00000000a4a00000| PB 0x00000000a4a00000| Untracked 
| 587|0x00000000a4b00000, 0x00000000a4b00000, 0x00000000a4c00000|  0%| F|  |TAMS 0x00000000a4b00000| PB 0x00000000a4b00000| Untracked 
| 588|0x00000000a4c00000, 0x00000000a4c00000, 0x00000000a4d00000|  0%| F|  |TAMS 0x00000000a4c00000| PB 0x00000000a4c00000| Untracked 
| 589|0x00000000a4d00000, 0x00000000a4d00000, 0x00000000a4e00000|  0%| F|  |TAMS 0x00000000a4d00000| PB 0x00000000a4d00000| Untracked 
| 590|0x00000000a4e00000, 0x00000000a4e00000, 0x00000000a4f00000|  0%| F|  |TAMS 0x00000000a4e00000| PB 0x00000000a4e00000| Untracked 
| 591|0x00000000a4f00000, 0x00000000a4f00000, 0x00000000a5000000|  0%| F|  |TAMS 0x00000000a4f00000| PB 0x00000000a4f00000| Untracked 
| 592|0x00000000a5000000, 0x00000000a5000000, 0x00000000a5100000|  0%| F|  |TAMS 0x00000000a5000000| PB 0x00000000a5000000| Untracked 
| 593|0x00000000a5100000, 0x00000000a5100000, 0x00000000a5200000|  0%| F|  |TAMS 0x00000000a5100000| PB 0x00000000a5100000| Untracked 
| 594|0x00000000a5200000, 0x00000000a5200000, 0x00000000a5300000|  0%| F|  |TAMS 0x00000000a5200000| PB 0x00000000a5200000| Untracked 
| 595|0x00000000a5300000, 0x00000000a5300000, 0x00000000a5400000|  0%| F|  |TAMS 0x00000000a5300000| PB 0x00000000a5300000| Untracked 
| 596|0x00000000a5400000, 0x00000000a5400000, 0x00000000a5500000|  0%| F|  |TAMS 0x00000000a5400000| PB 0x00000000a5400000| Untracked 
| 597|0x00000000a5500000, 0x00000000a5500000, 0x00000000a5600000|  0%| F|  |TAMS 0x00000000a5500000| PB 0x00000000a5500000| Untracked 
| 598|0x00000000a5600000, 0x00000000a5600000, 0x00000000a5700000|  0%| F|  |TAMS 0x00000000a5600000| PB 0x00000000a5600000| Untracked 
| 599|0x00000000a5700000, 0x00000000a5700000, 0x00000000a5800000|  0%| F|  |TAMS 0x00000000a5700000| PB 0x00000000a5700000| Untracked 
| 600|0x00000000a5800000, 0x00000000a5800000, 0x00000000a5900000|  0%| F|  |TAMS 0x00000000a5800000| PB 0x00000000a5800000| Untracked 
| 601|0x00000000a5900000, 0x00000000a5900000, 0x00000000a5a00000|  0%| F|  |TAMS 0x00000000a5900000| PB 0x00000000a5900000| Untracked 
| 602|0x00000000a5a00000, 0x00000000a5a00000, 0x00000000a5b00000|  0%| F|  |TAMS 0x00000000a5a00000| PB 0x00000000a5a00000| Untracked 
| 603|0x00000000a5b00000, 0x00000000a5b00000, 0x00000000a5c00000|  0%| F|  |TAMS 0x00000000a5b00000| PB 0x00000000a5b00000| Untracked 
| 604|0x00000000a5c00000, 0x00000000a5c00000, 0x00000000a5d00000|  0%| F|  |TAMS 0x00000000a5c00000| PB 0x00000000a5c00000| Untracked 
| 605|0x00000000a5d00000, 0x00000000a5d00000, 0x00000000a5e00000|  0%| F|  |TAMS 0x00000000a5d00000| PB 0x00000000a5d00000| Untracked 
| 606|0x00000000a5e00000, 0x00000000a5e00000, 0x00000000a5f00000|  0%| F|  |TAMS 0x00000000a5e00000| PB 0x00000000a5e00000| Untracked 
| 607|0x00000000a5f00000, 0x00000000a5f00000, 0x00000000a6000000|  0%| F|  |TAMS 0x00000000a5f00000| PB 0x00000000a5f00000| Untracked 
| 608|0x00000000a6000000, 0x00000000a6000000, 0x00000000a6100000|  0%| F|  |TAMS 0x00000000a6000000| PB 0x00000000a6000000| Untracked 
| 609|0x00000000a6100000, 0x00000000a6100000, 0x00000000a6200000|  0%| F|  |TAMS 0x00000000a6100000| PB 0x00000000a6100000| Untracked 
| 610|0x00000000a6200000, 0x00000000a6200000, 0x00000000a6300000|  0%| F|  |TAMS 0x00000000a6200000| PB 0x00000000a6200000| Untracked 
| 611|0x00000000a6300000, 0x00000000a6300000, 0x00000000a6400000|  0%| F|  |TAMS 0x00000000a6300000| PB 0x00000000a6300000| Untracked 
| 612|0x00000000a6400000, 0x00000000a6400000, 0x00000000a6500000|  0%| F|  |TAMS 0x00000000a6400000| PB 0x00000000a6400000| Untracked 
| 613|0x00000000a6500000, 0x00000000a6500000, 0x00000000a6600000|  0%| F|  |TAMS 0x00000000a6500000| PB 0x00000000a6500000| Untracked 
| 614|0x00000000a6600000, 0x00000000a6600000, 0x00000000a6700000|  0%| F|  |TAMS 0x00000000a6600000| PB 0x00000000a6600000| Untracked 
| 615|0x00000000a6700000, 0x00000000a6700000, 0x00000000a6800000|  0%| F|  |TAMS 0x00000000a6700000| PB 0x00000000a6700000| Untracked 
| 616|0x00000000a6800000, 0x00000000a6800000, 0x00000000a6900000|  0%| F|  |TAMS 0x00000000a6800000| PB 0x00000000a6800000| Untracked 
| 617|0x00000000a6900000, 0x00000000a6900000, 0x00000000a6a00000|  0%| F|  |TAMS 0x00000000a6900000| PB 0x00000000a6900000| Untracked 
| 618|0x00000000a6a00000, 0x00000000a6a00000, 0x00000000a6b00000|  0%| F|  |TAMS 0x00000000a6a00000| PB 0x00000000a6a00000| Untracked 
| 619|0x00000000a6b00000, 0x00000000a6b00000, 0x00000000a6c00000|  0%| F|  |TAMS 0x00000000a6b00000| PB 0x00000000a6b00000| Untracked 
| 620|0x00000000a6c00000, 0x00000000a6c00000, 0x00000000a6d00000|  0%| F|  |TAMS 0x00000000a6c00000| PB 0x00000000a6c00000| Untracked 
| 621|0x00000000a6d00000, 0x00000000a6d00000, 0x00000000a6e00000|  0%| F|  |TAMS 0x00000000a6d00000| PB 0x00000000a6d00000| Untracked 
| 622|0x00000000a6e00000, 0x00000000a6e00000, 0x00000000a6f00000|  0%| F|  |TAMS 0x00000000a6e00000| PB 0x00000000a6e00000| Untracked 
| 623|0x00000000a6f00000, 0x00000000a6f00000, 0x00000000a7000000|  0%| F|  |TAMS 0x00000000a6f00000| PB 0x00000000a6f00000| Untracked 
| 624|0x00000000a7000000, 0x00000000a7000000, 0x00000000a7100000|  0%| F|  |TAMS 0x00000000a7000000| PB 0x00000000a7000000| Untracked 
| 625|0x00000000a7100000, 0x00000000a7100000, 0x00000000a7200000|  0%| F|  |TAMS 0x00000000a7100000| PB 0x00000000a7100000| Untracked 
| 626|0x00000000a7200000, 0x00000000a7200000, 0x00000000a7300000|  0%| F|  |TAMS 0x00000000a7200000| PB 0x00000000a7200000| Untracked 
| 627|0x00000000a7300000, 0x00000000a7300000, 0x00000000a7400000|  0%| F|  |TAMS 0x00000000a7300000| PB 0x00000000a7300000| Untracked 
| 628|0x00000000a7400000, 0x00000000a7400000, 0x00000000a7500000|  0%| F|  |TAMS 0x00000000a7400000| PB 0x00000000a7400000| Untracked 
| 629|0x00000000a7500000, 0x00000000a7500000, 0x00000000a7600000|  0%| F|  |TAMS 0x00000000a7500000| PB 0x00000000a7500000| Untracked 
| 630|0x00000000a7600000, 0x00000000a7600000, 0x00000000a7700000|  0%| F|  |TAMS 0x00000000a7600000| PB 0x00000000a7600000| Untracked 
| 631|0x00000000a7700000, 0x00000000a7700000, 0x00000000a7800000|  0%| F|  |TAMS 0x00000000a7700000| PB 0x00000000a7700000| Untracked 
| 632|0x00000000a7800000, 0x00000000a7800000, 0x00000000a7900000|  0%| F|  |TAMS 0x00000000a7800000| PB 0x00000000a7800000| Untracked 
| 633|0x00000000a7900000, 0x00000000a7900000, 0x00000000a7a00000|  0%| F|  |TAMS 0x00000000a7900000| PB 0x00000000a7900000| Untracked 
| 634|0x00000000a7a00000, 0x00000000a7a00000, 0x00000000a7b00000|  0%| F|  |TAMS 0x00000000a7a00000| PB 0x00000000a7a00000| Untracked 
| 635|0x00000000a7b00000, 0x00000000a7b00000, 0x00000000a7c00000|  0%| F|  |TAMS 0x00000000a7b00000| PB 0x00000000a7b00000| Untracked 
| 636|0x00000000a7c00000, 0x00000000a7c00000, 0x00000000a7d00000|  0%| F|  |TAMS 0x00000000a7c00000| PB 0x00000000a7c00000| Untracked 
| 637|0x00000000a7d00000, 0x00000000a7d00000, 0x00000000a7e00000|  0%| F|  |TAMS 0x00000000a7d00000| PB 0x00000000a7d00000| Untracked 
| 638|0x00000000a7e00000, 0x00000000a7e00000, 0x00000000a7f00000|  0%| F|  |TAMS 0x00000000a7e00000| PB 0x00000000a7e00000| Untracked 
| 639|0x00000000a7f00000, 0x00000000a7f00000, 0x00000000a8000000|  0%| F|  |TAMS 0x00000000a7f00000| PB 0x00000000a7f00000| Untracked 
| 640|0x00000000a8000000, 0x00000000a8000000, 0x00000000a8100000|  0%| F|  |TAMS 0x00000000a8000000| PB 0x00000000a8000000| Untracked 
| 641|0x00000000a8100000, 0x00000000a8100000, 0x00000000a8200000|  0%| F|  |TAMS 0x00000000a8100000| PB 0x00000000a8100000| Untracked 
| 642|0x00000000a8200000, 0x00000000a8200000, 0x00000000a8300000|  0%| F|  |TAMS 0x00000000a8200000| PB 0x00000000a8200000| Untracked 
| 643|0x00000000a8300000, 0x00000000a83bbe10, 0x00000000a8400000| 73%| S|CS|TAMS 0x00000000a8300000| PB 0x00000000a8300000| Complete 
| 644|0x00000000a8400000, 0x00000000a8500000, 0x00000000a8500000|100%| S|CS|TAMS 0x00000000a8400000| PB 0x00000000a8400000| Complete 
| 645|0x00000000a8500000, 0x00000000a8600000, 0x00000000a8600000|100%| S|CS|TAMS 0x00000000a8500000| PB 0x00000000a8500000| Complete 
| 646|0x00000000a8600000, 0x00000000a8700000, 0x00000000a8700000|100%| S|CS|TAMS 0x00000000a8600000| PB 0x00000000a8600000| Complete 
| 647|0x00000000a8700000, 0x00000000a8800000, 0x00000000a8800000|100%| S|CS|TAMS 0x00000000a8700000| PB 0x00000000a8700000| Complete 
| 648|0x00000000a8800000, 0x00000000a8800000, 0x00000000a8900000|  0%| F|  |TAMS 0x00000000a8800000| PB 0x00000000a8800000| Untracked 
| 649|0x00000000a8900000, 0x00000000a8900000, 0x00000000a8a00000|  0%| F|  |TAMS 0x00000000a8900000| PB 0x00000000a8900000| Untracked 
| 650|0x00000000a8a00000, 0x00000000a8a00000, 0x00000000a8b00000|  0%| F|  |TAMS 0x00000000a8a00000| PB 0x00000000a8a00000| Untracked 
| 651|0x00000000a8b00000, 0x00000000a8b00000, 0x00000000a8c00000|  0%| F|  |TAMS 0x00000000a8b00000| PB 0x00000000a8b00000| Untracked 
| 652|0x00000000a8c00000, 0x00000000a8c00000, 0x00000000a8d00000|  0%| F|  |TAMS 0x00000000a8c00000| PB 0x00000000a8c00000| Untracked 
| 653|0x00000000a8d00000, 0x00000000a8d00000, 0x00000000a8e00000|  0%| F|  |TAMS 0x00000000a8d00000| PB 0x00000000a8d00000| Untracked 
| 654|0x00000000a8e00000, 0x00000000a8e00000, 0x00000000a8f00000|  0%| F|  |TAMS 0x00000000a8e00000| PB 0x00000000a8e00000| Untracked 
| 655|0x00000000a8f00000, 0x00000000a8f00000, 0x00000000a9000000|  0%| F|  |TAMS 0x00000000a8f00000| PB 0x00000000a8f00000| Untracked 
| 656|0x00000000a9000000, 0x00000000a9000000, 0x00000000a9100000|  0%| F|  |TAMS 0x00000000a9000000| PB 0x00000000a9000000| Untracked 
| 657|0x00000000a9100000, 0x00000000a9100000, 0x00000000a9200000|  0%| F|  |TAMS 0x00000000a9100000| PB 0x00000000a9100000| Untracked 
| 658|0x00000000a9200000, 0x00000000a9200000, 0x00000000a9300000|  0%| F|  |TAMS 0x00000000a9200000| PB 0x00000000a9200000| Untracked 
| 659|0x00000000a9300000, 0x00000000a9300000, 0x00000000a9400000|  0%| F|  |TAMS 0x00000000a9300000| PB 0x00000000a9300000| Untracked 
| 660|0x00000000a9400000, 0x00000000a9488ce0, 0x00000000a9500000| 53%| E|  |TAMS 0x00000000a9400000| PB 0x00000000a9400000| Complete 
| 661|0x00000000a9500000, 0x00000000a9600000, 0x00000000a9600000|100%| E|CS|TAMS 0x00000000a9500000| PB 0x00000000a9500000| Complete 
| 662|0x00000000a9600000, 0x00000000a9700000, 0x00000000a9700000|100%| E|CS|TAMS 0x00000000a9600000| PB 0x00000000a9600000| Complete 
| 663|0x00000000a9700000, 0x00000000a9800000, 0x00000000a9800000|100%| E|CS|TAMS 0x00000000a9700000| PB 0x00000000a9700000| Complete 
| 664|0x00000000a9800000, 0x00000000a9900000, 0x00000000a9900000|100%| E|CS|TAMS 0x00000000a9800000| PB 0x00000000a9800000| Complete 
| 665|0x00000000a9900000, 0x00000000a9a00000, 0x00000000a9a00000|100%| E|CS|TAMS 0x00000000a9900000| PB 0x00000000a9900000| Complete 
| 666|0x00000000a9a00000, 0x00000000a9b00000, 0x00000000a9b00000|100%| E|CS|TAMS 0x00000000a9a00000| PB 0x00000000a9a00000| Complete 
|2031|0x00000000fef00000, 0x00000000ff000000, 0x00000000ff000000|100%| E|CS|TAMS 0x00000000fef00000| PB 0x00000000fef00000| Complete 
|2032|0x00000000ff000000, 0x00000000ff100000, 0x00000000ff100000|100%| O|  |TAMS 0x00000000ff000000| PB 0x00000000ff000000| Untracked 
|2033|0x00000000ff100000, 0x00000000ff200000, 0x00000000ff200000|100%| E|CS|TAMS 0x00000000ff100000| PB 0x00000000ff100000| Complete 
|2034|0x00000000ff200000, 0x00000000ff300000, 0x00000000ff300000|100%| E|CS|TAMS 0x00000000ff200000| PB 0x00000000ff200000| Complete 
|2035|0x00000000ff300000, 0x00000000ff400000, 0x00000000ff400000|100%| E|CS|TAMS 0x00000000ff300000| PB 0x00000000ff300000| Complete 
|2036|0x00000000ff400000, 0x00000000ff500000, 0x00000000ff500000|100%| E|CS|TAMS 0x00000000ff400000| PB 0x00000000ff400000| Complete 
|2037|0x00000000ff500000, 0x00000000ff600000, 0x00000000ff600000|100%| E|CS|TAMS 0x00000000ff500000| PB 0x00000000ff500000| Complete 
|2038|0x00000000ff600000, 0x00000000ff700000, 0x00000000ff700000|100%| E|CS|TAMS 0x00000000ff600000| PB 0x00000000ff600000| Complete 
|2039|0x00000000ff700000, 0x00000000ff800000, 0x00000000ff800000|100%| E|CS|TAMS 0x00000000ff700000| PB 0x00000000ff700000| Complete 
|2040|0x00000000ff800000, 0x00000000ff900000, 0x00000000ff900000|100%| E|CS|TAMS 0x00000000ff800000| PB 0x00000000ff800000| Complete 
|2041|0x00000000ff900000, 0x00000000ffa00000, 0x00000000ffa00000|100%| E|CS|TAMS 0x00000000ff900000| PB 0x00000000ff900000| Complete 
|2042|0x00000000ffa00000, 0x00000000ffb00000, 0x00000000ffb00000|100%| E|CS|TAMS 0x00000000ffa00000| PB 0x00000000ffa00000| Complete 
|2043|0x00000000ffb00000, 0x00000000ffc00000, 0x00000000ffc00000|100%| E|CS|TAMS 0x00000000ffb00000| PB 0x00000000ffb00000| Complete 
|2044|0x00000000ffc00000, 0x00000000ffd00000, 0x00000000ffd00000|100%| E|CS|TAMS 0x00000000ffc00000| PB 0x00000000ffc00000| Complete 
|2045|0x00000000ffd00000, 0x00000000ffe00000, 0x00000000ffe00000|100%| E|CS|TAMS 0x00000000ffd00000| PB 0x00000000ffd00000| Complete 
|2046|0x00000000ffe00000, 0x00000000fff00000, 0x00000000fff00000|100%| E|CS|TAMS 0x00000000ffe00000| PB 0x00000000ffe00000| Complete 
|2047|0x00000000fff00000, 0x0000000100000000, 0x0000000100000000|100%| E|CS|TAMS 0x00000000fff00000| PB 0x00000000fff00000| Complete 

Card table byte_map: [0x00000189ef5a0000,0x00000189ef9a0000] _byte_map_base: 0x00000189ef1a0000

Marking Bits: (CMBitMap*) 0x00000189dc7796c0
 Bits: [0x00000189ef9a0000, 0x00000189f19a0000)

Polling page: 0x00000189da500000

Metaspace:

Usage:
  Non-class:    151.96 MB used.
      Class:     22.06 MB used.
       Both:    174.03 MB used.

Virtual space:
  Non-class space:      192.00 MB reserved,     153.44 MB ( 80%) committed,  3 nodes.
      Class space:      416.00 MB reserved,      23.38 MB (  6%) committed,  1 nodes.
             Both:      608.00 MB reserved,     176.81 MB ( 29%) committed. 

Chunk freelists:
   Non-Class:  6.05 MB
       Class:  8.44 MB
        Both:  14.48 MB

MaxMetaspaceSize: 512.00 MB
CompressedClassSpaceSize: 416.00 MB
Initial GC threshold: 21.00 MB
Current GC threshold: 293.06 MB
CDS: on
 - commit_granule_bytes: 65536.
 - commit_granule_words: 8192.
 - virtual_space_node_default_size: 8388608.
 - enlarge_chunks_in_place: 1.
 - use_allocation_guard: 0.


Internal statistics:

num_allocs_failed_limit: 9.
num_arena_births: 5162.
num_arena_deaths: 88.
num_vsnodes_births: 4.
num_vsnodes_deaths: 0.
num_space_committed: 2827.
num_space_uncommitted: 0.
num_chunks_returned_to_freelist: 141.
num_chunks_taken_from_freelist: 12997.
num_chunk_merges: 44.
num_chunk_splits: 8902.
num_chunks_enlarged: 6171.
num_inconsistent_stats: 0.

CodeHeap 'non-profiled nmethods': size=119168Kb used=15618Kb max_used=16589Kb free=103549Kb
 bounds [0x00000189e74b0000, 0x00000189e84f0000, 0x00000189ee910000]
CodeHeap 'profiled nmethods': size=119104Kb used=68102Kb max_used=72207Kb free=51001Kb
 bounds [0x00000189df910000, 0x00000189e3fa0000, 0x00000189e6d60000]
CodeHeap 'non-nmethods': size=7488Kb used=2344Kb max_used=4070Kb free=5143Kb
 bounds [0x00000189e6d60000, 0x00000189e7190000, 0x00000189e74b0000]
CodeCache: size=245760Kb, used=86064Kb, max_used=92866Kb, free=159693Kb
 total_blobs=23694, nmethods=22533, adapters=1062, full_count=0
Compilation: enabled, stopped_count=0, restarted_count=0

Compilation events (20 events):
Event: 187.500 Thread 0x00000189f1b96920 31081   !   3       java.io.ObjectStreamClass::getPrivateMethod (56 bytes)
Event: 187.506 Thread 0x00000189f1b96920 nmethod 31081 0x00000189df989a90 code [0x00000189df989cc0, 0x00000189df98a340]
Event: 187.755 Thread 0x00000189f1b90bf0 31082       4       java.io.ObjectOutputStream$BlockDataOutputStream::drain (45 bytes)
Event: 187.766 Thread 0x00000189f1b90bf0 nmethod 31082 0x00000189e78ecd10 code [0x00000189e78ecea0, 0x00000189e78ecfa8]
Event: 187.794 Thread 0x00000189f1b96920 31083       3       org.gradle.internal.instantiation.generator.AsmBackedClassGenerator$ClassBuilderImpl::visitAnnotationValues (242 bytes)
Event: 187.818 Thread 0x00000189f1b96920 nmethod 31083 0x00000189e218b490 code [0x00000189e218bba0, 0x00000189e218f2b8]
Event: 188.049 Thread 0x00000189f1b90bf0 31084       4       org.objectweb.asm.MethodVisitor::visitTypeInsn (17 bytes)
Event: 188.055 Thread 0x00000189f1b90bf0 nmethod 31084 0x00000189e74ed590 code [0x00000189e74ed720, 0x00000189e74ed7f0]
Event: 188.610 Thread 0x00000189f1b90bf0 31085       4       kotlin.reflect.jvm.internal.impl.name.FqNameUnsafe::indexOfLastDotWithBackticksSupport (71 bytes)
Event: 188.641 Thread 0x00000189f1b90bf0 nmethod 31085 0x00000189e74bcd10 code [0x00000189e74bcec0, 0x00000189e74bd0f0]
Event: 188.641 Thread 0x00000189f1b90bf0 31086       4       org.gradle.internal.instantiation.generator.AsmBackedClassGenerator$ClassBuilderImpl::access$4700 (4 bytes)
Event: 188.641 Thread 0x00000189f1b90bf0 nmethod 31086 0x00000189e7523790 code [0x00000189e7523920, 0x00000189e7523990]
Event: 188.845 Thread 0x00000189f1b96920 31087       3       org.gradle.internal.instantiation.generator.AsmBackedClassGenerator$ClassBuilderImpl$39::<init> (149 bytes)
Event: 188.852 Thread 0x00000189f1b96920 nmethod 31087 0x00000189e38d5510 code [0x00000189e38d5a20, 0x00000189e38d8a88]
Event: 188.885 Thread 0x00000189f1b96920 31089   !   3       java.util.concurrent.ScheduledThreadPoolExecutor$DelayedWorkQueue::take (203 bytes)
Event: 188.899 Thread 0x00000189f1b96920 nmethod 31089 0x00000189e07b0910 code [0x00000189e07b0ce0, 0x00000189e07b25e0]
Event: 188.899 Thread 0x00000189f1b96920 31088       3       java.util.concurrent.ScheduledThreadPoolExecutor$DelayedWorkQueue::take (5 bytes)
Event: 188.899 Thread 0x00000189f1b96920 nmethod 31088 0x00000189df953310 code [0x00000189df9534c0, 0x00000189df953618]
Event: 189.074 Thread 0x00000189f1b90bf0 31090       4       java.lang.Class::privateGetPublicMethods (224 bytes)
Event: 189.099 Thread 0x00000189f1b90bf0 nmethod 31090 0x00000189e7a66710 code [0x00000189e7a66960, 0x00000189e7a67210]

GC Heap History (20 events):
Event: 56.414 GC heap before
{Heap before GC invocations=68 (full 0):
 garbage-first heap   total 596992K, used 390931K [0x0000000080000000, 0x0000000100000000)
  region size 1024K, 190 young (194560K), 28 survivors (28672K)
 Metaspace       used 149825K, committed 152448K, reserved 622592K
  class space    used 19041K, committed 20288K, reserved 425984K
}
Event: 56.564 GC heap after
{Heap after GC invocations=69 (full 0):
 garbage-first heap   total 596992K, used 256308K [0x0000000080000000, 0x0000000100000000)
  region size 1024K, 24 young (24576K), 24 survivors (24576K)
 Metaspace       used 149825K, committed 152448K, reserved 622592K
  class space    used 19041K, committed 20288K, reserved 425984K
}
Event: 58.673 GC heap before
{Heap before GC invocations=69 (full 0):
 garbage-first heap   total 596992K, used 439604K [0x0000000080000000, 0x0000000100000000)
  region size 1024K, 203 young (207872K), 24 survivors (24576K)
 Metaspace       used 150969K, committed 153536K, reserved 622592K
  class space    used 19143K, committed 20352K, reserved 425984K
}
Event: 58.708 GC heap after
{Heap after GC invocations=70 (full 0):
 garbage-first heap   total 596992K, used 238719K [0x0000000080000000, 0x0000000100000000)
  region size 1024K, 5 young (5120K), 5 survivors (5120K)
 Metaspace       used 150969K, committed 153536K, reserved 622592K
  class space    used 19143K, committed 20352K, reserved 425984K
}
Event: 59.603 GC heap before
{Heap before GC invocations=70 (full 0):
 garbage-first heap   total 596992K, used 358527K [0x0000000080000000, 0x0000000100000000)
  region size 1024K, 123 young (125952K), 5 survivors (5120K)
 Metaspace       used 151356K, committed 153920K, reserved 622592K
  class space    used 19165K, committed 20416K, reserved 425984K
}
Event: 59.641 GC heap after
{Heap after GC invocations=71 (full 0):
 garbage-first heap   total 596992K, used 273267K [0x0000000080000000, 0x0000000100000000)
  region size 1024K, 29 young (29696K), 29 survivors (29696K)
 Metaspace       used 151356K, committed 153920K, reserved 622592K
  class space    used 19165K, committed 20416K, reserved 425984K
}
Event: 61.098 GC heap before
{Heap before GC invocations=72 (full 0):
 garbage-first heap   total 596992K, used 398195K [0x0000000080000000, 0x0000000100000000)
  region size 1024K, 226 young (231424K), 29 survivors (29696K)
 Metaspace       used 151709K, committed 154240K, reserved 622592K
  class space    used 19180K, committed 20416K, reserved 425984K
}
Event: 61.183 GC heap after
{Heap after GC invocations=73 (full 0):
 garbage-first heap   total 596992K, used 263680K [0x0000000080000000, 0x0000000100000000)
  region size 1024K, 29 young (29696K), 29 survivors (29696K)
 Metaspace       used 151709K, committed 154240K, reserved 622592K
  class space    used 19180K, committed 20416K, reserved 425984K
}
Event: 61.936 GC heap before
{Heap before GC invocations=73 (full 0):
 garbage-first heap   total 596992K, used 454144K [0x0000000080000000, 0x0000000100000000)
  region size 1024K, 214 young (219136K), 29 survivors (29696K)
 Metaspace       used 152091K, committed 154688K, reserved 622592K
  class space    used 19191K, committed 20416K, reserved 425984K
}
Event: 62.019 GC heap after
{Heap after GC invocations=74 (full 0):
 garbage-first heap   total 596992K, used 280064K [0x0000000080000000, 0x0000000100000000)
  region size 1024K, 27 young (27648K), 27 survivors (27648K)
 Metaspace       used 152091K, committed 154688K, reserved 622592K
  class space    used 19191K, committed 20416K, reserved 425984K
}
Event: 97.612 GC heap before
{Heap before GC invocations=74 (full 0):
 garbage-first heap   total 596992K, used 459264K [0x0000000080000000, 0x0000000100000000)
  region size 1024K, 202 young (206848K), 27 survivors (27648K)
 Metaspace       used 161120K, committed 163840K, reserved 622592K
  class space    used 20583K, committed 21888K, reserved 425984K
}
Event: 98.067 GC heap after
{Heap after GC invocations=75 (full 0):
 garbage-first heap   total 596992K, used 305579K [0x0000000080000000, 0x0000000100000000)
  region size 1024K, 22 young (22528K), 22 survivors (22528K)
 Metaspace       used 161120K, committed 163840K, reserved 622592K
  class space    used 20583K, committed 21888K, reserved 425984K
}
Event: 142.490 GC heap before
{Heap before GC invocations=76 (full 0):
 garbage-first heap   total 596992K, used 356779K [0x0000000080000000, 0x0000000100000000)
  region size 1024K, 94 young (96256K), 22 survivors (22528K)
 Metaspace       used 163197K, committed 165952K, reserved 622592K
  class space    used 20834K, committed 22144K, reserved 425984K
}
Event: 142.562 GC heap after
{Heap after GC invocations=77 (full 0):
 garbage-first heap   total 700416K, used 290960K [0x0000000080000000, 0x0000000100000000)
  region size 1024K, 7 young (7168K), 7 survivors (7168K)
 Metaspace       used 163197K, committed 165952K, reserved 622592K
  class space    used 20834K, committed 22144K, reserved 425984K
}
Event: 151.619 GC heap before
{Heap before GC invocations=77 (full 0):
 garbage-first heap   total 700416K, used 559248K [0x0000000080000000, 0x0000000100000000)
  region size 1024K, 269 young (275456K), 7 survivors (7168K)
 Metaspace       used 166230K, committed 169088K, reserved 622592K
  class space    used 21091K, committed 22464K, reserved 425984K
}
Event: 151.666 GC heap after
{Heap after GC invocations=78 (full 0):
 garbage-first heap   total 700416K, used 290395K [0x0000000080000000, 0x0000000100000000)
  region size 1024K, 13 young (13312K), 13 survivors (13312K)
 Metaspace       used 166230K, committed 169088K, reserved 622592K
  class space    used 21091K, committed 22464K, reserved 425984K
}
Event: 177.103 GC heap before
{Heap before GC invocations=78 (full 0):
 garbage-first heap   total 700416K, used 612955K [0x0000000080000000, 0x0000000100000000)
  region size 1024K, 317 young (324608K), 13 survivors (13312K)
 Metaspace       used 174832K, committed 177728K, reserved 622592K
  class space    used 22124K, committed 23488K, reserved 425984K
}
Event: 177.516 GC heap after
{Heap after GC invocations=79 (full 0):
 garbage-first heap   total 700416K, used 284181K [0x0000000080000000, 0x0000000100000000)
  region size 1024K, 33 young (33792K), 33 survivors (33792K)
 Metaspace       used 174832K, committed 177728K, reserved 622592K
  class space    used 22124K, committed 23488K, reserved 425984K
}
Event: 180.303 GC heap before
{Heap before GC invocations=79 (full 0):
 garbage-first heap   total 700416K, used 318997K [0x0000000080000000, 0x0000000100000000)
  region size 1024K, 68 young (69632K), 33 survivors (33792K)
 Metaspace       used 176923K, committed 179904K, reserved 622592K
  class space    used 22394K, committed 23808K, reserved 425984K
}
Event: 180.431 GC heap after
{Heap after GC invocations=80 (full 0):
 garbage-first heap   total 700416K, used 288495K [0x0000000080000000, 0x0000000100000000)
  region size 1024K, 5 young (5120K), 5 survivors (5120K)
 Metaspace       used 176923K, committed 179904K, reserved 622592K
  class space    used 22394K, committed 23808K, reserved 425984K
}

Dll operation events (15 events):
Event: 0.040 Loaded shared library C:\Users\blajo\.cursor\extensions\redhat.java-1.55.0-win32-x64\jre\21.0.11-win32-x86_64\bin\java.dll
Event: 0.185 Loaded shared library C:\Users\blajo\.cursor\extensions\redhat.java-1.55.0-win32-x64\jre\21.0.11-win32-x86_64\bin\zip.dll
Event: 0.212 Loaded shared library C:\Users\blajo\.cursor\extensions\redhat.java-1.55.0-win32-x64\jre\21.0.11-win32-x86_64\bin\instrument.dll
Event: 0.228 Loaded shared library C:\Users\blajo\.cursor\extensions\redhat.java-1.55.0-win32-x64\jre\21.0.11-win32-x86_64\bin\net.dll
Event: 0.235 Loaded shared library C:\Users\blajo\.cursor\extensions\redhat.java-1.55.0-win32-x64\jre\21.0.11-win32-x86_64\bin\nio.dll
Event: 0.239 Loaded shared library C:\Users\blajo\.cursor\extensions\redhat.java-1.55.0-win32-x64\jre\21.0.11-win32-x86_64\bin\zip.dll
Event: 0.613 Loaded shared library C:\Users\blajo\.cursor\extensions\redhat.java-1.55.0-win32-x64\jre\21.0.11-win32-x86_64\bin\jimage.dll
Event: 0.883 Loaded shared library C:\Users\blajo\.cursor\extensions\redhat.java-1.55.0-win32-x64\jre\21.0.11-win32-x86_64\bin\verify.dll
Event: 0.933 Loaded shared library C:\Users\blajo\.gradle\native\660c5614fbf4a5f2a75b1949f50a0caf5cd603558e7d8a26e50b933a0cfb79d1\windows-amd64\native-platform.dll
Event: 0.954 Loaded shared library C:\Users\blajo\.gradle\native\0.2.8\x86_64-windows-gnu\gradle-fileevents.dll
Event: 2.840 Loaded shared library C:\Users\blajo\.cursor\extensions\redhat.java-1.55.0-win32-x64\jre\21.0.11-win32-x86_64\bin\management.dll
Event: 2.846 Loaded shared library C:\Users\blajo\.cursor\extensions\redhat.java-1.55.0-win32-x64\jre\21.0.11-win32-x86_64\bin\management_ext.dll
Event: 3.027 Loaded shared library C:\Users\blajo\.cursor\extensions\redhat.java-1.55.0-win32-x64\jre\21.0.11-win32-x86_64\bin\extnet.dll
Event: 3.401 Loaded shared library C:\Users\blajo\.cursor\extensions\redhat.java-1.55.0-win32-x64\jre\21.0.11-win32-x86_64\bin\sunmscapi.dll
Event: 68.261 Loaded shared library C:\Users\blajo\.cursor\extensions\redhat.java-1.55.0-win32-x64\jre\21.0.11-win32-x86_64\bin\rmi.dll

Deoptimization events (20 events):
Event: 180.248 Thread 0x00000189fa682190 Uncommon trap: trap_request=0xffffff45 fr.pc=0x00000189e74e97e0 relative=0x00000000000001c0
Event: 180.248 Thread 0x00000189fa682190 Uncommon trap: reason=unstable_if action=reinterpret pc=0x00000189e74e97e0 method=java.lang.String.indexOf(II)I @ 4 c2
Event: 180.248 Thread 0x00000189fa682190 DEOPT PACKING pc=0x00000189e74e97e0 sp=0x0000002596af16b0
Event: 180.248 Thread 0x00000189fa682190 DEOPT UNPACKING pc=0x00000189e6db4422 sp=0x0000002596af15e0 mode 2
Event: 180.250 Thread 0x00000189fa682190 Uncommon trap: trap_request=0xffffffde fr.pc=0x00000189e82f7170 relative=0x00000000000021b0
Event: 180.250 Thread 0x00000189fa682190 Uncommon trap: reason=class_check action=maybe_recompile pc=0x00000189e82f7170 method=org.gradle.internal.logging.sink.OutputEventTransformer.onOutput(Lorg/gradle/internal/logging/events/OutputEvent;)V @ 272 c2
Event: 180.250 Thread 0x00000189fa682190 DEOPT PACKING pc=0x00000189e82f7170 sp=0x0000002596af2520
Event: 180.250 Thread 0x00000189fa682190 DEOPT UNPACKING pc=0x00000189e6db4422 sp=0x0000002596af2508 mode 2
Event: 184.541 Thread 0x00000189b0701a40 Uncommon trap: trap_request=0xffffffde fr.pc=0x00000189e79eda30 relative=0x0000000000000ab0
Event: 184.541 Thread 0x00000189b0701a40 Uncommon trap: reason=class_check action=maybe_recompile pc=0x00000189e79eda30 method=java.util.HashMap.removeNode(ILjava/lang/Object;Ljava/lang/Object;ZZ)Ljava/util/HashMap$Node; @ 68 c2
Event: 184.541 Thread 0x00000189b0701a40 DEOPT PACKING pc=0x00000189e79eda30 sp=0x00000025a44ff5b0
Event: 184.542 Thread 0x00000189b0701a40 DEOPT UNPACKING pc=0x00000189e6db4422 sp=0x00000025a44ff4c8 mode 2
Event: 184.543 Thread 0x00000189b0701a40 Uncommon trap: trap_request=0xffffff45 fr.pc=0x00000189e79ed9dc relative=0x0000000000000a5c
Event: 184.543 Thread 0x00000189b0701a40 Uncommon trap: reason=unstable_if action=reinterpret pc=0x00000189e79ed9dc method=java.util.HashMap.removeNode(ILjava/lang/Object;Ljava/lang/Object;ZZ)Ljava/util/HashMap$Node; @ 133 c2
Event: 184.543 Thread 0x00000189b0701a40 DEOPT PACKING pc=0x00000189e79ed9dc sp=0x00000025a44ff5b0
Event: 184.543 Thread 0x00000189b0701a40 DEOPT UNPACKING pc=0x00000189e6db4422 sp=0x00000025a44ff4c8 mode 2
Event: 187.741 Thread 0x00000189fa682190 Uncommon trap: trap_request=0xffffff76 fr.pc=0x00000189e83f7bf0 relative=0x0000000000000710
Event: 187.741 Thread 0x00000189fa682190 Uncommon trap: reason=predicate action=maybe_recompile pc=0x00000189e83f7bf0 method=java.util.ComparableTimSort.binarySort([Ljava/lang/Object;III)V @ 34 c2
Event: 187.741 Thread 0x00000189fa682190 DEOPT PACKING pc=0x00000189e83f7bf0 sp=0x0000002596af2160
Event: 187.741 Thread 0x00000189fa682190 DEOPT UNPACKING pc=0x00000189e6db4422 sp=0x0000002596af2108 mode 2

Classes loaded (20 events):
Event: 175.122 Loading class java/util/Base64
Event: 175.125 Loading class java/util/Base64 done
Event: 175.125 Loading class java/util/Base64$Decoder
Event: 175.127 Loading class java/util/Base64$Decoder done
Event: 175.127 Loading class java/util/Base64$Encoder
Event: 175.127 Loading class java/util/Base64$Encoder done
Event: 175.135 Loading class java/util/jar/JarVerifier$VerifierStream
Event: 175.143 Loading class java/util/jar/JarVerifier$VerifierStream done
Event: 175.143 Loading class sun/security/util/ManifestEntryVerifier$SunProviderHolder
Event: 175.143 Loading class sun/security/util/ManifestEntryVerifier$SunProviderHolder done
Event: 175.594 Loading class sun/security/util/MemoryCache$QueueCacheEntry
Event: 175.595 Loading class sun/security/util/MemoryCache$QueueCacheEntry done
Event: 175.684 Loading class java/security/KeyStore$ProtectionParameter
Event: 175.685 Loading class java/security/KeyStore$ProtectionParameter done
Event: 176.442 Loading class java/lang/foreign/ValueLayout
Event: 176.443 Loading class java/lang/foreign/MemoryLayout
Event: 176.445 Loading class java/lang/foreign/MemoryLayout done
Event: 176.445 Loading class java/lang/foreign/ValueLayout done
Event: 177.813 Loading class java/security/KeyStore
Event: 177.816 Loading class java/security/KeyStore done

Classes unloaded (20 events):
Event: 181.359 Thread 0x00000189f1b49c30 Unloading class 0x000001898249e400 'java/lang/invoke/LambdaForm$MH+0x000001898249e400'
Event: 181.359 Thread 0x00000189f1b49c30 Unloading class 0x000001898249e000 'java/lang/invoke/LambdaForm$MH+0x000001898249e000'
Event: 181.359 Thread 0x00000189f1b49c30 Unloading class 0x000001898249dc00 'java/lang/invoke/LambdaForm$MH+0x000001898249dc00'
Event: 181.359 Thread 0x00000189f1b49c30 Unloading class 0x000001898249d400 'java/lang/invoke/LambdaForm$MH+0x000001898249d400'
Event: 181.359 Thread 0x00000189f1b49c30 Unloading class 0x000001898249c800 'java/lang/invoke/LambdaForm$MH+0x000001898249c800'
Event: 181.360 Thread 0x00000189f1b49c30 Unloading class 0x000001898249c400 'java/lang/invoke/LambdaForm$MH+0x000001898249c400'
Event: 181.360 Thread 0x00000189f1b49c30 Unloading class 0x000001898249bc00 'java/lang/invoke/LambdaForm$MH+0x000001898249bc00'
Event: 181.360 Thread 0x00000189f1b49c30 Unloading class 0x000001898249b800 'java/lang/invoke/LambdaForm$MH+0x000001898249b800'
Event: 181.360 Thread 0x00000189f1b49c30 Unloading class 0x000001898249b400 'java/lang/invoke/LambdaForm$MH+0x000001898249b400'
Event: 181.360 Thread 0x00000189f1b49c30 Unloading class 0x000001898249ac00 'java/lang/invoke/LambdaForm$MH+0x000001898249ac00'
Event: 181.360 Thread 0x00000189f1b49c30 Unloading class 0x000001898249a800 'java/lang/invoke/LambdaForm$MH+0x000001898249a800'
Event: 181.360 Thread 0x00000189f1b49c30 Unloading class 0x000001898249a400 'java/lang/invoke/LambdaForm$MH+0x000001898249a400'
Event: 181.360 Thread 0x00000189f1b49c30 Unloading class 0x000001898249a000 'java/lang/invoke/LambdaForm$MH+0x000001898249a000'
Event: 181.360 Thread 0x00000189f1b49c30 Unloading class 0x0000018982499c00 'java/lang/invoke/LambdaForm$MH+0x0000018982499c00'
Event: 181.360 Thread 0x00000189f1b49c30 Unloading class 0x0000018982499000 'java/lang/invoke/LambdaForm$MH+0x0000018982499000'
Event: 181.360 Thread 0x00000189f1b49c30 Unloading class 0x0000018982499400 'java/lang/invoke/LambdaForm$MH+0x0000018982499400'
Event: 181.360 Thread 0x00000189f1b49c30 Unloading class 0x0000018982498c00 'java/lang/invoke/LambdaForm$MH+0x0000018982498c00'
Event: 181.360 Thread 0x00000189f1b49c30 Unloading class 0x0000018982498000 'java/lang/invoke/LambdaForm$MH+0x0000018982498000'
Event: 181.360 Thread 0x00000189f1b49c30 Unloading class 0x0000018982498800 'java/lang/invoke/LambdaForm$MH+0x0000018982498800'
Event: 181.360 Thread 0x00000189f1b49c30 Unloading class 0x0000018982484400 'java/lang/invoke/LambdaForm$MH+0x0000018982484400'

Classes redefined (0 events):
No events

Internal exceptions (20 events):
Event: 164.551 Thread 0x00000189fa682190 Exception <a 'java/lang/ClassNotFoundException'{0x000000009f97d320}: org/gradle/api/internal/plugins/DefaultObjectConfigurationActionCustomizer> (0x000000009f97d320) 
thrown [s\src\hotspot\share\classfile\systemDictionary.cpp, line 313]
Event: 164.832 Thread 0x00000189fa682190 Exception <a 'java/lang/ClassNotFoundException'{0x000000009f8859f0}: org/gradle/plugin/software/internal/ProjectFeaturesDynamicObject_DecoratedBeanInfo> (0x000000009f8859f0) 
thrown [s\src\hotspot\share\classfile\systemDictionary.cpp, line 313]
Event: 164.836 Thread 0x00000189fa682190 Exception <a 'java/lang/ClassNotFoundException'{0x000000009f89d340}: org/gradle/plugin/software/internal/ProjectFeaturesDynamicObjectBeanInfo> (0x000000009f89d340) 
thrown [s\src\hotspot\share\classfile\systemDictionary.cpp, line 313]
Event: 164.838 Thread 0x00000189fa682190 Exception <a 'java/lang/ClassNotFoundException'{0x000000009f8b5028}: org/gradle/internal/metaobject/AbstractDynamicObjectBeanInfo> (0x000000009f8b5028) 
thrown [s\src\hotspot\share\classfile\systemDictionary.cpp, line 313]
Event: 164.839 Thread 0x00000189fa682190 Exception <a 'java/lang/ClassNotFoundException'{0x000000009f8cc2b8}: org/gradle/internal/metaobject/AbstractDynamicObjectCustomizer> (0x000000009f8cc2b8) 
thrown [s\src\hotspot\share\classfile\systemDictionary.cpp, line 313]
Event: 164.843 Thread 0x00000189fa682190 Exception <a 'java/lang/ClassNotFoundException'{0x000000009f8f0988}: org/gradle/plugin/software/internal/ProjectFeaturesDynamicObjectCustomizer> (0x000000009f8f0988) 
thrown [s\src\hotspot\share\classfile\systemDictionary.cpp, line 313]
Event: 164.848 Thread 0x00000189fa682190 Exception <a 'java/lang/ClassNotFoundException'{0x000000009f70fff0}: org/gradle/plugin/software/internal/ProjectFeaturesDynamicObject_DecoratedCustomizer> (0x000000009f70fff0) 
thrown [s\src\hotspot\share\classfile\systemDictionary.cpp, line 313]
Event: 165.007 Thread 0x00000189fa682190 Exception <a 'java/lang/ClassNotFoundException'{0x000000009f69e868}: build_bc335gu1xblo692bsqxnez1g3BeanInfo> (0x000000009f69e868) 
thrown [s\src\hotspot\share\classfile\systemDictionary.cpp, line 313]
Event: 165.008 Thread 0x00000189fa682190 Exception <a 'java/lang/ClassNotFoundException'{0x000000009f6aeee0}: build_bc335gu1xblo692bsqxnez1g3Customizer> (0x000000009f6aeee0) 
thrown [s\src\hotspot\share\classfile\systemDictionary.cpp, line 313]
Event: 175.621 Thread 0x00000189fa682190 Implicit null exception at 0x00000189e8466ff4 to 0x00000189e846785e
Event: 176.969 Thread 0x00000189fa682190 Implicit null exception at 0x00000189e84a4247 to 0x00000189e84a5088
Event: 177.085 Thread 0x00000189fa682190 Implicit null exception at 0x00000189e84c2c4c to 0x00000189e84c3afc
Event: 179.596 Thread 0x00000189fa682190 Implicit null exception at 0x00000189e7a468f5 to 0x00000189e7a469d0
Event: 186.170 Thread 0x00000189fa682190 Exception <a 'java/lang/NoSuchMethodError'{0x00000000ff7b15f8}: static Lorg/jetbrains/kotlin/gradle/plugin/internal/DefaultProjectIsolationStartParameterAccessor$Factory;.<clinit>()V> (0x00000000ff7b15f8) 
thrown [s\src\hotspot\share\prims\jni.cpp, line 1111]
Event: 186.225 Thread 0x00000189fa682190 Exception <a 'java/lang/NoSuchMethodError'{0x00000000ff7d5f48}: static Lorg/jetbrains/kotlin/gradle/plugin/internal/DefaultJavaExecTaskParametersCompatibility$Factory;.<clinit>()V> (0x00000000ff7d5f48) 
thrown [s\src\hotspot\share\prims\jni.cpp, line 1111]
Event: 186.254 Thread 0x00000189fa682190 Exception <a 'java/lang/NoSuchMethodError'{0x00000000ff609e70}: static Lorg/jetbrains/kotlin/gradle/plugin/internal/DefaultMavenPublicationComponentAccessorFactory;.<clinit>()V> (0x00000000ff609e70) 
thrown [s\src\hotspot\share\prims\jni.cpp, line 1111]
Event: 186.278 Thread 0x00000189fa682190 Exception <a 'java/lang/NoSuchMethodError'{0x00000000ff63a048}: static Lorg/jetbrains/kotlin/gradle/plugin/internal/DefaultCompatibilityConventionRegistrar$Factory;.<clinit>()V> (0x00000000ff63a048) 
thrown [s\src\hotspot\share\prims\jni.cpp, line 1111]
Event: 186.288 Thread 0x00000189fa682190 Exception <a 'java/lang/NoSuchMethodError'{0x00000000ff65eb70}: static Lorg/jetbrains/kotlin/gradle/plugin/internal/DefaultConfigurationCacheStartParameterAccessorVariantFactory;.<clinit>()V> (0x00000000ff65eb70) 
thrown [s\src\hotspot\share\prims\jni.cpp, line 1111]
Event: 187.501 Thread 0x00000189fa682190 Exception <a 'java/lang/NoSuchMethodError'{0x00000000fef41a70}: static Ljava/lang/Object;.<clinit>()V> (0x00000000fef41a70) 
thrown [s\src\hotspot\share\prims\jni.cpp, line 1111]
Event: 187.754 Thread 0x00000189fa682190 Exception <a 'java/lang/NoSuchMethodError'{0x00000000fef99bf0}: static Lorg/jetbrains/kotlin/gradle/plugin/statistics/MetricContainer;.<clinit>()V> (0x00000000fef99bf0) 
thrown [s\src\hotspot\share\prims\jni.cpp, line 1111]

ZGC Phase Switch (0 events):
No events

VM Operations (20 events):
Event: 177.100 Executing safepoint VM operation: G1CollectForAllocation (G1 Evacuation Pause)
Event: 177.516 Executing safepoint VM operation: G1CollectForAllocation (G1 Evacuation Pause) done
Event: 179.517 Executing safepoint VM operation: Cleanup
Event: 179.518 Executing safepoint VM operation: Cleanup done
Event: 180.302 Executing safepoint VM operation: G1TryInitiateConcMark (G1 Humongous Allocation)
Event: 180.432 Executing safepoint VM operation: G1TryInitiateConcMark (G1 Humongous Allocation) done
Event: 180.434 Executing non-safepoint VM operation: HandshakeAllThreads (HandshakeForDeflation)
Event: 180.503 Executing non-safepoint VM operation: HandshakeAllThreads (HandshakeForDeflation) done
Event: 180.503 Executing non-safepoint VM operation: RendezvousGCThreads
Event: 180.503 Executing non-safepoint VM operation: RendezvousGCThreads done
Event: 181.356 Executing safepoint VM operation: G1PauseRemark
Event: 184.537 Executing safepoint VM operation: G1PauseRemark done
Event: 185.108 Executing safepoint VM operation: G1PauseCleanup
Event: 185.126 Executing safepoint VM operation: G1PauseCleanup done
Event: 186.127 Executing safepoint VM operation: Cleanup
Event: 186.143 Executing safepoint VM operation: Cleanup done
Event: 187.144 Executing safepoint VM operation: Cleanup
Event: 187.153 Executing safepoint VM operation: Cleanup done
Event: 188.154 Executing safepoint VM operation: Cleanup
Event: 188.159 Executing safepoint VM operation: Cleanup done

Memory protections (0 events):
No events

Nmethod flushes (20 events):
Event: 184.267 Thread 0x00000189f1b49c30 flushing  nmethod 0x00000189e2826d90
Event: 184.267 Thread 0x00000189f1b49c30 flushing  nmethod 0x00000189e2828b90
Event: 184.267 Thread 0x00000189f1b49c30 flushing  nmethod 0x00000189e282ae90
Event: 184.267 Thread 0x00000189f1b49c30 flushing  nmethod 0x00000189e282b290
Event: 184.267 Thread 0x00000189f1b49c30 flushing  nmethod 0x00000189e282eb90
Event: 184.267 Thread 0x00000189f1b49c30 flushing  nmethod 0x00000189e282f590
Event: 184.267 Thread 0x00000189f1b49c30 flushing  nmethod 0x00000189e286b690
Event: 184.270 Thread 0x00000189f1b49c30 flushing  nmethod 0x00000189e286c410
Event: 184.270 Thread 0x00000189f1b49c30 flushing  nmethod 0x00000189e286d010
Event: 184.270 Thread 0x00000189f1b49c30 flushing  nmethod 0x00000189e286db90
Event: 184.270 Thread 0x00000189f1b49c30 flushing  nmethod 0x00000189e286e390
Event: 184.270 Thread 0x00000189f1b49c30 flushing  nmethod 0x00000189e286f010
Event: 184.270 Thread 0x00000189f1b49c30 flushing  nmethod 0x00000189e2871290
Event: 184.270 Thread 0x00000189f1b49c30 flushing  nmethod 0x00000189e2871710
Event: 184.270 Thread 0x00000189f1b49c30 flushing  nmethod 0x00000189e3537510
Event: 184.271 Thread 0x00000189f1b49c30 flushing  nmethod 0x00000189e3608290
Event: 184.271 Thread 0x00000189f1b49c30 flushing  nmethod 0x00000189e360a590
Event: 184.274 Thread 0x00000189f1b49c30 flushing  nmethod 0x00000189e360c490
Event: 184.274 Thread 0x00000189f1b49c30 flushing osr nmethod 0x00000189e3898210
Event: 184.274 Thread 0x00000189f1b49c30 flushing  nmethod 0x00000189e389c810

Events (20 events):
Event: 152.085 Thread 0x00000189b20351d0 Thread added: 0x00000189fc8fd9a0
Event: 152.106 Thread 0x00000189f4c9dcf0 Thread added: 0x00000189fbe14a40
Event: 152.158 Thread 0x00000189b06ff970 Thread added: 0x00000189fd58ae70
Event: 158.392 Thread 0x00000189f908fed0 Thread exited: 0x00000189f908fed0
Event: 161.876 Thread 0x00000189f90920e0 Thread exited: 0x00000189f90920e0
Event: 161.877 Thread 0x00000189f908ea60 Thread exited: 0x00000189f908ea60
Event: 161.929 Thread 0x00000189f1b96920 Thread added: 0x00000189f90920e0
Event: 163.415 Thread 0x00000189f90920e0 Thread exited: 0x00000189f90920e0
Event: 163.792 Thread 0x00000189fa682190 Thread added: 0x00000189fadc75d0
Event: 163.966 Thread 0x00000189f1b96920 Thread added: 0x00000189f908f130
Event: 164.921 Thread 0x00000189fa682190 Thread added: 0x00000189fadc82f0
Event: 164.949 Thread 0x00000189fa682190 Thread added: 0x00000189b2d224d0
Event: 165.978 Thread 0x00000189f908f130 Thread exited: 0x00000189f908f130
Event: 175.670 Thread 0x00000189f1b90bf0 Thread added: 0x00000189f90942f0
Event: 177.533 Thread 0x00000189f90942f0 Thread exited: 0x00000189f90942f0
Event: 177.611 Thread 0x00000189b362e0a0 Thread exited: 0x00000189b362e0a0
Event: 177.611 Thread 0x00000189fbe14a40 Thread exited: 0x00000189fbe14a40
Event: 177.612 Thread 0x00000189f4c9b590 Thread exited: 0x00000189f4c9b590
Event: 184.542 Thread 0x00000189afc66e50 Thread exited: 0x00000189afc66e50
Event: 188.103 Thread 0x00000189fa682190 Thread added: 0x00000189b01c5e80


Dynamic libraries:
0x00007ff71b7c0000 - 0x00007ff71b7ce000 	C:\Users\blajo\.cursor\extensions\redhat.java-1.55.0-win32-x64\jre\21.0.11-win32-x86_64\bin\java.exe
0x00007ffeaf1a0000 - 0x00007ffeaf406000 	C:\WINDOWS\SYSTEM32\ntdll.dll
0x00007ffeae6b0000 - 0x00007ffeae779000 	C:\WINDOWS\System32\KERNEL32.DLL
0x00007ffeac470000 - 0x00007ffeac86f000 	C:\WINDOWS\System32\KERNELBASE.dll
0x00007ffea9290000 - 0x00007ffea932f000 	C:\WINDOWS\SYSTEM32\apphelp.dll
0x00007ffeac940000 - 0x00007ffeaca8c000 	C:\WINDOWS\System32\ucrtbase.dll
0x00007ffea0c10000 - 0x00007ffea0c2e000 	C:\Users\blajo\.cursor\extensions\redhat.java-1.55.0-win32-x64\jre\21.0.11-win32-x86_64\bin\VCRUNTIME140.dll
0x00007ffe8e6f0000 - 0x00007ffe8e708000 	C:\Users\blajo\.cursor\extensions\redhat.java-1.55.0-win32-x64\jre\21.0.11-win32-x86_64\bin\jli.dll
0x00007ffead530000 - 0x00007ffead6f6000 	C:\WINDOWS\System32\USER32.dll
0x00007ffeacdf0000 - 0x00007ffeace17000 	C:\WINDOWS\System32\win32u.dll
0x00007ffeaeb80000 - 0x00007ffeaebab000 	C:\WINDOWS\System32\GDI32.dll
0x00007ffeaccc0000 - 0x00007ffeacde9000 	C:\WINDOWS\System32\gdi32full.dll
0x00007ffeace20000 - 0x00007ffeacec3000 	C:\WINDOWS\System32\msvcp_win.dll
0x00007ffe95e70000 - 0x00007ffe96101000 	C:\WINDOWS\WinSxS\amd64_microsoft.windows.common-controls_6595b64144ccf1df_6.0.26100.8972_none_3e0da176e32f9d4b\COMCTL32.dll
0x00007ffeacf00000 - 0x00007ffeacfa9000 	C:\WINDOWS\System32\msvcrt.dll
0x00007ffeae8f0000 - 0x00007ffeae922000 	C:\WINDOWS\System32\IMM32.DLL
0x00007ffe9b020000 - 0x00007ffe9b02c000 	C:\Users\blajo\.cursor\extensions\redhat.java-1.55.0-win32-x64\jre\21.0.11-win32-x86_64\bin\vcruntime140_1.dll
0x00007ffe483d0000 - 0x00007ffe4845d000 	C:\Users\blajo\.cursor\extensions\redhat.java-1.55.0-win32-x64\jre\21.0.11-win32-x86_64\bin\msvcp140.dll
0x00007ffe29ea0000 - 0x00007ffe2ac42000 	C:\Users\blajo\.cursor\extensions\redhat.java-1.55.0-win32-x64\jre\21.0.11-win32-x86_64\bin\server\jvm.dll
0x00007ffead120000 - 0x00007ffead1dc000 	C:\WINDOWS\System32\ADVAPI32.dll
0x00007ffeaea50000 - 0x00007ffeaeafa000 	C:\WINDOWS\System32\sechost.dll
0x00007ffead320000 - 0x00007ffead438000 	C:\WINDOWS\System32\RPCRT4.dll
0x00007ffeae420000 - 0x00007ffeae4a2000 	C:\WINDOWS\System32\WS2_32.dll
0x00007ffeac210000 - 0x00007ffeac26e000 	C:\WINDOWS\SYSTEM32\POWRPROF.dll
0x00007ffea1cc0000 - 0x00007ffea1cf6000 	C:\WINDOWS\SYSTEM32\WINMM.dll
0x00007ffea4a60000 - 0x00007ffea4a6b000 	C:\WINDOWS\SYSTEM32\VERSION.dll
0x00007ffeac1f0000 - 0x00007ffeac205000 	C:\WINDOWS\SYSTEM32\UMPDC.dll
0x00007ffeab060000 - 0x00007ffeab07b000 	C:\WINDOWS\SYSTEM32\kernel.appcore.dll
0x00007ffe95bc0000 - 0x00007ffe95bca000 	C:\Users\blajo\.cursor\extensions\redhat.java-1.55.0-win32-x64\jre\21.0.11-win32-x86_64\bin\jimage.dll
0x00007ffea1a70000 - 0x00007ffea1cb2000 	C:\WINDOWS\SYSTEM32\DBGHELP.DLL
0x00007ffeaebb0000 - 0x00007ffeaef35000 	C:\WINDOWS\System32\combase.dll
0x00007ffead440000 - 0x00007ffead519000 	C:\WINDOWS\System32\OLEAUT32.dll
0x00007ffe919a0000 - 0x00007ffe919db000 	C:\WINDOWS\SYSTEM32\dbgcore.DLL
0x00007ffeac3b0000 - 0x00007ffeac45c000 	C:\WINDOWS\System32\bcryptPrimitives.dll
0x00007ffe91360000 - 0x00007ffe9136f000 	C:\Users\blajo\.cursor\extensions\redhat.java-1.55.0-win32-x64\jre\21.0.11-win32-x86_64\bin\instrument.dll
0x00007ffe82e50000 - 0x00007ffe82e70000 	C:\Users\blajo\.cursor\extensions\redhat.java-1.55.0-win32-x64\jre\21.0.11-win32-x86_64\bin\java.dll
0x00007ffead800000 - 0x00007ffeadf88000 	C:\WINDOWS\System32\SHELL32.dll
0x00007ffea9e40000 - 0x00007ffeaa6db000 	C:\WINDOWS\SYSTEM32\windows.storage.dll
0x00007ffead700000 - 0x00007ffead7f9000 	C:\WINDOWS\System32\SHCORE.dll
0x00007ffead0b0000 - 0x00007ffead116000 	C:\WINDOWS\System32\shlwapi.dll
0x00007ffeac2d0000 - 0x00007ffeac2f9000 	C:\WINDOWS\SYSTEM32\profapi.dll
0x00007ffe81f10000 - 0x00007ffe81f28000 	C:\Users\blajo\.cursor\extensions\redhat.java-1.55.0-win32-x64\jre\21.0.11-win32-x86_64\bin\zip.dll
0x00007ffe8e8d0000 - 0x00007ffe8e8e0000 	C:\Users\blajo\.cursor\extensions\redhat.java-1.55.0-win32-x64\jre\21.0.11-win32-x86_64\bin\net.dll
0x00007ffea41c0000 - 0x00007ffea42e8000 	C:\WINDOWS\SYSTEM32\WINHTTP.dll
0x00007ffeab5f0000 - 0x00007ffeab65c000 	C:\WINDOWS\system32\mswsock.dll
0x00007ffe81e00000 - 0x00007ffe81e16000 	C:\Users\blajo\.cursor\extensions\redhat.java-1.55.0-win32-x64\jre\21.0.11-win32-x86_64\bin\nio.dll
0x00007ffe8e7e0000 - 0x00007ffe8e7f0000 	C:\Users\blajo\.cursor\extensions\redhat.java-1.55.0-win32-x64\jre\21.0.11-win32-x86_64\bin\verify.dll
0x00007ffe81710000 - 0x00007ffe81737000 	C:\Users\blajo\.gradle\native\660c5614fbf4a5f2a75b1949f50a0caf5cd603558e7d8a26e50b933a0cfb79d1\windows-amd64\native-platform.dll
0x00007ffe69c10000 - 0x00007ffe69c87000 	C:\Users\blajo\.gradle\native\0.2.8\x86_64-windows-gnu\gradle-fileevents.dll
0x00007ffe8e450000 - 0x00007ffe8e45a000 	C:\Users\blajo\.cursor\extensions\redhat.java-1.55.0-win32-x64\jre\21.0.11-win32-x86_64\bin\management.dll
0x00007ffe8ddf0000 - 0x00007ffe8ddfc000 	C:\Users\blajo\.cursor\extensions\redhat.java-1.55.0-win32-x64\jre\21.0.11-win32-x86_64\bin\management_ext.dll
0x00007ffeaf150000 - 0x00007ffeaf158000 	C:\WINDOWS\System32\PSAPI.DLL
0x00007ffeaaa10000 - 0x00007ffeaaa43000 	C:\WINDOWS\SYSTEM32\IPHLPAPI.DLL
0x00007ffead520000 - 0x00007ffead52a000 	C:\WINDOWS\System32\NSI.dll
0x00007ffea3c30000 - 0x00007ffea3c39000 	C:\Users\blajo\.cursor\extensions\redhat.java-1.55.0-win32-x64\jre\21.0.11-win32-x86_64\bin\extnet.dll
0x00007ffeaba10000 - 0x00007ffeaba2b000 	C:\WINDOWS\SYSTEM32\CRYPTSP.dll
0x00007ffeaafc0000 - 0x00007ffeaaff9000 	C:\WINDOWS\system32\rsaenh.dll
0x00007ffeab6a0000 - 0x00007ffeab6d2000 	C:\WINDOWS\SYSTEM32\USERENV.dll
0x00007ffeac2a0000 - 0x00007ffeac2ca000 	C:\WINDOWS\SYSTEM32\bcrypt.dll
0x00007ffeab850000 - 0x00007ffeab85c000 	C:\WINDOWS\SYSTEM32\CRYPTBASE.dll
0x00007ffea3c40000 - 0x00007ffea3c4e000 	C:\Users\blajo\.cursor\extensions\redhat.java-1.55.0-win32-x64\jre\21.0.11-win32-x86_64\bin\sunmscapi.dll
0x00007ffeacb30000 - 0x00007ffeaccae000 	C:\WINDOWS\System32\CRYPT32.dll
0x00007ffeabb80000 - 0x00007ffeabbb0000 	C:\WINDOWS\SYSTEM32\ncrypt.dll
0x00007ffeabb30000 - 0x00007ffeabb6f000 	C:\WINDOWS\SYSTEM32\NTASN1.dll
0x00007ffe7b020000 - 0x00007ffe7b028000 	C:\WINDOWS\system32\wshunix.dll
0x00007ffea00a0000 - 0x00007ffea00a7000 	C:\Users\blajo\.cursor\extensions\redhat.java-1.55.0-win32-x64\jre\21.0.11-win32-x86_64\bin\rmi.dll

JVMTI agents:
C:\Users\blajo\.gradle\wrapper\dists\gradle-9.3.1-bin\23ovyewtku6u96viwx3xl3oks\gradle-9.3.1\lib\agents\gradle-instrumentation-agent-9.3.1.jar path:C:\Users\blajo\.cursor\extensions\redhat.java-1.55.0-win32-x64\jre\21.0.11-win32-x86_64\bin\instrument.dll, loaded, initialized, instrumentlib options:none

dbghelp: loaded successfully - version: 4.0.5 - missing functions: none
symbol engine: initialized successfully - sym options: 0x614 - pdb path: .;C:\Users\blajo\.cursor\extensions\redhat.java-1.55.0-win32-x64\jre\21.0.11-win32-x86_64\bin;C:\WINDOWS\SYSTEM32;C:\WINDOWS\WinSxS\amd64_microsoft.windows.common-controls_6595b64144ccf1df_6.0.26100.8972_none_3e0da176e32f9d4b;C:\Users\blajo\.cursor\extensions\redhat.java-1.55.0-win32-x64\jre\21.0.11-win32-x86_64\bin\server;C:\Users\blajo\.gradle\native\660c5614fbf4a5f2a75b1949f50a0caf5cd603558e7d8a26e50b933a0cfb79d1\windows-amd64;C:\Users\blajo\.gradle\native\0.2.8\x86_64-windows-gnu

VM Arguments:
jvm_args: --add-opens=java.base/java.lang=ALL-UNNAMED --add-opens=java.base/java.lang.invoke=ALL-UNNAMED --add-opens=java.base/java.util=ALL-UNNAMED --add-opens=java.prefs/java.util.prefs=ALL-UNNAMED --add-exports=jdk.compiler/com.sun.tools.javac.api=ALL-UNNAMED --add-exports=jdk.compiler/com.sun.tools.javac.util=ALL-UNNAMED --add-opens=java.base/java.util=ALL-UNNAMED --add-opens=java.prefs/java.util.prefs=ALL-UNNAMED --add-opens=java.base/java.nio.charset=ALL-UNNAMED --add-opens=java.base/java.net=ALL-UNNAMED --add-opens=java.base/java.util.concurrent=ALL-UNNAMED --add-opens=java.base/java.util.concurrent.atomic=ALL-UNNAMED --add-opens=java.xml/javax.xml.namespace=ALL-UNNAMED --add-opens=java.base/java.time=ALL-UNNAMED -XX:MaxMetaspaceSize=512m -Xmx2048m -Dfile.encoding=UTF-8 -Duser.country=US -Duser.language=en -Duser.variant -javaagent:C:\Users\blajo\.gradle\wrapper\dists\gradle-9.3.1-bin\23ovyewtku6u96viwx3xl3oks\gradle-9.3.1\lib\agents\gradle-instrumentation-agent-9.3.1.jar 
java_command: org.gradle.launcher.daemon.bootstrap.GradleDaemon 9.3.1
java_class_path (initial): C:\Users\blajo\.gradle\wrapper\dists\gradle-9.3.1-bin\23ovyewtku6u96viwx3xl3oks\gradle-9.3.1\lib\gradle-daemon-main-9.3.1.jar
Launcher Type: SUN_STANDARD

[Global flags]
     intx CICompilerCount                          = 12                                        {product} {ergonomic}
   size_t CompressedClassSpaceSize                 = 436207616                                 {product} {ergonomic}
     uint ConcGCThreads                            = 3                                         {product} {ergonomic}
     uint G1ConcRefinementThreads                  = 13                                        {product} {ergonomic}
   size_t G1HeapRegionSize                         = 1048576                                   {product} {ergonomic}
    uintx GCDrainStackTargetSize                   = 64                                        {product} {ergonomic}
   size_t InitialHeapSize                          = 98566144                                  {product} {ergonomic}
   size_t MarkStackSize                            = 4194304                                   {product} {ergonomic}
   size_t MaxHeapSize                              = 2147483648                                {product} {command line}
   size_t MaxMetaspaceSize                         = 536870912                                 {product} {command line}
   size_t MaxNewSize                               = 1287651328                                {product} {ergonomic}
   size_t MinHeapDeltaBytes                        = 1048576                                   {product} {ergonomic}
   size_t MinHeapSize                              = 8388608                                   {product} {ergonomic}
    uintx NonNMethodCodeHeapSize                   = 7602480                                {pd product} {ergonomic}
    uintx NonProfiledCodeHeapSize                  = 122027880                              {pd product} {ergonomic}
    uintx ProfiledCodeHeapSize                     = 122027880                              {pd product} {ergonomic}
    uintx ReservedCodeCacheSize                    = 251658240                              {pd product} {ergonomic}
     bool SegmentedCodeCache                       = true                                      {product} {ergonomic}
   size_t SoftMaxHeapSize                          = 2147483648                             {manageable} {ergonomic}
     bool UseCompressedOops                        = true                           {product lp64_product} {ergonomic}
     bool UseG1GC                                  = true                                      {product} {ergonomic}
     bool UseLargePagesIndividualAllocation        = false                                  {pd product} {ergonomic}

Logging:
Log output configuration:
 #0: stdout all=warning uptime,level,tags foldmultilines=false
 #1: stderr all=off uptime,level,tags foldmultilines=false

Release file:
JAVA_VERSION="21.0.11" 
MODULES="java.base java.compiler java.datatransfer java.xml java.prefs java.desktop java.instrument java.logging java.management java.security.sasl java.naming java.rmi java.management.rmi java.net.http java.scripting java.security.jgss java.transaction.xa java.sql java.sql.rowset java.xml.crypto java.se java.smartcardio jdk.accessibility jdk.internal.jvmstat jdk.attach jdk.charsets jdk.internal.opt jdk.zipfs jdk.compiler jdk.crypto.ec jdk.crypto.cryptoki jdk.crypto.mscapi jdk.dynalink jdk.internal.ed jdk.editpad jdk.hotspot.agent jdk.httpserver jdk.internal.le jdk.internal.vm.ci jdk.internal.vm.compiler jdk.internal.vm.compiler.management jdk.jartool jdk.javadoc jdk.jcmd jdk.management jdk.management.agent jdk.jconsole jdk.jdeps jdk.jdwp.agent jdk.jdi jdk.jfr jdk.jshell jdk.jsobject jdk.jstatd jdk.localedata jdk.management.jfr jdk.naming.dns jdk.naming.rmi jdk.net jdk.nio.mapmode jdk.random jdk.sctp jdk.security.auth jdk.security.jgss jdk.unsupported jdk.unsupported.desktop jdk.xml.dom" 

Environment Variables:
JAVA_HOME=C:\Program Files\Java\jdk-17
PATH=C:\Program Files\Common Files\Oracle\Java\javapath;C:\WINDOWS\system32;C:\WINDOWS;C:\WINDOWS\System32\Wbem;C:\WINDOWS\System32\WindowsPowerShell\v1.0\;C:\WINDOWS\System32\OpenSSH\;C:\Program Files\Java\jdk-17\bin;C:\Program Files\apache-maven-3.9.14-bin\apache-maven-3.9.14\bin;C:\Program Files\Git\cmd;C:\Program Files\nodejs\;C:\Program Files\Docker\Docker\resources\bin;C:\Program Files\GitHub CLI\;C:\Users\blajo\.cargo\bin;C:\Program Files\Common Files\Oracle\Java\javapath;C:\WINDOWS\system32;C:\WINDOWS;C:\WINDOWS\System32\Wbem;C:\WINDOWS\System32\WindowsPowerShell\v1.0\;C:\WINDOWS\System32\OpenSSH\;C:\Program Files\Java\jdk-17\bin;C:\Program Files\apache-maven-3.9.14-bin\apache-maven-3.9.14\bin;C:\Program Files\Git\cmd;C:\Program Files\nodejs\;C:\Program Files\Docker\Docker\resources\bin;C:\Users\blajo\AppData\Local\Microsoft\WindowsApps;C:\Users\blajo\AppData\Local\Python\bin;C:\Program Files\JetBrains\IntelliJ IDEA 2026.1.3\bin;C:\Users\blajo\.local\bin;C:\Users\blajo\AppData\Roaming\npm;C:\Users\blajo\AppData\Local\Programs\Ollama;C:\Program Files\R\R-4.6.1\bin;C:\Users\blajo\AppData\Local\Python\pythoncore-3.14-64\Scripts;C:\Users\blajo\AppData\Local\Programs\cursor\resources\app\bin
USERNAME=blajo
OS=Windows_NT
PROCESSOR_IDENTIFIER=AMD64 Family 25 Model 80 Stepping 0, AuthenticAMD
TMP=C:\Users\blajo\AppData\Local\Temp
TEMP=C:\Users\blajo\AppData\Local\Temp




Periodic native trim disabled

---------------  S Y S T E M  ---------------

OS:
 Windows 11 , 64 bit Build 26100 (10.0.26100.9168)
OS uptime: 1 days 15:40 hours
Hyper-V role detected

CPU: total 16 (initial active 16) (16 cores per cpu, 2 threads per core) family 25 model 80 stepping 0 microcode 0xa50000f, cx8, cmov, fxsr, ht, mmx, 3dnowpref, sse, sse2, sse3, ssse3, sse4a, sse4.1, sse4.2, popcnt, lzcnt, tsc, tscinvbit, avx, avx2, aes, erms, clmul, bmi1, bmi2, adx, sha, fma, vzeroupper, clflush, clflushopt, hv, rdtscp, rdpid, fsrm, f16c, cet_ss
Processor Information for the first 16 processors :
  Max Mhz: 2000, Current Mhz: 2000, Mhz Limit: 2000

Memory: 4k page, system-wide physical 5981M (987M free)
TotalPageFile size 24413M (AvailPageFile size 60M)
current process WorkingSet (physical memory assigned to process): 377M, peak: 856M
current process commit charge ("private bytes"): 1253M, peak: 1253M

vm_info: OpenJDK 64-Bit Server VM (21.0.11+10-LTS) for windows-amd64 JRE (21.0.11+10-LTS), built on 2026-04-21T00:00:00Z by "admin" with MS VC++ 17.12 (VS2022)

END.
